zona,campania,clase,lon,lat,fila,col,bloque,set
pergamino,2024-25,0,-60.700556,-33.885036,1280,899,600004,entrenamiento
pergamino,2024-25,0,-60.676302,-33.679682,518,989,200004,entrenamiento
pergamino,2024-25,0,-60.563383,-33.933545,1460,1408,700007,entrenamiento
pergamino,2024-25,0,-60.593567,-33.731155,709,1296,300006,entrenamiento
pergamino,2024-25,0,-60.744753,-33.935432,1467,735,700003,entrenamiento
pergamino,2024-25,0,-60.30386,-33.818202,1032,2371,500011,entrenamiento
pergamino,2024-25,0,-60.789489,-33.854584,1167,569,500002,entrenamiento
pergamino,2024-25,0,-60.608928,-33.912794,1383,1239,600006,entrenamiento
pergamino,2024-25,0,-60.718882,-33.615542,280,831,100004,entrenamiento
pergamino,2024-25,0,-60.481457,-33.695851,578,1712,200008,entrenamiento
pergamino,2024-25,0,-60.726967,-33.644647,388,801,100004,entrenamiento
pergamino,2024-25,0,-60.560149,-33.661086,449,1420,200007,entrenamiento
pergamino,2024-25,0,-60.436182,-33.838953,1109,1880,500009,entrenamiento
pergamino,2024-25,0,-60.711605,-33.79233,936,858,400004,entrenamiento
pergamino,2024-25,0,-60.244302,-33.827095,1065,2592,500012,entrenamiento
pergamino,2024-25,0,-60.563383,-33.87237,1233,1408,600007,entrenamiento
pergamino,2024-25,0,-60.85309,-33.549516,35,333,1,entrenamiento
pergamino,2024-25,0,-60.521612,-33.875874,1246,1563,600007,entrenamiento
pergamino,2024-25,0,-60.595723,-33.863477,1200,1288,600006,entrenamiento
pergamino,2024-25,0,-60.81563,-33.588323,179,472,2,entrenamiento
pergamino,2024-25,0,-60.785716,-33.84596,1135,583,500002,entrenamiento
pergamino,2024-25,0,-60.517839,-34.033797,1832,1577,900007,entrenamiento
pergamino,2024-25,0,-60.713492,-33.911177,1377,851,600004,entrenamiento
pergamino,2024-25,0,-60.356142,-33.867789,1216,2177,600010,entrenamiento
pergamino,2024-25,0,-60.785447,-33.93112,1451,584,700002,entrenamiento
pergamino,2024-25,0,-60.451813,-33.99526,1689,1822,800009,entrenamiento
pergamino,2024-25,0,-60.246727,-33.730886,708,2583,300012,entrenamiento
pergamino,2024-25,0,-60.242685,-33.692887,567,2598,200012,entrenamiento
pergamino,2024-25,0,-60.468252,-33.94163,1490,1761,700008,entrenamiento
pergamino,2024-25,0,-60.376624,-33.914681,1390,2101,600010,entrenamiento
pergamino,2024-25,0,-60.747179,-33.929773,1446,726,700003,entrenamiento
pergamino,2024-25,0,-60.859288,-33.729808,704,310,300001,entrenamiento
pergamino,2024-25,0,-60.814013,-33.942439,1493,478,700002,entrenamiento
pergamino,2024-25,0,-60.546405,-33.917106,1399,1471,600007,entrenamiento
pergamino,2024-25,0,-60.844466,-33.635215,353,365,100001,entrenamiento
pergamino,2024-25,0,-60.369078,-33.929503,1445,2129,700010,entrenamiento
pergamino,2024-25,0,-60.292272,-33.816854,1027,2414,500012,entrenamiento
pergamino,2024-25,0,-60.582518,-33.929773,1446,1337,700006,entrenamiento
pergamino,2024-25,0,-60.565809,-33.738701,737,1399,300006,entrenamiento
pergamino,2024-25,0,-60.224898,-33.681029,523,2664,200013,entrenamiento
pergamino,2024-25,0,-60.891628,-33.817393,1029,190,500000,entrenamiento
pergamino,2024-25,0,-60.515952,-33.659469,443,1584,200007,entrenamiento
pergamino,2024-25,0,-60.374737,-33.784245,906,2108,400010,entrenamiento
pergamino,2024-25,0,-60.803234,-33.833563,1089,518,500002,entrenamiento
pergamino,2024-25,0,-60.5491,-33.71229,639,1461,300007,entrenamiento
pergamino,2024-25,0,-60.55449,-33.722801,678,1441,300007,entrenamiento
pergamino,2024-25,0,-60.835842,-33.558948,70,397,1,entrenamiento
pergamino,2024-25,0,-60.405999,-33.855662,1171,1992,500009,entrenamiento
pergamino,2024-25,0,-60.284995,-33.922496,1419,2441,700012,entrenamiento
pergamino,2024-25,0,-60.599765,-33.927617,1438,1273,700006,entrenamiento
pergamino,2024-25,0,-60.60246,-33.919262,1407,1263,700006,entrenamiento
pergamino,2024-25,0,-60.832069,-33.561912,81,411,2,entrenamiento
pergamino,2024-25,0,-60.756611,-33.943786,1498,691,700003,entrenamiento
pergamino,2024-25,0,-60.404651,-33.848385,1144,1997,500009,entrenamiento
pergamino,2024-25,0,-60.532392,-33.698816,589,1523,200007,entrenamiento
pergamino,2024-25,0,-60.297123,-33.831138,1080,2396,500011,entrenamiento
pergamino,2024-25,0,-60.730201,-33.907674,1364,789,600003,entrenamiento
pergamino,2024-25,0,-60.511371,-33.869406,1222,1601,600008,entrenamiento
pergamino,2024-25,0,-60.834495,-33.55275,47,402,2,entrenamiento
pergamino,2024-25,0,-60.560149,-33.945403,1504,1420,700007,entrenamiento
pergamino,2024-25,0,-60.49601,-33.648151,401,1658,200008,entrenamiento
pergamino,2024-25,0,-60.70891,-33.878299,1255,868,600004,entrenamiento
pergamino,2024-25,0,-60.585212,-33.757565,807,1327,400006,entrenamiento
pergamino,2024-25,0,-60.524037,-33.660817,448,1554,200007,entrenamiento
pergamino,2024-25,0,-60.709719,-33.937588,1475,865,700004,entrenamiento
pergamino,2024-25,0,-60.515683,-33.64842,402,1585,200007,entrenamiento
pergamino,2024-25,0,-60.518378,-34.026791,1806,1575,900007,entrenamiento
pergamino,2024-25,0,-60.817786,-33.738701,737,464,300002,entrenamiento
pergamino,2024-25,0,-60.217891,-33.761338,821,2690,400013,entrenamiento
pergamino,2024-25,0,-60.724811,-33.977204,1622,809,800004,entrenamiento
pergamino,2024-25,0,-60.563114,-33.660008,445,1409,200007,entrenamiento
pergamino,2024-25,0,-60.707024,-33.944325,1500,875,700004,entrenamiento
pergamino,2024-25,0,-60.233522,-33.761608,822,2632,400013,entrenamiento
pergamino,2024-25,0,-60.886507,-33.562451,83,209,1,entrenamiento
pergamino,2024-25,0,-60.6507,-33.674292,498,1084,200005,entrenamiento
pergamino,2024-25,0,-60.778171,-33.933815,1461,611,700003,entrenamiento
pergamino,2024-25,0,-60.581979,-33.981246,1637,1339,800006,entrenamiento
pergamino,2024-25,0,-60.328923,-33.818202,1032,2278,500011,entrenamiento
pergamino,2024-25,0,-60.273138,-33.969658,1594,2485,700012,entrenamiento
pergamino,2024-25,0,-60.6666,-33.696929,582,1025,200005,entrenamiento
pergamino,2024-25,0,-60.729123,-33.914142,1388,793,600003,entrenamiento
pergamino,2024-25,0,-60.555568,-34.021131,1785,1437,800007,entrenamiento
pergamino,2024-25,0,-60.404921,-33.998763,1702,1996,800009,entrenamiento
pergamino,2024-25,0,-60.530775,-33.731155,709,1529,300007,entrenamiento
pergamino,2024-25,0,-60.534817,-33.722531,677,1514,300007,entrenamiento
pergamino,2024-25,0,-60.721038,-33.863746,1201,823,600004,entrenamiento
pergamino,2024-25,0,-60.773589,-33.592096,193,628,3,entrenamiento
pergamino,2024-25,0,-60.560419,-33.997685,1698,1419,800007,entrenamiento
pergamino,2024-25,0,-60.830183,-33.628478,328,418,100002,entrenamiento
pergamino,2024-25,0,-60.575241,-33.921418,1415,1364,700006,entrenamiento
pergamino,2024-25,0,-60.544788,-33.955375,1541,1477,700007,entrenamiento
pergamino,2024-25,0,-60.796766,-33.836258,1099,542,500002,entrenamiento
pergamino,2024-25,0,-60.835303,-33.625783,318,399,100001,entrenamiento
pergamino,2024-25,0,-60.760114,-33.965346,1578,678,700003,entrenamiento
pergamino,2024-25,0,-60.820751,-33.847577,1141,453,500002,entrenamiento
pergamino,2024-25,0,-60.405999,-33.855931,1172,1992,500009,entrenamiento
pergamino,2024-25,0,-60.609197,-33.992026,1677,1238,800006,entrenamiento
pergamino,2024-25,0,-60.707024,-33.588592,180,875,4,entrenamiento
pergamino,2024-25,0,-60.285534,-33.866711,1212,2439,600012,entrenamiento
pergamino,2024-25,0,-60.219239,-33.673483,495,2685,200013,entrenamiento
pergamino,2024-25,0,-60.274216,-33.945403,1504,2481,700012,entrenamiento
pergamino,2024-25,0,-60.638842,-33.694504,573,1128,200005,entrenamiento
pergamino,2024-25,0,-60.55449,-33.717411,658,1441,300007,entrenamiento
pergamino,2024-25,0,-60.820481,-33.622549,306,454,100002,entrenamiento
pergamino,2024-25,0,-60.260202,-33.996607,1694,2533,800012,entrenamiento
pergamino,2024-25,0,-60.637494,-33.695582,577,1133,200005,entrenamiento
pergamino,2024-25,0,-60.749604,-33.90956,1371,717,600003,entrenamiento
pergamino,2024-25,0,-60.67172,-33.701241,598,1006,200005,entrenamiento
pergamino,2024-25,0,-60.721846,-33.900398,1337,820,600004,entrenamiento
pergamino,2024-25,0,-60.606233,-33.991756,1676,1249,800006,entrenamiento
pergamino,2024-25,0,-60.331888,-33.683185,531,2267,200011,entrenamiento
pergamino,2024-25,0,-60.380127,-33.761338,821,2088,400010,entrenamiento
pergamino,2024-25,0,-60.480649,-33.711482,636,1715,300008,entrenamiento
pergamino,2024-25,0,-60.729662,-33.90956,1371,791,600003,entrenamiento
pergamino,2024-25,0,-60.85336,-33.555714,58,332,1,entrenamiento
pergamino,2024-25,0,-60.825602,-33.560295,75,435,2,entrenamiento
pergamino,2024-25,0,-60.23972,-33.765111,835,2609,400013,entrenamiento
pergamino,2024-25,0,-60.556916,-33.942169,1492,1432,700007,entrenamiento
pergamino,2024-25,0,-60.781405,-33.591018,189,599,2,entrenamiento
pergamino,2024-25,0,-60.555299,-33.826556,1063,1438,500007,entrenamiento
pergamino,2024-25,0,-60.360184,-33.812003,1009,2162,500010,entrenamiento
pergamino,2024-25,0,-60.525115,-33.900128,1336,1550,600007,entrenamiento
pergamino,2024-25,0,-60.777632,-33.587514,176,613,3,entrenamiento
pergamino,2024-25,0,-60.589794,-33.870484,1226,1310,600006,entrenamiento
pergamino,2024-25,0,-60.824254,-33.631981,341,440,100002,entrenamiento
pergamino,2024-25,0,-60.657706,-33.682376,528,1058,200005,entrenamiento
pergamino,2024-25,0,-60.246997,-33.692887,567,2582,200012,entrenamiento
pergamino,2024-25,0,-60.802156,-33.562721,84,522,2,entrenamiento
pergamino,2024-25,0,-60.567156,-33.94702,1510,1394,700006,entrenamiento
pergamino,2024-25,0,-60.269904,-33.904979,1354,2497,600012,entrenamiento
pergamino,2024-25,0,-60.561227,-33.672136,490,1416,200007,entrenamiento
pergamino,2024-25,0,-60.362879,-33.810117,1002,2152,500010,entrenamiento
pergamino,2024-25,0,-60.279336,-34.004692,1724,2462,800012,entrenamiento
pergamino,2024-25,0,-60.424594,-33.720375,669,1923,300009,entrenamiento
pergamino,2024-25,0,-60.631835,-33.88315,1273,1154,600005,entrenamiento
pergamino,2024-25,0,-60.699209,-33.883419,1274,904,600004,entrenamiento
pergamino,2024-25,0,-60.413005,-33.668363,476,1966,200009,entrenamiento
pergamino,2024-25,0,-60.426211,-33.644917,389,1917,100009,entrenamiento
pergamino,2024-25,0,-60.746101,-33.926269,1433,730,700003,entrenamiento
pergamino,2024-25,0,-60.476337,-33.709595,629,1731,300008,entrenamiento
pergamino,2024-25,0,-60.637764,-34.006039,1729,1132,800005,entrenamiento
pergamino,2024-25,0,-60.751221,-33.910908,1376,711,600003,entrenamiento
pergamino,2024-25,0,-60.800539,-33.814429,1018,528,500002,entrenamiento
pergamino,2024-25,0,-60.715378,-33.932737,1457,844,700004,entrenamiento
pergamino,2024-25,0,-60.698131,-33.916567,1397,908,600004,entrenamiento
pergamino,2024-25,0,-60.609467,-33.910099,1373,1237,600006,entrenamiento
pergamino,2024-25,0,-60.556916,-33.984749,1650,1432,800007,entrenamiento
pergamino,2024-25,0,-60.538859,-33.666746,470,1499,200007,entrenamiento
pergamino,2024-25,0,-60.531314,-33.954566,1538,1527,700007,entrenamiento
pergamino,2024-25,0,-60.789489,-33.7767,878,569,400002,entrenamiento
pergamino,2024-25,0,-60.587638,-33.757296,806,1318,400006,entrenamiento
pergamino,2024-25,0,-60.827219,-33.807152,991,429,400002,entrenamiento
pergamino,2024-25,0,-60.409771,-34.030025,1818,1978,900009,entrenamiento
pergamino,2024-25,0,-60.441841,-34.06452,1946,1859,900009,entrenamiento
pergamino,2024-25,0,-60.700556,-33.599103,219,899,100004,entrenamiento
pergamino,2024-25,0,-60.561227,-33.668363,476,1416,200007,entrenamiento
pergamino,2024-25,0,-60.518647,-33.863746,1201,1574,600007,entrenamiento
pergamino,2024-25,0,-60.686542,-33.932198,1455,951,700004,entrenamiento
pergamino,2024-25,0,-60.494932,-33.903901,1350,1662,600008,entrenamiento
pergamino,2024-25,0,-60.473642,-33.656775,433,1741,200008,entrenamiento
pergamino,2024-25,0,-60.516491,-33.97909,1629,1582,800007,entrenamiento
pergamino,2024-25,0,-60.689507,-33.895547,1319,940,600004,entrenamiento
pergamino,2024-25,0,-60.252926,-33.69127,561,2560,200012,entrenamiento
pergamino,2024-25,0,-60.481457,-33.708787,626,1712,300008,entrenamiento
pergamino,2024-25,0,-60.51191,-33.647881,400,1599,200007,entrenamiento
pergamino,2024-25,0,-60.551795,-33.935162,1466,1451,700007,entrenamiento
pergamino,2024-25,0,-60.642884,-33.673753,496,1113,200005,entrenamiento
pergamino,2024-25,0,-60.487925,-33.72846,699,1688,300008,entrenamiento
pergamino,2024-25,0,-60.219239,-33.786671,915,2685,400013,entrenamiento
pergamino,2024-25,0,-60.416778,-34.028138,1811,1952,900009,entrenamiento
pergamino,2024-25,0,-60.486847,-34.146716,2251,1692,1100008,entrenamiento
pergamino,2024-25,0,-60.674685,-33.605032,241,995,100004,entrenamiento
pergamino,2024-25,0,-60.408424,-33.869945,1224,1983,600009,entrenamiento
pergamino,2024-25,0,-60.462323,-33.75541,799,1783,300008,entrenamiento
pergamino,2024-25,0,-60.581709,-34.079881,2003,1340,1000006,entrenamiento
pergamino,2024-25,0,-60.529966,-33.965615,1579,1532,700007,entrenamiento
pergamino,2024-25,0,-60.535086,-33.730347,706,1513,300007,entrenamiento
pergamino,2024-25,0,-60.641267,-33.913872,1387,1119,600005,entrenamiento
pergamino,2024-25,0,-60.827219,-33.838683,1108,429,500002,entrenamiento
pergamino,2024-25,0,-60.655012,-33.950793,1524,1068,700005,entrenamiento
pergamino,2024-25,0,-60.600035,-33.735197,724,1272,300006,entrenamiento
pergamino,2024-25,0,-60.466635,-33.739509,740,1767,300008,entrenamiento
pergamino,2024-25,0,-60.658784,-33.769693,852,1054,400005,entrenamiento
pergamino,2024-25,0,-60.613509,-34.049159,1889,1222,900006,entrenamiento
pergamino,2024-25,0,-60.586829,-33.884497,1278,1321,600006,entrenamiento
pergamino,2024-25,0,-60.583056,-33.873448,1237,1335,600006,entrenamiento
pergamino,2024-25,0,-60.502478,-33.933006,1458,1634,700008,entrenamiento
pergamino,2024-25,0,-60.564461,-33.734658,722,1404,300007,entrenamiento
pergamino,2024-25,0,-60.544249,-33.654349,424,1479,200007,entrenamiento
pergamino,2024-25,0,-60.870068,-33.736006,727,270,300001,entrenamiento
pergamino,2024-25,0,-60.449118,-33.892313,1307,1832,600009,entrenamiento
pergamino,2024-25,0,-60.643962,-33.889079,1295,1109,600005,entrenamiento
pergamino,2024-25,0,-60.537242,-33.870484,1226,1505,600007,entrenamiento
pergamino,2024-25,0,-60.842041,-33.563529,87,374,1,entrenamiento
pergamino,2024-25,0,-60.27718,-33.881802,1268,2470,600012,entrenamiento
pergamino,2024-25,0,-60.524846,-33.660817,448,1551,200007,entrenamiento
pergamino,2024-25,0,-60.807276,-33.558678,69,503,2,entrenamiento
pergamino,2024-25,0,-60.830722,-33.617698,288,416,100002,entrenamiento
pergamino,2024-25,0,-60.682769,-33.588592,180,965,4,entrenamiento
pergamino,2024-25,0,-60.615126,-33.752176,787,1216,300006,entrenamiento
pergamino,2024-25,0,-60.807545,-33.76026,817,502,400002,entrenamiento
pergamino,2024-25,0,-60.696244,-33.923035,1421,915,700004,entrenamiento
pergamino,2024-25,0,-60.411658,-34.028138,1811,1971,900009,entrenamiento
pergamino,2024-25,0,-60.368269,-33.790444,929,2132,400010,entrenamiento
pergamino,2024-25,0,-60.435912,-33.689653,555,1881,200009,entrenamiento
pergamino,2024-25,0,-60.273407,-33.97936,1630,2484,800012,entrenamiento
pergamino,2024-25,0,-60.712414,-33.619315,294,855,100004,entrenamiento
pergamino,2024-25,0,-60.58629,-33.934893,1465,1323,700006,entrenamiento
pergamino,2024-25,0,-60.580092,-34.113837,2129,1346,1000006,entrenamiento
pergamino,2024-25,0,-60.519186,-34.033258,1830,1572,900007,entrenamiento
pergamino,2024-25,0,-60.413544,-33.850002,1150,1964,500009,entrenamiento
pergamino,2024-25,0,-60.545597,-33.921149,1414,1474,700007,entrenamiento
pergamino,2024-25,0,-60.791645,-33.834371,1092,561,500002,entrenamiento
pergamino,2024-25,0,-60.587368,-33.876143,1247,1319,600006,entrenamiento
pergamino,2024-25,0,-60.349674,-33.820897,1042,2201,500011,entrenamiento
pergamino,2024-25,0,-60.2664,-34.005231,1726,2510,800012,entrenamiento
pergamino,2024-25,0,-60.812666,-33.783167,902,483,400002,entrenamiento
pergamino,2024-25,0,-60.351022,-33.695043,575,2196,200010,entrenamiento
pergamino,2024-25,0,-60.877614,-33.883958,1276,242,600001,entrenamiento
pergamino,2024-25,0,-60.77332,-33.873718,1238,629,600003,entrenamiento
pergamino,2024-25,0,-60.476067,-33.693965,571,1732,200008,entrenamiento
pergamino,2024-25,0,-60.438068,-33.985019,1651,1873,800009,entrenamiento
pergamino,2024-25,0,-60.486038,-33.715524,651,1695,300008,entrenamiento
pergamino,2024-25,0,-60.630218,-33.671866,489,1160,200005,entrenamiento
pergamino,2024-25,0,-60.309789,-33.810656,1004,2349,500011,entrenamiento
pergamino,2024-25,0,-60.801347,-33.565685,95,525,2,entrenamiento
pergamino,2024-25,0,-60.473911,-33.657852,437,1740,200008,entrenamiento
pergamino,2024-25,0,-60.285534,-33.916567,1397,2439,600012,entrenamiento
pergamino,2024-25,0,-60.787603,-33.580238,149,576,2,entrenamiento
pergamino,2024-25,0,-60.562305,-33.652193,416,1412,200007,entrenamiento
pergamino,2024-25,0,-60.795418,-33.924652,1427,547,700002,entrenamiento
pergamino,2024-25,0,-60.576319,-33.959417,1556,1360,700006,entrenamiento
pergamino,2024-25,0,-60.556377,-33.859165,1184,1434,500007,entrenamiento
pergamino,2024-25,0,-60.555029,-33.732233,713,1439,300007,entrenamiento
pergamino,2024-25,0,-60.648005,-33.670519,484,1094,200005,entrenamiento
pergamino,2024-25,0,-60.807545,-33.832215,1084,502,500002,entrenamiento
pergamino,2024-25,0,-60.284726,-33.705553,614,2442,300012,entrenamiento
pergamino,2024-25,0,-60.588985,-33.978012,1625,1313,800006,entrenamiento
pergamino,2024-25,0,-60.902947,-33.824939,1057,148,500000,entrenamiento
pergamino,2024-25,0,-60.491967,-33.651654,414,1673,200008,entrenamiento
pergamino,2024-25,0,-60.530775,-33.719567,666,1529,300007,entrenamiento
pergamino,2024-25,0,-60.912379,-33.830868,1079,113,500000,entrenamiento
pergamino,2024-25,0,-60.387403,-33.925191,1429,2061,700010,entrenamiento
pergamino,2024-25,0,-60.661749,-33.887192,1288,1043,600005,entrenamiento
pergamino,2024-25,0,-60.815091,-33.725226,687,474,300002,entrenamiento
pergamino,2024-25,0,-60.515144,-34.134858,2207,1587,1100007,entrenamiento
pergamino,2024-25,0,-60.653664,-33.805536,985,1073,400005,entrenamiento
pergamino,2024-25,0,-60.427289,-33.646264,394,1913,100009,entrenamiento
pergamino,2024-25,0,-60.736129,-33.894199,1314,767,600003,entrenamiento
pergamino,2024-25,0,-60.61863,-34.003884,1721,1203,800006,entrenamiento
pergamino,2024-25,0,-60.671181,-34.003345,1719,1008,800005,entrenamiento
pergamino,2024-25,0,-60.48011,-33.961303,1563,1717,700008,entrenamiento
pergamino,2024-25,0,-60.896209,-33.874796,1242,173,600000,entrenamiento
pergamino,2024-25,0,-60.587638,-33.758374,810,1318,400006,entrenamiento
pergamino,2024-25,0,-60.817247,-33.640335,372,466,100002,entrenamiento
pergamino,2024-25,0,-60.442919,-33.741396,747,1855,300009,entrenamiento
pergamino,2024-25,0,-60.675224,-33.879647,1260,993,600004,entrenamiento
pergamino,2024-25,0,-60.523768,-34.132971,2200,1555,1100007,entrenamiento
pergamino,2024-25,0,-60.780327,-33.914411,1389,603,600003,entrenamiento
pergamino,2024-25,0,-60.669834,-33.895547,1319,1013,600005,entrenamiento
pergamino,2024-25,0,-60.505173,-33.655697,429,1624,200008,entrenamiento
pergamino,2024-25,0,-60.422438,-33.863207,1199,1931,500009,entrenamiento
pergamino,2024-25,0,-60.478493,-33.716333,654,1723,300008,entrenamiento
pergamino,2024-25,0,-60.353447,-33.692078,564,2187,200010,entrenamiento
pergamino,2024-25,0,-60.484152,-33.663512,458,1702,200008,entrenamiento
pergamino,2024-25,0,-60.448309,-33.778856,886,1835,400009,entrenamiento
pergamino,2024-25,0,-60.485499,-33.714446,647,1697,300008,entrenamiento
pergamino,2024-25,0,-60.274216,-33.694234,572,2481,200012,entrenamiento
pergamino,2024-25,0,-60.606503,-33.997685,1698,1248,800006,entrenamiento
pergamino,2024-25,0,-60.546136,-33.713368,643,1472,300007,entrenamiento
pergamino,2024-25,0,-60.524576,-33.859434,1185,1552,500007,entrenamiento
pergamino,2024-25,0,-60.3998,-33.663242,457,2015,200010,entrenamiento
pergamino,2024-25,0,-60.722385,-33.89932,1333,818,600004,entrenamiento
pergamino,2024-25,0,-60.691393,-33.802032,972,933,400004,entrenamiento
pergamino,2024-25,0,-60.803234,-33.853506,1163,518,500002,entrenamiento
pergamino,2024-25,0,-60.825063,-33.613655,273,437,100002,entrenamiento
pergamino,2024-25,0,-60.507329,-33.672675,492,1616,200008,entrenamiento
pergamino,2024-25,0,-60.764426,-33.890157,1299,662,600003,entrenamiento
pergamino,2024-25,0,-60.393602,-33.663781,459,2038,200010,entrenamiento
pergamino,2024-25,0,-60.605425,-33.920879,1413,1252,700006,entrenamiento
pergamino,2024-25,0,-60.673607,-33.822514,1048,999,500004,entrenamiento
pergamino,2024-25,0,-60.564461,-33.938666,1479,1404,700007,entrenamiento
pergamino,2024-25,0,-60.422707,-33.76592,838,1930,400009,entrenamiento
pergamino,2024-25,0,-60.540746,-34.017358,1771,1492,800007,entrenamiento
pergamino,2024-25,0,-60.269365,-33.921957,1417,2499,700012,entrenamiento
pergamino,2024-25,0,-60.617552,-33.914142,1388,1207,600006,entrenamiento
pergamino,2024-25,0,-60.52808,-33.911986,1380,1539,600007,entrenamiento
pergamino,2024-25,0,-60.817247,-33.729269,702,466,300002,entrenamiento
pergamino,2024-25,0,-60.481996,-33.650846,411,1710,200008,entrenamiento
pergamino,2024-25,0,-60.521342,-33.867789,1216,1564,600007,entrenamiento
pergamino,2024-25,0,-60.262088,-33.743552,755,2526,300012,entrenamiento
pergamino,2024-25,0,-60.291463,-33.814968,1020,2417,500012,entrenamiento
pergamino,2024-25,0,-60.547483,-33.95241,1530,1467,700007,entrenamiento
pergamino,2024-25,0,-60.313562,-33.699085,590,2335,200011,entrenamiento
pergamino,2024-25,0,-60.93286,-33.860512,1189,37,500000,entrenamiento
pergamino,2024-25,0,-60.707024,-33.692078,564,875,200004,entrenamiento
pergamino,2024-25,0,-60.539129,-33.668632,477,1498,200007,entrenamiento
pergamino,2024-25,0,-60.688159,-33.892852,1309,945,600004,entrenamiento
pergamino,2024-25,0,-60.736668,-33.897433,1326,765,600003,entrenamiento
pergamino,2024-25,0,-60.761462,-33.956183,1544,673,700003,entrenamiento
pergamino,2024-25,0,-60.267748,-33.997685,1698,2505,800012,entrenamiento
pergamino,2024-25,0,-60.445345,-33.830329,1077,1846,500009,entrenamiento
pergamino,2024-25,0,-60.231636,-33.662164,453,2639,200013,entrenamiento
pergamino,2024-25,0,-60.573894,-33.944325,1500,1369,700006,entrenamiento
pergamino,2024-25,0,-60.803234,-33.832485,1085,518,500002,entrenamiento
pergamino,2024-25,0,-60.624289,-34.006039,1729,1182,800005,entrenamiento
pergamino,2024-25,0,-60.853899,-33.726574,692,330,300001,entrenamiento
pergamino,2024-25,0,-60.715648,-33.593982,200,843,100004,entrenamiento
pergamino,2024-25,0,-60.788411,-33.832754,1086,573,500002,entrenamiento
pergamino,2024-25,0,-60.750682,-33.893391,1311,713,600003,entrenamiento
pergamino,2024-25,0,-60.784908,-33.917376,1400,586,700002,entrenamiento
pergamino,2024-25,0,-60.54937,-33.716602,655,1460,300007,entrenamiento
pergamino,2024-25,0,-60.440763,-34.003075,1718,1863,800009,entrenamiento
pergamino,2024-25,0,-60.375546,-33.80338,977,2105,400010,entrenamiento
pergamino,2024-25,0,-60.643962,-33.802841,975,1109,400005,entrenamiento
pergamino,2024-25,0,-60.559071,-33.836258,1099,1424,500007,entrenamiento
pergamino,2024-25,0,-60.383361,-33.928156,1440,2076,700010,entrenamiento
pergamino,2024-25,0,-60.523498,-33.943517,1497,1556,700007,entrenamiento
pergamino,2024-25,0,-60.55449,-33.730077,705,1441,300007,entrenamiento
pergamino,2024-25,0,-60.647466,-33.904171,1351,1096,600005,entrenamiento
pergamino,2024-25,0,-60.507329,-34.137553,2217,1616,1100008,entrenamiento
pergamino,2024-25,0,-60.746101,-33.889887,1298,730,600003,entrenamiento
pergamino,2024-25,0,-60.266939,-33.897164,1325,2508,600012,entrenamiento
pergamino,2024-25,0,-60.562036,-33.948637,1516,1413,700007,entrenamiento
pergamino,2024-25,0,-60.327845,-33.727113,694,2282,300011,entrenamiento
pergamino,2024-25,0,-60.598148,-33.869945,1224,1279,600006,entrenamiento
pergamino,2024-25,0,-60.723463,-33.933545,1460,814,700004,entrenamiento
pergamino,2024-25,0,-60.562844,-33.653541,421,1410,200007,entrenamiento
pergamino,2024-25,0,-60.802695,-33.841648,1119,520,500002,entrenamiento
pergamino,2024-25,0,-60.243224,-33.703128,605,2596,300012,entrenamiento
pergamino,2024-25,0,-60.46906,-33.71256,640,1758,300008,entrenamiento
pergamino,2024-25,0,-60.724811,-33.630095,334,809,100004,entrenamiento
pergamino,2024-25,0,-60.724272,-33.992565,1679,811,800004,entrenamiento
pergamino,2024-25,0,-60.589255,-33.922766,1420,1312,700006,entrenamiento
pergamino,2024-25,0,-60.909684,-33.835449,1096,123,500000,entrenamiento
pergamino,2024-25,0,-60.825602,-33.550324,38,435,2,entrenamiento
pergamino,2024-25,0,-60.536973,-33.698277,587,1506,200007,entrenamiento
pergamino,2024-25,0,-60.263705,-33.754062,794,2520,300012,entrenamiento
pergamino,2024-25,0,-60.240798,-33.698816,589,2605,200013,entrenamiento
pergamino,2024-25,0,-60.846892,-33.638179,364,356,100001,entrenamiento
pergamino,2024-25,0,-60.457742,-33.68049,521,1800,200009,entrenamiento
pergamino,2024-25,0,-60.214927,-33.790983,931,2701,400013,entrenamiento
pergamino,2024-25,0,-60.834225,-33.624974,315,403,100002,entrenamiento
pergamino,2024-25,0,-60.584673,-33.926808,1435,1329,700006,entrenamiento
pergamino,2024-25,0,-60.658784,-33.758104,809,1054,400005,entrenamiento
pergamino,2024-25,0,-60.413005,-34.031102,1822,1966,900009,entrenamiento
pergamino,2024-25,0,-60.473911,-33.666746,470,1740,200008,entrenamiento
pergamino,2024-25,0,-60.518647,-33.875335,1244,1574,600007,entrenamiento
pergamino,2024-25,0,-60.412197,-33.802841,975,1969,400009,entrenamiento
pergamino,2024-25,0,-60.486577,-33.721992,675,1693,300008,entrenamiento
pergamino,2024-25,0,-60.433218,-34.073144,1978,1891,900009,entrenamiento
pergamino,2024-25,0,-60.58656,-33.802032,972,1322,400006,entrenamiento
pergamino,2024-25,0,-60.422168,-33.983671,1646,1932,800009,entrenamiento
pergamino,2024-25,0,-60.802425,-33.643569,384,521,100002,entrenamiento
pergamino,2024-25,0,-60.529158,-33.942169,1492,1535,700007,entrenamiento
pergamino,2024-25,0,-60.803773,-33.833293,1088,516,500002,entrenamiento
pergamino,2024-25,0,-60.606233,-34.017628,1772,1249,800006,entrenamiento
pergamino,2024-25,0,-60.747718,-33.943247,1496,724,700003,entrenamiento
pergamino,2024-25,0,-60.894323,-33.566224,97,180,0,entrenamiento
pergamino,2024-25,0,-60.638033,-33.877221,1251,1131,600005,entrenamiento
pergamino,2024-25,0,-60.517569,-33.668093,475,1578,200007,entrenamiento
pergamino,2024-25,0,-60.470138,-33.663242,457,1754,200008,entrenamiento
pergamino,2024-25,0,-60.802695,-33.815237,1021,520,500002,entrenamiento
pergamino,2024-25,0,-60.63992,-34.083654,2017,1124,1000005,entrenamiento
pergamino,2024-25,0,-60.713222,-33.596677,210,852,100004,entrenamiento
pergamino,2024-25,0,-60.425672,-33.861051,1191,1919,500009,entrenamiento
pergamino,2024-25,0,-60.90133,-33.823592,1052,154,500000,entrenamiento
pergamino,2024-25,0,-60.816169,-33.563529,87,470,2,entrenamiento
pergamino,2024-25,0,-60.63426,-33.880186,1262,1145,600005,entrenamiento
pergamino,2024-25,0,-60.545866,-33.674561,499,1473,200007,entrenamiento
pergamino,2024-25,0,-60.539668,-33.914681,1390,1496,600007,entrenamiento
pergamino,2024-25,0,-60.8159,-33.727113,694,471,300002,entrenamiento
pergamino,2024-25,0,-60.81563,-33.590209,186,472,2,entrenamiento
pergamino,2024-25,0,-60.476067,-33.668902,478,1732,200008,entrenamiento
pergamino,2024-25,0,-60.528888,-33.729269,702,1536,300007,entrenamiento
pergamino,2024-25,0,-60.263705,-33.999302,1704,2520,800012,entrenamiento
pergamino,2024-25,0,-60.334313,-33.817663,1030,2258,500011,entrenamiento
pergamino,2024-25,0,-60.281223,-33.975856,1617,2455,800012,entrenamiento
pergamino,2024-25,0,-60.561227,-33.986366,1656,1416,800007,entrenamiento
pergamino,2024-25,0,-60.512988,-33.674561,499,1595,200007,entrenamiento
pergamino,2024-25,0,-60.625637,-33.683185,531,1177,200005,entrenamiento
pergamino,2024-25,0,-60.562575,-33.953219,1533,1411,700007,entrenamiento
pergamino,2024-25,0,-60.372581,-33.798798,960,2116,400010,entrenamiento
pergamino,2024-25,0,-60.662827,-33.87803,1254,1039,600005,entrenamiento
pergamino,2024-25,0,-60.929357,-33.854584,1167,50,500000,entrenamiento
pergamino,2024-25,0,-60.47472,-33.704206,609,1737,300008,entrenamiento
pergamino,2024-25,0,-60.804851,-33.58428,164,512,2,entrenamiento
pergamino,2024-25,0,-60.632913,-33.664859,463,1150,200005,entrenamiento
pergamino,2024-25,0,-60.731009,-33.918454,1404,786,700003,entrenamiento
pergamino,2024-25,0,-60.628332,-33.657313,435,1167,200005,entrenamiento
pergamino,2024-25,0,-60.396566,-33.792061,935,2027,400010,entrenamiento
pergamino,2024-25,0,-60.244032,-33.898242,1329,2593,600012,entrenamiento
pergamino,2024-25,0,-60.416239,-33.839761,1112,1954,500009,entrenamiento
pergamino,2024-25,0,-60.678188,-33.895816,1320,982,600004,entrenamiento
pergamino,2024-25,0,-60.354256,-33.810656,1004,2184,500010,entrenamiento
pergamino,2024-25,0,-60.503556,-33.721453,673,1630,300008,entrenamiento
pergamino,2024-25,0,-60.65609,-33.802841,975,1064,400005,entrenamiento
pergamino,2024-25,0,-60.336738,-33.820088,1039,2249,500011,entrenamiento
pergamino,2024-25,0,-60.485499,-33.72307,679,1697,300008,entrenamiento
pergamino,2024-25,0,-60.556916,-33.650846,411,1432,200007,entrenamiento
pergamino,2024-25,0,-60.523229,-33.901476,1341,1557,600007,entrenamiento
pergamino,2024-25,0,-60.50652,-33.65381,422,1619,200008,entrenamiento
pergamino,2024-25,0,-60.631566,-33.919532,1408,1155,700005,entrenamiento
pergamino,2024-25,0,-60.638303,-33.884767,1279,1130,600005,entrenamiento
pergamino,2024-25,0,-60.692471,-33.880725,1264,929,600004,entrenamiento
pergamino,2024-25,0,-60.267748,-34.006578,1731,2505,800012,entrenamiento
pergamino,2024-25,0,-60.796496,-33.793408,940,543,400002,entrenamiento
pergamino,2024-25,0,-60.577397,-33.71795,660,1356,300006,entrenamiento
pergamino,2024-25,0,-60.290924,-33.916567,1397,2419,600012,entrenamiento
pergamino,2024-25,0,-60.645849,-33.800685,967,1102,400005,entrenamiento
pergamino,2024-25,0,-60.524307,-33.741665,748,1553,300007,entrenamiento
pergamino,2024-25,0,-60.648544,-33.683185,531,1092,200005,entrenamiento
pergamino,2024-25,0,-60.641806,-34.093625,2054,1117,1000005,entrenamiento
pergamino,2024-25,0,-60.835573,-33.921688,1416,398,700001,entrenamiento
pergamino,2024-25,0,-60.651508,-34.02194,1788,1081,800005,entrenamiento
pergamino,2024-25,0,-60.815091,-33.737084,731,474,300002,entrenamiento
pergamino,2024-25,0,-60.800808,-33.575387,131,527,2,entrenamiento
pergamino,2024-25,0,-60.663366,-33.892043,1306,1037,600005,entrenamiento
pergamino,2024-25,0,-60.553143,-33.652193,416,1446,200007,entrenamiento
pergamino,2024-25,0,-60.297662,-33.819819,1038,2394,500011,entrenamiento
pergamino,2024-25,0,-60.717265,-33.619315,294,837,100004,entrenamiento
pergamino,2024-25,0,-60.494123,-34.157226,2290,1665,1100008,entrenamiento
pergamino,2024-25,0,-60.427289,-33.764842,834,1913,400009,entrenamiento
pergamino,2024-25,0,-60.467443,-33.671866,489,1764,200008,entrenamiento
pergamino,2024-25,0,-60.546136,-33.951332,1526,1472,700007,entrenamiento
pergamino,2024-25,0,-60.811318,-33.659739,444,488,200002,entrenamiento
pergamino,2024-25,0,-60.436721,-33.884767,1279,1878,600009,entrenamiento
pergamino,2024-25,0,-60.595723,-34.029486,1816,1288,900006,entrenamiento
pergamino,2024-25,0,-60.474989,-33.677795,511,1736,200008,entrenamiento
pergamino,2024-25,0,-60.579823,-33.788288,921,1347,400006,entrenamiento
pergamino,2024-25,0,-60.793801,-33.856201,1173,553,500002,entrenamiento
pergamino,2024-25,0,-60.904025,-33.845421,1133,144,500000,entrenamiento
pergamino,2024-25,0,-60.669834,-33.887192,1288,1013,600005,entrenamiento
pergamino,2024-25,0,-60.411927,-33.848655,1145,1970,500009,entrenamiento
pergamino,2024-25,0,-60.719421,-33.629825,333,829,100004,entrenamiento
pergamino,2024-25,0,-60.424324,-33.987714,1661,1924,800009,entrenamiento
pergamino,2024-25,0,-60.610545,-33.893391,1311,1233,600006,entrenamiento
pergamino,2024-25,0,-60.552604,-33.914142,1388,1448,600007,entrenamiento
pergamino,2024-25,0,-60.466635,-33.706362,617,1767,300008,entrenamiento
pergamino,2024-25,0,-60.587638,-33.707978,623,1318,300006,entrenamiento
pergamino,2024-25,0,-60.549639,-33.664051,460,1459,200007,entrenamiento
pergamino,2024-25,0,-60.849317,-33.550863,40,347,1,entrenamiento
pergamino,2024-25,0,-60.619977,-33.910638,1375,1198,600005,entrenamiento
pergamino,2024-25,0,-60.398722,-33.909021,1369,2019,600010,entrenamiento
pergamino,2024-25,0,-60.450196,-33.746247,765,1828,300009,entrenamiento
pergamino,2024-25,0,-60.588716,-34.016011,1766,1314,800006,entrenamiento
pergamino,2024-25,0,-60.74125,-33.910369,1374,748,600003,entrenamiento
pergamino,2024-25,0,-60.539668,-33.661625,451,1496,200007,entrenamiento
pergamino,2024-25,0,-60.60785,-33.998494,1701,1243,800006,entrenamiento
pergamino,2024-25,0,-60.417856,-33.853506,1163,1948,500009,entrenamiento
pergamino,2024-25,0,-60.722924,-33.961573,1564,816,700004,entrenamiento
pergamino,2024-25,0,-60.339972,-33.727113,694,2237,300011,entrenamiento
pergamino,2024-25,0,-60.740441,-33.914681,1390,751,600003,entrenamiento
pergamino,2024-25,0,-60.533469,-33.720645,670,1519,300007,entrenamiento
pergamino,2024-25,0,-60.610006,-33.703936,608,1235,300006,entrenamiento
pergamino,2024-25,0,-60.395488,-33.791522,933,2031,400010,entrenamiento
pergamino,2024-25,0,-60.875458,-33.731425,710,250,300001,entrenamiento
pergamino,2024-25,0,-60.625637,-33.903362,1348,1177,600005,entrenamiento
pergamino,2024-25,0,-60.719151,-33.906326,1359,830,600004,entrenamiento
pergamino,2024-25,0,-60.538859,-33.871292,1229,1499,600007,entrenamiento
pergamino,2024-25,0,-60.817786,-33.659739,444,464,200002,entrenamiento
pergamino,2024-25,0,-60.516491,-34.023557,1794,1582,800007,entrenamiento
pergamino,2024-25,0,-60.790567,-33.835449,1096,565,500002,entrenamiento
pergamino,2024-25,0,-60.438607,-34.063172,1941,1871,900009,entrenamiento
pergamino,2024-25,0,-60.497357,-33.668632,477,1653,200008,entrenamiento
pergamino,2024-25,0,-60.709719,-33.999572,1705,865,800004,entrenamiento
pergamino,2024-25,0,-60.500591,-33.650037,408,1641,200008,entrenamiento
pergamino,2024-25,0,-60.901599,-33.829521,1074,153,500000,entrenamiento
pergamino,2024-25,0,-60.547214,-33.705284,613,1468,300007,entrenamiento
pergamino,2024-25,0,-60.287151,-33.844882,1131,2433,500012,entrenamiento
pergamino,2024-25,0,-60.743136,-33.925191,1429,741,700003,entrenamiento
pergamino,2024-25,0,-60.825332,-33.858356,1181,436,500002,entrenamiento
pergamino,2024-25,0,-60.649891,-33.67537,502,1087,200005,entrenamiento
pergamino,2024-25,0,-60.55988,-33.714716,648,1421,300007,entrenamiento
pergamino,2024-25,0,-60.43187,-33.973161,1607,1896,800009,entrenamiento
pergamino,2024-25,0,-60.569043,-33.952141,1529,1387,700006,entrenamiento
pergamino,2024-25,0,-60.551795,-33.977743,1624,1451,800007,entrenamiento
pergamino,2024-25,0,-60.681153,-33.591287,190,971,4,entrenamiento
pergamino,2024-25,0,-60.58656,-33.883419,1274,1322,600006,entrenamiento
pergamino,2024-25,0,-60.396566,-33.791522,933,2027,400010,entrenamiento
pergamino,2024-25,0,-60.59707,-33.877491,1252,1283,600006,entrenamiento
pergamino,2024-25,0,-60.522151,-33.672675,492,1561,200007,entrenamiento
pergamino,2024-25,0,-60.527271,-33.948637,1516,1542,700007,entrenamiento
pergamino,2024-25,0,-60.66121,-33.886384,1285,1045,600005,entrenamiento
pergamino,2024-25,0,-60.435643,-34.06452,1946,1882,900009,entrenamiento
pergamino,2024-25,0,-60.348866,-33.815776,1023,2204,500011,entrenamiento
pergamino,2024-25,0,-60.447501,-33.893121,1310,1838,600009,entrenamiento
pergamino,2024-25,0,-60.698939,-33.598025,215,905,100004,entrenamiento
pergamino,2024-25,0,-60.522151,-33.875065,1243,1561,600007,entrenamiento
pergamino,2024-25,0,-60.599765,-33.924922,1428,1273,700006,entrenamiento
pergamino,2024-25,0,-60.274755,-33.926808,1435,2479,700012,entrenamiento
pergamino,2024-25,0,-60.576589,-34.043769,1869,1359,900006,entrenamiento
pergamino,2024-25,0,-60.301974,-33.802841,975,2378,400011,entrenamiento
pergamino,2024-25,0,-60.424055,-33.861051,1191,1925,500009,entrenamiento
pergamino,2024-25,0,-60.526463,-33.705553,614,1545,300007,entrenamiento
pergamino,2024-25,0,-60.561766,-33.949985,1521,1414,700007,entrenamiento
pergamino,2024-25,0,-60.489542,-33.657044,434,1682,200008,entrenamiento
pergamino,2024-25,0,-60.669834,-33.694504,573,1013,200005,entrenamiento
pergamino,2024-25,0,-60.622672,-33.659739,444,1188,200005,entrenamiento
pergamino,2024-25,0,-60.550448,-34.129199,2186,1456,1000007,entrenamiento
pergamino,2024-25,0,-60.653395,-33.610152,260,1074,100005,validacion_mnc
pergamino,2024-25,0,-60.770625,-33.611769,266,639,100003,validacion_mnc
pergamino,2024-25,0,-60.488733,-34.044847,1873,1685,900008,validacion_mnc
pergamino,2024-25,0,-60.374198,-34.013316,1756,2110,800010,validacion_mnc
pergamino,2024-25,0,-60.745562,-33.767806,845,732,400003,validacion_mnc
pergamino,2024-25,0,-60.753108,-33.661356,450,704,200003,validacion_mnc
pergamino,2024-25,0,-60.567156,-33.676448,506,1394,200006,validacion_mnc
pergamino,2024-25,0,-60.608658,-33.683454,532,1240,200006,validacion_mnc
pergamino,2024-25,0,-60.638033,-33.837605,1104,1131,500005,validacion_mnc
pergamino,2024-25,0,-60.573085,-33.831138,1080,1372,500006,validacion_mnc
pergamino,2024-25,0,-60.802156,-33.875065,1243,522,600002,validacion_mnc
pergamino,2024-25,0,-60.262897,-33.757296,806,2523,400012,validacion_mnc
pergamino,2024-25,0,-60.546405,-33.779934,890,1471,400007,validacion_mnc
pergamino,2024-25,0,-60.862522,-33.785054,909,298,400001,validacion_mnc
pergamino,2024-25,0,-60.773859,-33.615811,281,627,100003,validacion_mnc
pergamino,2024-25,0,-60.604616,-33.634945,352,1255,100006,validacion_mnc
pergamino,2024-25,0,-60.551795,-33.796912,953,1451,400007,validacion_mnc
pergamino,2024-25,0,-60.663096,-33.59506,204,1038,100005,validacion_mnc
pergamino,2024-25,0,-60.770894,-33.662434,454,638,200003,validacion_mnc
pergamino,2024-25,0,-60.583595,-33.650846,411,1333,200006,validacion_mnc
pergamino,2024-25,0,-60.780866,-33.831407,1081,601,500003,validacion_mnc
pergamino,2024-25,0,-60.466096,-34.034336,1834,1769,900008,validacion_mnc
pergamino,2024-25,0,-60.657437,-33.810117,1002,1059,500005,validacion_mnc
pergamino,2024-25,0,-60.6984,-34.043769,1869,907,900004,validacion_mnc
pergamino,2024-25,0,-60.336469,-33.934623,1464,2250,700011,validacion_mnc
pergamino,2024-25,0,-60.614587,-33.656775,433,1218,200006,validacion_mnc
pergamino,2024-25,0,-60.526732,-33.78182,897,1544,400007,validacion_mnc
pergamino,2024-25,0,-60.300626,-33.945942,1506,2383,700011,validacion_mnc
pergamino,2024-25,0,-60.379588,-34.018436,1775,2090,800010,validacion_mnc
pergamino,2024-25,0,-60.668756,-33.818741,1034,1017,500005,validacion_mnc
pergamino,2024-25,0,-60.538859,-33.768345,847,1499,400007,validacion_mnc
pergamino,2024-25,0,-60.664713,-34.04323,1867,1032,900005,validacion_mnc
pergamino,2024-25,0,-60.183666,-33.674292,498,2817,200014,validacion_mnc
pergamino,2024-25,0,-60.755533,-33.60584,244,695,100003,validacion_mnc
pergamino,2024-25,0,-60.503286,-34.018436,1775,1631,800008,validacion_mnc
pergamino,2024-25,0,-60.777093,-33.596408,209,615,100003,validacion_mnc
pergamino,2024-25,0,-60.867643,-33.792869,938,279,400001,validacion_mnc
pergamino,2024-25,0,-60.572546,-33.649498,406,1374,200006,validacion_mnc
pergamino,2024-25,0,-60.387942,-33.752176,787,2059,300010,validacion_mnc
pergamino,2024-25,0,-60.582248,-33.651115,412,1338,200006,validacion_mnc
pergamino,2024-25,0,-60.665522,-34.044847,1873,1029,900005,validacion_mnc
pergamino,2024-25,0,-60.541015,-33.766728,841,1491,400007,validacion_mnc
pergamino,2024-25,0,-60.314101,-33.980707,1635,2333,800011,validacion_mnc
pergamino,2024-25,0,-60.658784,-34.029486,1816,1054,900005,validacion_mnc
pergamino,2024-25,0,-60.653395,-33.613116,271,1074,100005,validacion_mnc
pergamino,2024-25,0,-60.746101,-33.665937,467,730,200003,validacion_mnc
pergamino,2024-25,0,-60.828027,-33.898242,1329,426,600002,validacion_mnc
pergamino,2024-25,0,-60.734782,-33.86186,1194,772,500003,validacion_mnc
pergamino,2024-25,0,-60.304669,-33.961303,1563,2368,700011,validacion_mnc
pergamino,2024-25,0,-60.657706,-33.61123,264,1058,100005,validacion_mnc
pergamino,2024-25,0,-60.739363,-33.609074,256,755,100003,validacion_mnc
pergamino,2024-25,0,-60.75203,-33.676448,506,708,200003,validacion_mnc
pergamino,2024-25,0,-60.476876,-33.644108,386,1729,100008,validacion_mnc
pergamino,2024-25,0,-60.642615,-33.832485,1085,1114,500005,validacion_mnc
pergamino,2024-25,0,-60.775206,-33.615811,281,622,100003,validacion_mnc
pergamino,2024-25,0,-60.8159,-33.884228,1277,471,600002,validacion_mnc
pergamino,2024-25,0,-60.48496,-34.011968,1751,1699,800008,validacion_mnc
pergamino,2024-25,0,-60.86899,-33.846499,1137,274,500001,validacion_mnc
pergamino,2024-25,0,-60.552334,-33.766459,840,1449,400007,validacion_mnc
pergamino,2024-25,0,-60.670103,-33.838683,1108,1012,500005,validacion_mnc
pergamino,2024-25,0,-60.5014,-33.971814,1602,1638,800008,validacion_mnc
pergamino,2024-25,0,-60.75715,-33.607726,251,689,100003,validacion_mnc
pergamino,2024-25,0,-60.491159,-34.044038,1870,1676,900008,validacion_mnc
pergamino,2024-25,0,-60.650969,-33.809847,1001,1083,500005,validacion_mnc
pergamino,2024-25,0,-60.64504,-33.829521,1074,1105,500005,validacion_mnc
pergamino,2024-25,0,-60.864948,-33.790983,931,289,400001,validacion_mnc
pergamino,2024-25,0,-60.732626,-33.652463,417,780,200003,validacion_mnc
pergamino,2024-25,0,-60.361532,-33.721453,673,2157,300010,validacion_mnc
pergamino,2024-25,0,-60.54937,-33.784515,907,1460,400007,validacion_mnc
pergamino,2024-25,0,-60.615396,-33.668093,475,1215,200006,validacion_mnc
pergamino,2024-25,0,-60.787064,-33.887462,1289,578,600002,validacion_mnc
pergamino,2024-25,0,-60.787064,-33.870484,1226,578,600002,validacion_mnc
pergamino,2024-25,0,-60.63992,-33.635484,354,1124,100005,validacion_mnc
pergamino,2024-25,0,-60.512988,-33.646534,395,1595,100007,validacion_mnc
pergamino,2024-25,0,-60.764965,-33.620393,298,660,100003,validacion_mnc
pergamino,2024-25,0,-60.867912,-33.762147,824,278,400001,validacion_mnc
pergamino,2024-25,0,-60.386056,-34.059669,1928,2066,900010,validacion_mnc
pergamino,2024-25,0,-60.574163,-33.844612,1130,1368,500006,validacion_mnc
pergamino,2024-25,0,-60.483074,-34.00038,1708,1706,800008,validacion_mnc
pergamino,2024-25,0,-60.67711,-33.707978,623,986,300004,validacion_mnc
pergamino,2024-25,0,-60.471486,-34.012238,1752,1749,800008,validacion_mnc
pergamino,2024-25,0,-60.688968,-34.038648,1850,942,900004,validacion_mnc
pergamino,2024-25,0,-60.749335,-33.620662,299,718,100003,validacion_mnc
pergamino,2024-25,0,-60.384978,-34.056165,1915,2070,900010,validacion_mnc
pergamino,2024-25,0,-60.574163,-33.686688,544,1368,200006,validacion_mnc
pergamino,2024-25,0,-60.739633,-33.596408,209,754,100003,validacion_mnc
pergamino,2024-25,0,-60.542902,-33.77131,858,1484,400007,validacion_mnc
pergamino,2024-25,0,-60.763618,-33.799068,961,665,400003,validacion_mnc
pergamino,2024-25,0,-60.837459,-33.774544,870,391,400001,validacion_mnc
pergamino,2024-25,0,-60.691663,-34.039726,1854,932,900004,validacion_mnc
pergamino,2024-25,0,-60.312753,-33.972083,1603,2338,800011,validacion_mnc
pergamino,2024-25,0,-60.321647,-33.997955,1699,2305,800011,validacion_mnc
pergamino,2024-25,0,-60.870607,-33.809578,1000,268,500001,validacion_mnc
pergamino,2024-25,0,-60.573624,-33.677795,511,1370,200006,validacion_mnc
pergamino,2024-25,0,-60.732356,-33.709326,628,781,300003,validacion_mnc
pergamino,2024-25,0,-60.639111,-33.831946,1083,1127,500005,validacion_mnc
pergamino,2024-25,0,-60.396027,-34.008465,1738,2029,800010,validacion_mnc
pergamino,2024-25,0,-60.728853,-33.703128,605,794,300003,validacion_mnc
pergamino,2024-25,0,-60.556916,-33.782898,901,1432,400007,validacion_mnc
pergamino,2024-25,0,-60.601921,-33.817393,1029,1265,500006,validacion_mnc
pergamino,2024-25,0,-60.581979,-33.667554,473,1339,200006,validacion_mnc
pergamino,2024-25,0,-60.662557,-34.047811,1884,1040,900005,validacion_mnc
pergamino,2024-25,0,-60.870877,-33.800685,967,267,400001,validacion_mnc
pergamino,2024-25,0,-60.507329,-34.05374,1906,1616,900008,validacion_mnc
pergamino,2024-25,0,-60.307633,-33.962381,1567,2357,700011,validacion_mnc
pergamino,2024-25,0,-60.750952,-33.620662,299,712,100003,validacion_mnc
pergamino,2024-25,0,-60.872224,-33.798798,960,262,400001,validacion_mnc
pergamino,2024-25,0,-60.759036,-33.665129,464,682,200003,validacion_mnc
pergamino,2024-25,0,-60.754455,-33.62201,304,699,100003,validacion_mnc
pergamino,2024-25,0,-60.291463,-33.807691,993,2417,400012,validacion_mnc
pergamino,2024-25,0,-60.582787,-33.641952,378,1336,100006,validacion_mnc
pergamino,2024-25,0,-60.300896,-33.945403,1504,2382,700011,validacion_mnc
pergamino,2024-25,0,-60.505442,-33.646803,396,1623,100008,validacion_mnc
pergamino,2024-25,0,-60.612162,-33.688305,550,1227,200006,validacion_mnc
pergamino,2024-25,0,-60.742597,-33.602876,233,743,100003,validacion_mnc
pergamino,2024-25,0,-60.551526,-33.766728,841,1452,400007,validacion_mnc
pergamino,2024-25,0,-60.566887,-33.689383,554,1395,200006,validacion_mnc
pergamino,2024-25,0,-60.468791,-34.025713,1802,1759,900008,validacion_mnc
pergamino,2024-25,0,-60.662827,-34.048081,1885,1039,900005,validacion_mnc
pergamino,2024-25,0,-60.886507,-33.82467,1056,209,500001,validacion_mnc
pergamino,2024-25,0,-60.628601,-34.074761,1984,1166,900005,validacion_mnc
pergamino,2024-25,0,-60.74637,-33.652732,418,729,200003,validacion_mnc
pergamino,2024-25,0,-60.584943,-33.843534,1126,1328,500006,validacion_mnc
pergamino,2024-25,0,-60.619708,-33.75514,798,1199,300005,validacion_mnc
pergamino,2024-25,0,-60.765774,-33.60584,244,657,100003,validacion_mnc
pergamino,2024-25,0,-60.401417,-34.074761,1984,2009,900010,validacion_mnc
pergamino,2024-25,0,-60.311945,-33.986366,1656,2341,800011,validacion_mnc
pergamino,2024-25,0,-60.88004,-33.803919,979,233,400001,validacion_mnc
pergamino,2024-25,0,-60.62914,-33.737353,732,1164,300005,validacion_mnc
pergamino,2024-25,0,-60.6666,-33.601528,228,1025,100005,validacion_mnc
pergamino,2024-25,0,-60.180701,-33.697738,585,2828,200014,validacion_mnc
pergamino,2024-25,0,-60.870877,-33.837875,1105,267,500001,validacion_mnc
pergamino,2024-25,0,-60.746909,-33.660008,445,727,200003,validacion_mnc
pergamino,2024-25,0,-60.64531,-33.613116,271,1104,100005,validacion_mnc
pergamino,2024-25,0,-60.870877,-33.84569,1134,267,500001,validacion_mnc
pergamino,2024-25,0,-60.549639,-33.783167,902,1459,400007,validacion_mnc
pergamino,2024-25,0,-60.267478,-33.789635,926,2506,400012,validacion_mnc
pergamino,2024-25,0,-60.619438,-33.67537,502,1200,200006,validacion_mnc
pergamino,2024-25,0,-60.676841,-34.059938,1929,987,900004,validacion_mnc
pergamino,2024-25,0,-60.504364,-34.009812,1743,1627,800008,validacion_mnc
pergamino,2024-25,0,-60.52242,-33.758374,810,1560,400007,validacion_mnc
pergamino,2024-25,0,-60.879231,-33.823322,1051,236,500001,validacion_mnc
pergamino,2024-25,0,-60.504095,-34.015202,1763,1628,800008,validacion_mnc
pergamino,2024-25,0,-60.467443,-33.802841,975,1764,400008,validacion_mnc
pergamino,2024-25,0,-60.145397,-33.701511,599,2959,200014,validacion_mnc
pergamino,2024-25,0,-60.391715,-34.001997,1714,2045,800010,validacion_mnc
pergamino,2024-25,0,-60.878692,-33.813081,1013,238,500001,validacion_mnc
pergamino,2024-25,0,-60.885429,-33.828712,1071,213,500001,validacion_mnc
pergamino,2024-25,0,-60.741519,-33.604762,240,747,100003,validacion_mnc
pergamino,2024-25,0,-60.167765,-33.764303,832,2876,400014,validacion_mnc
pergamino,2024-25,0,-60.458281,-33.76592,838,1798,400008,validacion_mnc
pergamino,2024-25,0,-60.874111,-33.795564,948,255,400001,validacion_mnc
pergamino,2024-25,0,-60.698131,-33.725226,687,908,300004,validacion_mnc
pergamino,2024-25,0,-60.351022,-33.972353,1604,2196,800010,validacion_mnc
pergamino,2024-25,0,-60.623211,-33.630903,337,1186,100005,validacion_mnc
pergamino,2024-25,0,-60.755264,-33.681029,523,696,200003,validacion_mnc
pergamino,2024-25,0,-60.63453,-33.630364,335,1144,100005,validacion_mnc
pergamino,2024-25,0,-60.470138,-33.785323,910,1754,400008,validacion_mnc
pergamino,2024-25,0,-60.28796,-33.792869,938,2430,400012,validacion_mnc
pergamino,2024-25,0,-60.400339,-33.638988,367,2013,100010,validacion_mnc
pergamino,2024-25,0,-60.477954,-34.006309,1730,1725,800008,validacion_mnc
pergamino,2024-25,0,-60.878962,-33.825478,1059,237,500001,validacion_mnc
pergamino,2024-25,0,-60.751221,-33.662703,455,711,200003,validacion_mnc
pergamino,2024-25,0,-60.360454,-33.71795,660,2161,300010,validacion_mnc
pergamino,2024-25,0,-60.782213,-33.874796,1242,596,600002,validacion_mnc
pergamino,2024-25,0,-60.780866,-33.615272,279,601,100003,validacion_mnc
pergamino,2024-25,0,-60.649891,-33.811734,1008,1087,500005,validacion_mnc
pergamino,2024-25,0,-60.614048,-33.699624,592,1220,200006,validacion_mnc
pergamino,2024-25,0,-60.646118,-33.621201,301,1101,100005,validacion_mnc
pergamino,2024-25,0,-60.74125,-33.604493,239,748,100003,validacion_mnc
pergamino,2024-25,0,-60.344284,-34.021131,1785,2221,800011,validacion_mnc
pergamino,2024-25,0,-60.768738,-33.620393,298,646,100003,validacion_mnc
pergamino,2024-25,0,-60.207381,-33.727113,694,2729,300013,validacion_mnc
pergamino,2024-25,0,-60.241068,-33.70205,601,2604,300013,validacion_mnc
pergamino,2024-25,0,-60.608119,-33.695043,575,1242,200006,validacion_mnc
pergamino,2024-25,0,-60.617821,-33.658391,439,1206,200006,validacion_mnc
pergamino,2024-25,0,-60.386325,-33.976126,1618,2065,800010,validacion_mnc
pergamino,2024-25,0,-60.676571,-34.061016,1933,988,900004,validacion_mnc
pergamino,2024-25,0,-60.764157,-33.799337,962,663,400003,validacion_mnc
pergamino,2024-25,0,-60.882465,-33.836527,1100,224,500001,validacion_mnc
pergamino,2024-25,0,-60.462053,-33.774544,870,1784,400008,validacion_mnc
pergamino,2024-25,0,-60.664174,-33.70178,600,1034,300005,validacion_mnc
pergamino,2024-25,0,-60.345093,-33.955913,1543,2218,700011,validacion_mnc
pergamino,2024-25,0,-60.823715,-33.876952,1250,442,600002,validacion_mnc
pergamino,2024-25,0,-60.403034,-33.997955,1699,2003,800010,validacion_mnc
pergamino,2024-25,0,-60.346171,-33.987444,1660,2214,800011,validacion_mnc
pergamino,2024-25,0,-60.387403,-33.75541,799,2061,300010,validacion_mnc
pergamino,2024-25,0,-60.773589,-33.596138,208,628,100003,validacion_mnc
pergamino,2024-25,0,-60.182857,-33.675909,504,2820,200014,validacion_mnc
pergamino,2024-25,0,-60.710527,-33.731963,712,862,300004,validacion_mnc
pergamino,2024-25,0,-60.797574,-33.871562,1230,539,600002,validacion_mnc
pergamino,2024-25,0,-60.311945,-33.959956,1558,2341,700011,validacion_mnc
pergamino,2024-25,0,-60.555299,-33.779664,889,1438,400007,validacion_mnc
pergamino,2024-25,0,-60.343745,-33.932467,1456,2223,700011,validacion_mnc
pergamino,2024-25,0,-60.732626,-33.631712,340,780,100003,validacion_mnc
pergamino,2024-25,0,-60.699209,-33.722262,676,904,300004,validacion_mnc
pergamino,2024-25,0,-60.477145,-33.772927,864,1728,400008,validacion_mnc
pergamino,2024-25,0,-60.66121,-34.031641,1824,1045,900005,validacion_mnc
pergamino,2024-25,0,-60.73586,-33.594252,201,768,100003,validacion_mnc
pergamino,2024-25,0,-60.310597,-33.947559,1512,2346,700011,validacion_mnc
pergamino,2024-25,0,-60.390098,-34.001997,1714,2051,800010,validacion_mnc
pergamino,2024-25,0,-60.640189,-33.836258,1099,1123,500005,validacion_mnc
pergamino,2024-25,0,-60.668217,-34.076378,1990,1019,900005,validacion_mnc
pergamino,2024-25,0,-60.744753,-33.608265,253,735,100003,validacion_mnc
pergamino,2024-25,0,-60.571199,-33.649768,407,1379,200006,validacion_mnc
pergamino,2024-25,0,-60.472025,-33.998763,1702,1747,800008,validacion_mnc
pergamino,2024-25,0,-60.740172,-33.661625,451,752,200003,validacion_mnc
pergamino,2024-25,0,-60.877884,-33.797181,954,241,400001,validacion_mnc
pergamino,2024-25,0,-60.395219,-33.999302,1704,2032,800010,validacion_mnc
pergamino,2024-25,0,-60.73047,-33.640335,372,788,100003,validacion_mnc
pergamino,2024-25,0,-60.64504,-33.626052,319,1105,100005,validacion_mnc
pergamino,2024-25,0,-60.670912,-34.072066,1974,1009,900005,validacion_mnc
pergamino,2024-25,0,-60.747718,-33.789905,927,724,400003,validacion_mnc
pergamino,2024-25,0,-60.743675,-33.654888,426,739,200003,validacion_mnc
pergamino,2024-25,0,-60.458281,-33.641683,377,1798,100008,validacion_mnc
pergamino,2024-25,0,-60.462592,-33.787479,918,1782,400008,validacion_mnc
pergamino,2024-25,0,-60.615126,-33.649229,405,1216,200006,validacion_mnc
pergamino,2024-25,0,-60.539398,-33.769962,853,1497,400007,validacion_mnc
pergamino,2024-25,0,-60.37339,-34.020323,1782,2113,800010,validacion_mnc
pergamino,2024-25,0,-60.680075,-34.030294,1819,975,900004,validacion_mnc
pergamino,2024-25,0,-60.644232,-33.624166,312,1108,100005,validacion_mnc
pergamino,2024-25,0,-60.738824,-33.710943,634,757,300003,validacion_mnc
pergamino,2024-25,0,-60.588716,-33.844612,1130,1314,500006,validacion_mnc
pergamino,2024-25,0,-60.761731,-33.624435,313,672,100003,validacion_mnc
pergamino,2024-25,0,-60.649352,-33.632251,342,1089,100005,validacion_mnc
pergamino,2024-25,0,-60.572816,-33.860243,1188,1373,500006,validacion_mnc
pergamino,2024-25,0,-60.729931,-33.641683,377,790,100003,validacion_mnc
pergamino,2024-25,0,-60.8,-33.87237,1233,530,600002,validacion_mnc
pergamino,2024-25,0,-60.468791,-34.018436,1775,1759,800008,validacion_mnc
pergamino,2024-25,0,-60.482266,-33.645995,393,1709,100008,validacion_mnc
pergamino,2024-25,0,-60.258585,-33.785323,910,2539,400012,validacion_mnc
pergamino,2024-25,0,-60.642615,-33.849733,1149,1114,500005,validacion_mnc
pergamino,2024-25,0,-60.69867,-34.044847,1873,906,900004,validacion_mnc
pergamino,2024-25,0,-60.760384,-33.60072,225,677,100003,validacion_mnc
pergamino,2024-25,0,-60.746909,-33.788018,920,727,400003,validacion_mnc
pergamino,2024-25,0,-60.621325,-33.6274,324,1193,100005,validacion_mnc
pergamino,2024-25,0,-60.206842,-33.70178,600,2731,300013,validacion_mnc
pergamino,2024-25,0,-60.864139,-33.843534,1126,292,500001,validacion_mnc
pergamino,2024-25,0,-60.497627,-34.056704,1917,1652,900008,validacion_mnc
pergamino,2024-25,0,-60.739633,-33.862668,1197,754,500003,validacion_mnc
pergamino,2024-25,0,-60.508137,-33.975317,1615,1613,800008,validacion_mnc
pergamino,2024-25,0,-60.180162,-33.698816,589,2830,200014,validacion_mnc
pergamino,2024-25,0,-60.875189,-33.844882,1131,251,500001,validacion_mnc
pergamino,2024-25,0,-60.732895,-33.722801,678,779,300003,validacion_mnc
pergamino,2024-25,0,-60.734243,-33.640335,372,774,100003,validacion_mnc
pergamino,2024-25,0,-60.787333,-33.875065,1243,577,600002,validacion_mnc
pergamino,2024-25,0,-60.266939,-33.789366,925,2508,400012,validacion_mnc
pergamino,2024-25,0,-60.861714,-33.837875,1105,301,500001,validacion_mnc
pergamino,2024-25,0,-60.474989,-34.006309,1730,1736,800008,validacion_mnc
pergamino,2024-25,0,-60.727506,-33.854584,1167,799,500003,validacion_mnc
pergamino,2024-25,0,-60.868182,-33.762686,826,277,400001,validacion_mnc
pergamino,2024-25,0,-60.487386,-33.999841,1706,1690,800008,validacion_mnc
pergamino,2024-25,0,-60.762809,-33.790713,930,668,400003,validacion_mnc
pergamino,2024-25,0,-60.613509,-33.668093,475,1222,200006,validacion_mnc
pergamino,2024-25,0,-60.687081,-33.715255,650,949,300004,validacion_mnc
pergamino,2024-25,0,-60.672259,-33.823322,1051,1004,500005,validacion_mnc
pergamino,2024-25,0,-60.656629,-33.753254,791,1062,300005,validacion_mnc
pergamino,2024-25,0,-60.581979,-33.859165,1184,1339,500006,validacion_mnc
pergamino,2024-25,0,-60.676302,-34.061016,1933,989,900004,validacion_mnc
pergamino,2024-25,0,-60.745831,-33.672675,492,731,200003,validacion_mnc
pergamino,2024-25,0,-60.744214,-33.66971,481,737,200003,validacion_mnc
pergamino,2024-25,0,-60.611623,-33.686958,545,1229,200006,validacion_mnc
pergamino,2024-25,0,-60.479301,-34.015741,1765,1720,800008,validacion_mnc
pergamino,2024-25,0,-60.74098,-33.607726,251,749,100003,validacion_mnc
pergamino,2024-25,0,-60.666061,-34.045116,1874,1027,900005,validacion_mnc
pergamino,2024-25,0,-60.387134,-33.751906,786,2062,300010,validacion_mnc
pergamino,2024-25,0,-60.637764,-34.041074,1859,1132,900005,validacion_mnc
pergamino,2024-25,0,-60.637225,-33.622549,306,1134,100005,validacion_mnc
pergamino,2024-25,0,-60.661479,-33.745169,761,1044,300005,validacion_mnc
pergamino,2024-25,0,-60.458011,-34.026252,1804,1799,900008,validacion_mnc
pergamino,2024-25,0,-60.695705,-34.039187,1852,917,900004,validacion_mnc
pergamino,2024-25,0,-60.769547,-33.59533,205,643,100003,validacion_mnc
pergamino,2024-25,0,-60.829914,-33.896355,1322,419,600002,validacion_mnc
pergamino,2024-25,0,-60.62914,-33.638988,367,1164,100005,validacion_mnc
pergamino,2024-25,0,-60.468791,-34.032989,1829,1759,900008,validacion_mnc
pergamino,2024-25,0,-60.760653,-33.785054,909,676,400003,validacion_mnc
pergamino,2024-25,0,-60.394141,-33.998494,1701,2036,800010,validacion_mnc
pergamino,2024-25,0,-60.425941,-33.930851,1450,1918,700009,validacion_mnc
pergamino,2024-25,0,-60.639381,-33.855662,1171,1126,500005,validacion_mnc
pergamino,2024-25,0,-60.527541,-33.777778,882,1541,400007,validacion_mnc
pergamino,2024-25,0,-60.318413,-33.996338,1693,2317,800011,validacion_mnc
pergamino,2024-25,0,-60.870068,-33.836797,1101,270,500001,validacion_mnc
pergamino,2024-25,0,-60.486038,-34.001728,1713,1695,800008,validacion_mnc
pergamino,2024-25,0,-60.499783,-34.059669,1928,1644,900008,validacion_mnc
pergamino,2024-25,0,-60.829105,-33.901476,1341,422,600002,validacion_mnc
pergamino,2024-25,0,-60.635877,-33.853775,1164,1139,500005,validacion_mnc
pergamino,2024-25,0,-60.615396,-33.689383,554,1215,200006,validacion_mnc
pergamino,2024-25,0,-60.460706,-33.759991,816,1789,400008,validacion_mnc
pergamino,2024-25,0,-60.765235,-33.796373,951,659,400003,validacion_mnc
pergamino,2024-25,0,-60.265053,-33.764033,831,2515,400012,validacion_mnc
pergamino,2024-25,0,-60.763348,-33.599372,220,666,100003,validacion_mnc
pergamino,2024-25,0,-60.756342,-33.65893,441,692,200003,validacion_mnc
pergamino,2024-25,0,-60.739633,-33.601528,228,754,100003,validacion_mnc
pergamino,2024-25,0,-60.571199,-33.680221,520,1379,200006,validacion_mnc
pergamino,2024-25,0,-60.567965,-33.860243,1188,1391,500006,validacion_mnc
pergamino,2024-25,0,-60.732087,-33.610152,260,782,100003,validacion_mnc
pergamino,2024-25,0,-60.884351,-33.830868,1079,217,500001,validacion_mnc
pergamino,2024-25,0,-60.301704,-33.949446,1519,2379,700011,validacion_mnc
pergamino,2024-25,0,-60.466365,-33.642491,380,1768,100008,validacion_mnc
pergamino,2024-25,0,-60.618899,-33.685341,539,1202,200006,validacion_mnc
pergamino,2024-25,1,-60.565809,-33.96292,1569,1399,700006,entrenamiento
pergamino,2024-25,1,-60.27206,-33.676717,507,2489,200012,entrenamiento
pergamino,2024-25,1,-60.471755,-33.731155,709,1748,300008,entrenamiento
pergamino,2024-25,1,-60.241068,-34.00038,1708,2604,800013,entrenamiento
pergamino,2024-25,1,-60.669834,-33.927078,1436,1013,700005,entrenamiento
pergamino,2024-25,1,-60.476067,-33.916298,1396,1732,600008,entrenamiento
pergamino,2024-25,1,-60.533739,-33.816854,1027,1518,500007,entrenamiento
pergamino,2024-25,1,-60.57605,-34.078264,1997,1361,900006,entrenamiento
pergamino,2024-25,1,-60.696244,-33.874796,1242,915,600004,entrenamiento
pergamino,2024-25,1,-60.835303,-33.86725,1214,399,600001,entrenamiento
pergamino,2024-25,1,-60.564731,-34.087157,2030,1403,1000007,entrenamiento
pergamino,2024-25,1,-60.434834,-33.831138,1080,1885,500009,entrenamiento
pergamino,2024-25,1,-60.421899,-33.702589,603,1933,300009,entrenamiento
pergamino,2024-25,1,-60.446962,-33.902554,1345,1840,600009,entrenamiento
pergamino,2024-25,1,-60.622403,-33.941091,1488,1189,700005,entrenamiento
pergamino,2024-25,1,-60.401956,-33.954297,1537,2007,700010,entrenamiento
pergamino,2024-25,1,-60.44804,-33.683993,534,1836,200009,entrenamiento
pergamino,2024-25,1,-60.331349,-33.719836,667,2269,300011,entrenamiento
pergamino,2024-25,1,-60.729931,-33.947559,1512,790,700003,entrenamiento
pergamino,2024-25,1,-60.451813,-33.819819,1038,1822,500009,entrenamiento
pergamino,2024-25,1,-60.460436,-33.944864,1502,1790,700008,entrenamiento
pergamino,2024-25,1,-60.292272,-33.741935,749,2414,300012,entrenamiento
pergamino,2024-25,1,-60.804581,-33.709595,629,513,300002,entrenamiento
pergamino,2024-25,1,-60.322186,-33.779664,889,2303,400011,entrenamiento
pergamino,2024-25,1,-60.698131,-33.758374,810,908,400004,entrenamiento
pergamino,2024-25,1,-60.67738,-33.670249,483,985,200004,entrenamiento
pergamino,2024-25,1,-60.418665,-33.629825,333,1945,100009,entrenamiento
pergamino,2024-25,1,-60.546944,-33.687227,546,1469,200007,entrenamiento
pergamino,2024-25,1,-60.444536,-33.868328,1218,1849,600009,entrenamiento
pergamino,2024-25,1,-60.464479,-33.881263,1266,1775,600008,entrenamiento
pergamino,2024-25,1,-60.812127,-33.935432,1467,485,700002,entrenamiento
pergamino,2024-25,1,-60.880848,-33.885306,1281,230,600001,entrenamiento
pergamino,2024-25,1,-60.804312,-33.624705,314,514,100002,entrenamiento
pergamino,2024-25,1,-60.678188,-33.779664,889,982,400004,entrenamiento
pergamino,2024-25,1,-60.502208,-34.122461,2161,1635,1000008,entrenamiento
pergamino,2024-25,1,-60.289307,-33.98448,1649,2425,800012,entrenamiento
pergamino,2024-25,1,-60.194984,-33.789096,924,2775,400013,entrenamiento
pergamino,2024-25,1,-60.693819,-33.61662,284,924,100004,entrenamiento
pergamino,2024-25,1,-60.608119,-34.060477,1931,1242,900006,entrenamiento
pergamino,2024-25,1,-60.681692,-33.786671,915,969,400004,entrenamiento
pergamino,2024-25,1,-60.294428,-33.682646,529,2406,200012,entrenamiento
pergamino,2024-25,1,-60.393602,-33.785054,909,2038,400010,entrenamiento
pergamino,2024-25,1,-60.55961,-34.070718,1969,1422,900007,entrenamiento
pergamino,2024-25,1,-60.471486,-33.940013,1484,1749,700008,entrenamiento
pergamino,2024-25,1,-60.828836,-33.626591,321,423,100002,entrenamiento
pergamino,2024-25,1,-60.399531,-33.771579,859,2016,400010,entrenamiento
pergamino,2024-25,1,-60.647735,-33.986905,1658,1095,800005,entrenamiento
pergamino,2024-25,1,-60.405729,-33.670788,485,1993,200009,entrenamiento
pergamino,2024-25,1,-60.176389,-33.719297,665,2844,300014,entrenamiento
pergamino,2024-25,1,-60.843927,-33.578891,144,367,1,entrenamiento
pergamino,2024-25,1,-60.299548,-33.720914,671,2387,300011,entrenamiento
pergamino,2024-25,1,-60.389829,-33.682915,530,2052,200010,entrenamiento
pergamino,2024-25,1,-60.303052,-33.88854,1293,2374,600011,entrenamiento
pergamino,2024-25,1,-60.697592,-33.84057,1115,910,500004,entrenamiento
pergamino,2024-25,1,-60.37312,-33.853506,1163,2114,500010,entrenamiento
pergamino,2024-25,1,-60.634799,-34.012507,1753,1143,800005,entrenamiento
pergamino,2024-25,1,-60.473103,-33.883689,1275,1743,600008,entrenamiento
pergamino,2024-25,1,-60.231905,-33.784245,906,2638,400013,entrenamiento
pergamino,2024-25,1,-60.467713,-33.83518,1095,1763,500008,entrenamiento
pergamino,2024-25,1,-60.676571,-33.964537,1575,988,700004,entrenamiento
pergamino,2024-25,1,-60.271251,-33.713907,645,2492,300012,entrenamiento
pergamino,2024-25,1,-60.786794,-33.683454,532,579,200002,entrenamiento
pergamino,2024-25,1,-60.377432,-33.673753,496,2098,200010,entrenamiento
pergamino,2024-25,1,-60.726967,-33.662973,456,801,200004,entrenamiento
pergamino,2024-25,1,-60.34671,-33.793947,942,2212,400011,entrenamiento
pergamino,2024-25,1,-60.657437,-33.931659,1453,1059,700005,entrenamiento
pergamino,2024-25,1,-60.249692,-34.000919,1710,2572,800012,entrenamiento
pergamino,2024-25,1,-60.724002,-33.692348,565,812,200004,entrenamiento
pergamino,2024-25,1,-60.749604,-33.863746,1201,717,600003,entrenamiento
pergamino,2024-25,1,-60.168574,-33.72334,680,2873,300014,entrenamiento
pergamino,2024-25,1,-60.434565,-34.055626,1913,1886,900009,entrenamiento
pergamino,2024-25,1,-60.552065,-34.086888,2029,1450,1000007,entrenamiento
pergamino,2024-25,1,-60.370156,-33.821705,1045,2125,500010,entrenamiento
pergamino,2024-25,1,-60.487925,-33.843804,1127,1688,500008,entrenamiento
pergamino,2024-25,1,-60.175581,-33.71795,660,2847,300014,entrenamiento
pergamino,2024-25,1,-60.424324,-33.694773,574,1924,200009,entrenamiento
pergamino,2024-25,1,-60.305477,-33.747594,770,2365,300011,entrenamiento
pergamino,2024-25,1,-60.479032,-33.969388,1593,1721,700008,entrenamiento
pergamino,2024-25,1,-60.314909,-33.811195,1006,2330,500011,entrenamiento
pergamino,2024-25,1,-60.753916,-33.871831,1231,701,600003,entrenamiento
pergamino,2024-25,1,-60.409771,-34.037031,1844,1978,900009,entrenamiento
pergamino,2024-25,1,-60.29335,-33.699894,593,2410,200012,entrenamiento
pergamino,2024-25,1,-60.43699,-33.64869,403,1877,200009,entrenamiento
pergamino,2024-25,1,-60.726428,-33.951602,1527,803,700004,entrenamiento
pergamino,2024-25,1,-60.51703,-34.065867,1951,1580,900007,entrenamiento
pergamino,2024-25,1,-60.470138,-33.732233,713,1754,300008,entrenamiento
pergamino,2024-25,1,-60.29874,-33.717411,658,2390,300011,entrenamiento
pergamino,2024-25,1,-60.60785,-33.975587,1616,1243,800006,entrenamiento
pergamino,2024-25,1,-60.560149,-34.070179,1967,1420,900007,entrenamiento
pergamino,2024-25,1,-60.703251,-33.69639,580,889,200004,entrenamiento
pergamino,2024-25,1,-60.707294,-33.929773,1446,874,700004,entrenamiento
pergamino,2024-25,1,-60.700287,-33.677256,509,900,200004,entrenamiento
pergamino,2024-25,1,-60.516222,-33.735467,725,1583,300007,entrenamiento
pergamino,2024-25,1,-60.173425,-33.721184,672,2855,300014,entrenamiento
pergamino,2024-25,1,-60.273677,-33.812812,1012,2483,500012,entrenamiento
pergamino,2024-25,1,-60.593567,-34.04835,1886,1296,900006,entrenamiento
pergamino,2024-25,1,-60.850395,-33.885845,1283,343,600001,entrenamiento
pergamino,2024-25,1,-60.625906,-34.093356,2053,1176,1000005,entrenamiento
pergamino,2024-25,1,-60.377971,-33.846499,1137,2096,500010,entrenamiento
pergamino,2024-25,1,-60.504634,-33.879377,1259,1626,600008,entrenamiento
pergamino,2024-25,1,-60.596801,-33.750828,782,1284,300006,entrenamiento
pergamino,2024-25,1,-60.281223,-33.686419,543,2455,200012,entrenamiento
pergamino,2024-25,1,-60.187708,-33.721184,672,2802,300014,entrenamiento
pergamino,2024-25,1,-60.367461,-33.861321,1192,2135,500010,entrenamiento
pergamino,2024-25,1,-60.492506,-33.907135,1362,1671,600008,entrenamiento
pergamino,2024-25,1,-60.258316,-33.844073,1128,2540,500012,entrenamiento
pergamino,2024-25,1,-60.752299,-33.875604,1245,707,600003,entrenamiento
pergamino,2024-25,1,-60.476067,-33.733311,717,1732,300008,entrenamiento
pergamino,2024-25,1,-60.548292,-33.665398,465,1464,200007,entrenamiento
pergamino,2024-25,1,-60.364496,-33.866441,1211,2146,600010,entrenamiento
pergamino,2024-25,1,-60.489003,-33.921957,1417,1684,700008,entrenamiento
pergamino,2024-25,1,-60.784908,-33.933815,1461,586,700002,entrenamiento
pergamino,2024-25,1,-60.252656,-33.933276,1459,2561,700012,entrenamiento
pergamino,2024-25,1,-60.451274,-34.002806,1717,1824,800009,entrenamiento
pergamino,2024-25,1,-60.665791,-33.665398,465,1028,200005,entrenamiento
pergamino,2024-25,1,-60.785447,-33.734658,722,584,300002,entrenamiento
pergamino,2024-25,1,-60.557724,-33.716333,654,1429,300007,entrenamiento
pergamino,2024-25,1,-60.550178,-33.745708,763,1457,300007,entrenamiento
pergamino,2024-25,1,-60.241876,-33.914681,1390,2601,600013,entrenamiento
pergamino,2024-25,1,-60.238912,-33.972892,1606,2612,800013,entrenamiento
pergamino,2024-25,1,-60.52781,-33.690461,558,1540,200007,entrenamiento
pergamino,2024-25,1,-60.411119,-33.706901,619,1973,300009,entrenamiento
pergamino,2024-25,1,-60.28796,-33.887731,1290,2430,600012,entrenamiento
pergamino,2024-25,1,-60.593567,-34.061825,1936,1296,900006,entrenamiento
pergamino,2024-25,1,-60.392524,-33.80823,995,2042,400010,entrenamiento
pergamino,2024-25,1,-60.441572,-33.672675,492,1860,200009,entrenamiento
pergamino,2024-25,1,-60.32515,-33.883419,1274,2292,600011,entrenamiento
pergamino,2024-25,1,-60.407885,-33.892313,1307,1985,600009,entrenamiento
pergamino,2024-25,1,-60.59734,-34.008734,1739,1282,800006,entrenamiento
pergamino,2024-25,1,-60.684925,-33.991756,1676,957,800004,entrenamiento
pergamino,2024-25,1,-60.257507,-33.735197,724,2543,300012,entrenamiento
pergamino,2024-25,1,-60.370964,-33.832754,1086,2122,500010,entrenamiento
pergamino,2024-25,1,-60.447501,-33.980976,1636,1838,800009,entrenamiento
pergamino,2024-25,1,-60.562305,-33.970197,1596,1412,700007,entrenamiento
pergamino,2024-25,1,-60.418395,-33.695312,576,1946,200009,entrenamiento
pergamino,2024-25,1,-60.249961,-33.853506,1163,2571,500012,entrenamiento
pergamino,2024-25,1,-60.665522,-33.946212,1507,1029,700005,entrenamiento
pergamino,2024-25,1,-60.413814,-33.640335,372,1963,100009,entrenamiento
pergamino,2024-25,1,-60.168304,-33.722801,678,2874,300014,entrenamiento
pergamino,2024-25,1,-60.430523,-33.865902,1209,1901,600009,entrenamiento
pergamino,2024-25,1,-60.33593,-33.782898,901,2252,400011,entrenamiento
pergamino,2024-25,1,-60.692741,-33.98421,1648,928,800004,entrenamiento
pergamino,2024-25,1,-60.692202,-33.665937,467,930,200004,entrenamiento
pergamino,2024-25,1,-60.544788,-34.11222,2123,1477,1000007,entrenamiento
pergamino,2024-25,1,-60.644771,-33.896086,1321,1106,600005,entrenamiento
pergamino,2024-25,1,-60.787603,-33.772388,862,576,400002,entrenamiento
pergamino,2024-25,1,-60.695436,-33.850002,1150,918,500004,entrenamiento
pergamino,2024-25,1,-60.697053,-33.798259,958,912,400004,entrenamiento
pergamino,2024-25,1,-60.359645,-33.908752,1368,2164,600010,entrenamiento
pergamino,2024-25,1,-60.266939,-33.668902,478,2508,200012,entrenamiento
pergamino,2024-25,1,-60.370964,-33.68588,541,2122,200010,entrenamiento
pergamino,2024-25,1,-60.425672,-33.674561,499,1919,200009,entrenamiento
pergamino,2024-25,1,-60.449118,-33.902284,1344,1832,600009,entrenamiento
pergamino,2024-25,1,-60.268826,-33.873987,1239,2501,600012,entrenamiento
pergamino,2024-25,1,-60.804851,-33.674831,500,512,200002,entrenamiento
pergamino,2024-25,1,-60.450196,-33.71768,659,1828,300009,entrenamiento
pergamino,2024-25,1,-60.449926,-33.821436,1044,1829,500009,entrenamiento
pergamino,2024-25,1,-60.625098,-34.095242,2060,1179,1000005,entrenamiento
pergamino,2024-25,1,-60.723463,-33.692887,567,814,200004,entrenamiento
pergamino,2024-25,1,-60.452352,-33.809847,1001,1820,500009,entrenamiento
pergamino,2024-25,1,-60.439416,-34.067754,1958,1868,900009,entrenamiento
pergamino,2024-25,1,-60.489003,-33.850002,1150,1684,500008,entrenamiento
pergamino,2024-25,1,-60.382283,-33.888809,1294,2080,600010,entrenamiento
pergamino,2024-25,1,-60.611623,-33.935162,1466,1229,700006,entrenamiento
pergamino,2024-25,1,-60.598957,-34.017358,1771,1276,800006,entrenamiento
pergamino,2024-25,1,-60.491428,-34.161538,2306,1675,1100008,entrenamiento
pergamino,2024-25,1,-60.841771,-33.898242,1329,375,600001,entrenamiento
pergamino,2024-25,1,-60.497088,-34.120036,2152,1654,1000008,entrenamiento
pergamino,2024-25,1,-60.491698,-34.121922,2159,1674,1000008,entrenamiento
pergamino,2024-25,1,-60.302513,-33.757565,807,2376,400011,entrenamiento
pergamino,2024-25,1,-60.237564,-33.779934,890,2617,400013,entrenamiento
pergamino,2024-25,1,-60.477954,-33.935162,1466,1725,700008,entrenamiento
pergamino,2024-25,1,-60.309519,-33.693695,570,2350,200011,entrenamiento
pergamino,2024-25,1,-60.30925,-33.714177,646,2351,300011,entrenamiento
pergamino,2024-25,1,-60.29874,-33.880186,1262,2390,600011,entrenamiento
pergamino,2024-25,1,-60.230019,-33.659469,443,2645,200013,entrenamiento
pergamino,2024-25,1,-60.61297,-33.767537,844,1224,400006,entrenamiento
pergamino,2024-25,1,-60.573355,-34.030025,1818,1371,900006,entrenamiento
pergamino,2024-25,1,-60.48011,-33.947829,1513,1717,700008,entrenamiento
pergamino,2024-25,1,-60.620516,-33.784245,906,1196,400005,entrenamiento
pergamino,2024-25,1,-60.544519,-33.676987,508,1478,200007,entrenamiento
pergamino,2024-25,1,-60.504634,-33.734389,721,1626,300008,entrenamiento
pergamino,2024-25,1,-60.59734,-33.800954,968,1282,400006,entrenamiento
pergamino,2024-25,1,-60.426211,-33.636832,359,1917,100009,entrenamiento
pergamino,2024-25,1,-60.321916,-33.732233,713,2304,300011,entrenamiento
pergamino,2024-25,1,-60.525654,-33.740318,743,1548,300007,entrenamiento
pergamino,2024-25,1,-60.82129,-33.595869,207,451,100002,entrenamiento
pergamino,2024-25,1,-60.263975,-33.813081,1013,2519,500012,entrenamiento
pergamino,2024-25,1,-60.428636,-34.04296,1866,1908,900009,entrenamiento
pergamino,2024-25,1,-60.683308,-33.648151,401,963,200004,entrenamiento
pergamino,2024-25,1,-60.829914,-33.751637,785,419,300002,entrenamiento
pergamino,2024-25,1,-60.443189,-34.093895,2055,1854,1000009,entrenamiento
pergamino,2024-25,1,-60.670642,-33.954027,1536,1010,700005,entrenamiento
pergamino,2024-25,1,-60.441033,-33.980168,1633,1862,800009,entrenamiento
pergamino,2024-25,1,-60.331888,-33.826017,1061,2267,500011,entrenamiento
pergamino,2024-25,1,-60.276372,-33.87803,1254,2473,600012,entrenamiento
pergamino,2024-25,1,-60.494932,-33.691809,563,1662,200008,entrenamiento
pergamino,2024-25,1,-60.67738,-33.662164,453,985,200004,entrenamiento
pergamino,2024-25,1,-60.430792,-33.914411,1389,1900,600009,entrenamiento
pergamino,2024-25,1,-60.526193,-33.854853,1168,1546,500007,entrenamiento
pergamino,2024-25,1,-60.410041,-33.660008,445,1977,200009,entrenamiento
pergamino,2024-25,1,-60.257507,-33.893121,1310,2543,600012,entrenamiento
pergamino,2024-25,1,-60.722924,-33.814429,1018,816,500004,entrenamiento
pergamino,2024-25,1,-60.686003,-33.854314,1166,953,500004,entrenamiento
pergamino,2024-25,1,-60.424863,-33.735736,726,1922,300009,entrenamiento
pergamino,2024-25,1,-60.484421,-33.868058,1217,1701,600008,entrenamiento
pergamino,2024-25,1,-60.47445,-33.737353,732,1738,300008,entrenamiento
pergamino,2024-25,1,-60.533739,-33.814698,1019,1518,500007,entrenamiento
pergamino,2024-25,1,-60.85848,-33.577004,137,313,1,entrenamiento
pergamino,2024-25,1,-60.287151,-33.979899,1632,2433,800012,entrenamiento
pergamino,2024-25,1,-60.453969,-33.756218,802,1814,400009,entrenamiento
pergamino,2024-25,1,-60.601921,-34.036223,1841,1265,900006,entrenamiento
pergamino,2024-25,1,-60.335121,-33.737623,733,2255,300011,entrenamiento
pergamino,2024-25,1,-60.598687,-33.978282,1626,1277,800006,entrenamiento
pergamino,2024-25,1,-60.38929,-33.909291,1370,2054,600010,entrenamiento
pergamino,2024-25,1,-60.569851,-33.783976,905,1384,400006,entrenamiento
pergamino,2024-25,1,-60.680344,-33.780203,891,974,400004,entrenamiento
pergamino,2024-25,1,-60.421899,-33.979629,1631,1933,800009,entrenamiento
pergamino,2024-25,1,-60.402765,-33.691809,563,2004,200010,entrenamiento
pergamino,2024-25,1,-60.570929,-33.757835,808,1380,400006,entrenamiento
pergamino,2024-25,1,-60.570929,-34.018706,1776,1380,800006,entrenamiento
pergamino,2024-25,1,-60.685464,-33.622279,305,955,100004,entrenamiento
pergamino,2024-25,1,-60.67711,-33.663512,458,986,200004,entrenamiento
pergamino,2024-25,1,-60.556107,-34.083384,2016,1435,1000007,entrenamiento
pergamino,2024-25,1,-60.194984,-33.78721,917,2775,400013,entrenamiento
pergamino,2024-25,1,-60.536164,-33.93624,1470,1509,700007,entrenamiento
pergamino,2024-25,1,-60.637494,-34.00038,1708,1133,800005,entrenamiento
pergamino,2024-25,1,-60.371503,-33.955913,1543,2120,700010,entrenamiento
pergamino,2024-25,1,-60.636955,-33.799876,964,1135,400005,entrenamiento
pergamino,2024-25,1,-60.709719,-33.646534,395,865,100004,entrenamiento
pergamino,2024-25,1,-60.290924,-33.900937,1339,2419,600012,entrenamiento
pergamino,2024-25,1,-60.402226,-33.825748,1060,2006,500010,entrenamiento
pergamino,2024-25,1,-60.32542,-33.756218,802,2291,400011,entrenamiento
pergamino,2024-25,1,-60.700556,-33.933276,1459,899,700004,entrenamiento
pergamino,2024-25,1,-60.459628,-34.114915,2133,1793,1000008,entrenamiento
pergamino,2024-25,1,-60.809432,-33.741665,748,495,300002,entrenamiento
pergamino,2024-25,1,-60.663366,-33.674561,499,1037,200005,entrenamiento
pergamino,2024-25,1,-60.687081,-33.617967,289,949,100004,entrenamiento
pergamino,2024-25,1,-60.694088,-33.806075,987,923,400004,entrenamiento
pergamino,2024-25,1,-60.329732,-33.774005,868,2275,400011,entrenamiento
pergamino,2024-25,1,-60.497896,-33.938666,1479,1651,700008,entrenamiento
pergamino,2024-25,1,-60.753108,-33.873718,1238,704,600003,entrenamiento
pergamino,2024-25,1,-60.712414,-33.802571,974,855,400004,entrenamiento
pergamino,2024-25,1,-60.441572,-34.057243,1919,1860,900009,entrenamiento
pergamino,2024-25,1,-60.851743,-33.711212,635,338,300001,entrenamiento
pergamino,2024-25,1,-60.271521,-33.678604,514,2491,200012,entrenamiento
pergamino,2024-25,1,-60.879231,-33.740857,745,236,300001,entrenamiento
pergamino,2024-25,1,-60.871685,-33.565685,95,264,1,entrenamiento
pergamino,2024-25,1,-60.689237,-34.003075,1718,941,800004,entrenamiento
pergamino,2024-25,1,-60.322455,-33.729808,704,2302,300011,entrenamiento
pergamino,2024-25,1,-60.841771,-33.71795,660,375,300001,entrenamiento
pergamino,2024-25,1,-60.245649,-33.844343,1129,2587,500012,entrenamiento
pergamino,2024-25,1,-60.790028,-33.741935,749,567,300002,entrenamiento
pergamino,2024-25,1,-60.536164,-33.853506,1163,1509,500007,entrenamiento
pergamino,2024-25,1,-60.70406,-33.991756,1676,886,800004,entrenamiento
pergamino,2024-25,1,-60.467982,-33.881533,1267,1762,600008,entrenamiento
pergamino,2024-25,1,-60.29335,-33.942978,1495,2410,700012,entrenamiento
pergamino,2024-25,1,-60.67711,-33.816854,1027,986,500004,entrenamiento
pergamino,2024-25,1,-60.347249,-33.843265,1125,2210,500011,entrenamiento
pergamino,2024-25,1,-60.502478,-33.700163,594,1634,200008,entrenamiento
pergamino,2024-25,1,-60.858749,-33.606649,247,312,100001,entrenamiento
pergamino,2024-25,1,-60.303591,-33.757565,807,2372,400011,entrenamiento
pergamino,2024-25,1,-60.285534,-33.699355,591,2439,200012,entrenamiento
pergamino,2024-25,1,-60.8636,-33.566763,99,294,1,entrenamiento
pergamino,2024-25,1,-60.690854,-33.757296,806,935,400004,entrenamiento
pergamino,2024-25,1,-60.694088,-33.667285,472,923,200004,entrenamiento
pergamino,2024-25,1,-60.278528,-33.872909,1235,2465,600012,entrenamiento
pergamino,2024-25,1,-60.6984,-33.811734,1008,907,500004,entrenamiento
pergamino,2024-25,1,-60.429714,-34.097129,2067,1904,1000009,entrenamiento
pergamino,2024-25,1,-60.472833,-33.917915,1402,1744,700008,entrenamiento
pergamino,2024-25,1,-60.461784,-33.68561,540,1785,200008,entrenamiento
pergamino,2024-25,1,-60.686003,-33.841648,1119,953,500004,entrenamiento
pergamino,2024-25,1,-60.477415,-33.918993,1406,1727,700008,entrenamiento
pergamino,2024-25,1,-60.194176,-33.769423,851,2778,400013,entrenamiento
pergamino,2024-25,1,-60.260741,-33.72307,679,2531,300012,entrenamiento
pergamino,2024-25,1,-60.481188,-33.930312,1448,1713,700008,entrenamiento
pergamino,2024-25,1,-60.33566,-33.773196,865,2253,400011,entrenamiento
pergamino,2024-25,1,-60.503556,-33.960764,1561,1630,700008,entrenamiento
pergamino,2024-25,1,-60.269365,-33.730886,708,2499,300012,entrenamiento
pergamino,2024-25,1,-60.828566,-33.743013,753,424,300002,entrenamiento
pergamino,2024-25,1,-60.497357,-33.926,1432,1653,700008,entrenamiento
pergamino,2024-25,1,-60.515683,-33.820358,1040,1585,500007,entrenamiento
pergamino,2024-25,1,-60.568234,-34.088774,2036,1390,1000006,entrenamiento
pergamino,2024-25,1,-60.334313,-33.890426,1300,2258,600011,entrenamiento
pergamino,2024-25,1,-60.385247,-33.847577,1141,2069,500010,entrenamiento
pergamino,2024-25,1,-60.160489,-33.725226,687,2903,300014,entrenamiento
pergamino,2024-25,1,-60.278258,-33.908752,1368,2466,600012,entrenamiento
pergamino,2024-25,1,-60.873572,-33.74463,759,257,300001,entrenamiento
pergamino,2024-25,1,-60.697861,-33.7767,878,909,400004,entrenamiento
pergamino,2024-25,1,-60.801078,-33.952949,1532,526,700002,entrenamiento
pergamino,2024-25,1,-60.33081,-33.740857,745,2271,300011,entrenamiento
pergamino,2024-25,1,-60.700017,-34.001997,1714,901,800004,entrenamiento
pergamino,2024-25,1,-60.712953,-33.644917,389,853,100004,entrenamiento
pergamino,2024-25,1,-60.294158,-33.975587,1616,2407,800012,entrenamiento
pergamino,2024-25,1,-60.274755,-33.896086,1321,2479,600012,entrenamiento
pergamino,2024-25,1,-60.359106,-33.675909,504,2166,200010,entrenamiento
pergamino,2024-25,1,-60.594375,-33.782628,900,1293,400006,entrenamiento
pergamino,2024-25,1,-60.192828,-33.686688,544,2783,200013,entrenamiento
pergamino,2024-25,1,-60.460706,-33.918993,1406,1789,700008,entrenamiento
pergamino,2024-25,1,-60.674685,-34.024096,1796,995,800004,entrenamiento
pergamino,2024-25,1,-60.424863,-33.793139,939,1922,400009,entrenamiento
pergamino,2024-25,1,-60.860905,-33.732502,714,304,300001,entrenamiento
pergamino,2024-25,1,-60.722385,-33.690461,558,818,200004,entrenamiento
pergamino,2024-25,1,-60.54371,-34.125695,2173,1481,1000007,entrenamiento
pergamino,2024-25,1,-60.480649,-33.922496,1419,1715,700008,entrenamiento
pergamino,2024-25,1,-60.406538,-33.793408,940,1990,400009,entrenamiento
pergamino,2024-25,1,-60.79434,-33.747055,768,551,300002,entrenamiento
pergamino,2024-25,1,-60.782482,-33.71795,660,595,300002,entrenamiento
pergamino,2024-25,1,-60.41597,-33.866441,1211,1955,600009,entrenamiento
pergamino,2024-25,1,-60.870068,-33.866441,1211,270,600001,entrenamiento
pergamino,2024-25,1,-60.625098,-33.697738,585,1179,200005,entrenamiento
pergamino,2024-25,1,-60.614587,-33.80311,976,1218,400006,entrenamiento
pergamino,2024-25,1,-60.228402,-33.786401,914,2651,400013,entrenamiento
pergamino,2024-25,1,-60.662827,-33.966693,1583,1039,700005,entrenamiento
pergamino,2024-25,1,-60.676302,-33.956183,1544,989,700004,entrenamiento
pergamino,2024-25,1,-60.780596,-33.934893,1465,602,700003,entrenamiento
pergamino,2024-25,1,-60.610545,-34.062094,1937,1233,900006,entrenamiento
pergamino,2024-25,1,-60.257777,-33.876952,1250,2542,600012,entrenamiento
pergamino,2024-25,1,-60.876806,-33.863746,1201,245,600001,entrenamiento
pergamino,2024-25,1,-60.535356,-33.675639,503,1512,200007,entrenamiento
pergamino,2024-25,1,-60.659323,-34.020053,1781,1052,800005,entrenamiento
pergamino,2024-25,1,-60.82668,-33.599642,221,431,100002,entrenamiento
pergamino,2024-25,1,-60.851204,-33.899859,1335,340,600001,entrenamiento
pergamino,2024-25,1,-60.467174,-33.892313,1307,1765,600008,entrenamiento
pergamino,2024-25,1,-60.482535,-34.14995,2263,1708,1100008,entrenamiento
pergamino,2024-25,1,-60.412466,-33.775083,872,1968,400009,entrenamiento
pergamino,2024-25,1,-60.82102,-33.613655,273,452,100002,entrenamiento
pergamino,2024-25,1,-60.598957,-33.973431,1608,1276,800006,entrenamiento
pergamino,2024-25,1,-60.673876,-34.007117,1733,998,800004,entrenamiento
pergamino,2024-25,1,-60.482805,-34.087157,2030,1707,1000008,entrenamiento
pergamino,2024-25,1,-60.851473,-33.575657,132,339,1,entrenamiento
pergamino,2024-25,1,-60.617282,-33.998224,1700,1208,800006,entrenamiento
pergamino,2024-25,1,-60.628601,-33.931659,1453,1166,700005,entrenamiento
pergamino,2024-25,1,-60.578206,-33.806075,987,1353,400006,entrenamiento
pergamino,2024-25,1,-60.835303,-33.754062,794,399,300001,entrenamiento
pergamino,2024-25,1,-60.550717,-33.748133,772,1455,300007,entrenamiento
pergamino,2024-25,1,-60.515413,-33.922766,1420,1586,700007,entrenamiento
pergamino,2024-25,1,-60.536703,-33.735467,725,1507,300007,entrenamiento
pergamino,2024-25,1,-60.518378,-34.108447,2109,1575,1000007,entrenamiento
pergamino,2024-25,1,-60.871416,-33.564877,92,265,1,entrenamiento
pergamino,2024-25,1,-60.604077,-34.088774,2036,1257,1000006,entrenamiento
pergamino,2024-25,1,-60.541015,-33.753523,792,1491,300007,entrenamiento
pergamino,2024-25,1,-60.460706,-33.927078,1436,1789,700008,entrenamiento
pergamino,2024-25,1,-60.456933,-33.65381,422,1803,200009,entrenamiento
pergamino,2024-25,1,-60.339972,-33.855931,1172,2237,500011,entrenamiento
pergamino,2024-25,1,-60.344284,-33.768076,846,2221,400011,entrenamiento
pergamino,2024-25,1,-60.198757,-33.694504,573,2761,200013,entrenamiento
pergamino,2024-25,1,-60.535086,-33.970736,1598,1513,700007,entrenamiento
pergamino,2024-25,1,-60.676841,-33.840031,1113,987,500004,entrenamiento
pergamino,2024-25,1,-60.183127,-33.748403,773,2819,300014,entrenamiento
pergamino,2024-25,1,-60.412736,-34.038918,1851,1967,900009,entrenamiento
pergamino,2024-25,1,-60.831261,-33.755679,800,414,400002,entrenamiento
pergamino,2024-25,1,-60.385786,-33.767537,844,2067,400010,entrenamiento
pergamino,2024-25,1,-60.80539,-33.683185,531,510,200002,entrenamiento
pergamino,2024-25,1,-60.702443,-34.003614,1720,892,800004,entrenamiento
pergamino,2024-25,1,-60.448579,-33.769693,852,1834,400009,entrenamiento
pergamino,2024-25,1,-60.268826,-33.933815,1461,2501,700012,entrenamiento
pergamino,2024-25,1,-60.43214,-33.893391,1311,1895,600009,entrenamiento
pergamino,2024-25,1,-60.425133,-33.842187,1121,1921,500009,entrenamiento
pergamino,2024-25,1,-60.685195,-33.966154,1581,956,700004,entrenamiento
pergamino,2024-25,1,-60.348327,-33.87237,1233,2206,600011,entrenamiento
pergamino,2024-25,1,-60.873302,-33.877221,1251,258,600001,entrenamiento
pergamino,2024-25,1,-60.700556,-33.80823,995,899,400004,entrenamiento
pergamino,2024-25,1,-60.409232,-33.667285,472,1980,200009,entrenamiento
pergamino,2024-25,1,-60.365844,-33.94163,1490,2141,700010,entrenamiento
pergamino,2024-25,1,-60.687081,-33.640874,374,949,100004,entrenamiento
pergamino,2024-25,1,-60.446153,-33.68049,521,1843,200009,entrenamiento
pergamino,2024-25,1,-60.640998,-33.965885,1580,1120,700005,entrenamiento
pergamino,2024-25,1,-60.713492,-33.783437,903,851,400004,entrenamiento
pergamino,2024-25,1,-60.777901,-33.868058,1217,612,600003,entrenamiento
pergamino,2024-25,1,-60.548561,-34.086079,2026,1463,1000007,entrenamiento
pergamino,2024-25,1,-60.595453,-33.727921,697,1289,300006,entrenamiento
pergamino,2024-25,1,-60.905642,-33.848924,1146,138,500000,entrenamiento
pergamino,2024-25,1,-60.337816,-33.721992,675,2245,300011,entrenamiento
pergamino,2024-25,1,-60.255621,-33.850541,1152,2550,500012,entrenamiento
pergamino,2024-25,1,-60.673607,-34.011968,1751,999,800004,entrenamiento
pergamino,2024-25,1,-60.484691,-33.911447,1378,1700,600008,entrenamiento
pergamino,2024-25,1,-60.683578,-33.965885,1580,962,700004,entrenamiento
pergamino,2024-25,1,-60.30925,-33.883958,1276,2351,600011,entrenamiento
pergamino,2024-25,1,-60.243493,-33.821975,1046,2595,500012,entrenamiento
pergamino,2024-25,1,-60.546675,-33.989061,1666,1470,800007,entrenamiento
pergamino,2024-25,1,-60.439685,-33.828982,1072,1867,500009,entrenamiento
pergamino,2024-25,1,-60.699748,-33.782898,901,902,400004,entrenamiento
pergamino,2024-25,1,-60.52781,-33.890696,1301,1540,600007,entrenamiento
pergamino,2024-25,1,-60.826141,-33.594252,201,433,100002,entrenamiento
pergamino,2024-25,1,-60.466096,-33.875604,1245,1769,600008,entrenamiento
pergamino,2024-25,1,-60.497357,-33.692078,564,1653,200008,entrenamiento
pergamino,2024-25,1,-60.54937,-33.839222,1110,1460,500007,entrenamiento
pergamino,2024-25,1,-60.49035,-33.714446,647,1679,300008,entrenamiento
pergamino,2024-25,1,-60.825063,-33.75002,779,437,300002,entrenamiento
pergamino,2024-25,1,-60.857671,-33.743013,753,316,300001,entrenamiento
pergamino,2024-25,1,-60.52781,-34.115993,2137,1540,1000007,entrenamiento
pergamino,2024-25,1,-60.536973,-33.734389,721,1506,300007,entrenamiento
pergamino,2024-25,1,-60.49035,-33.668902,478,1679,200008,entrenamiento
pergamino,2024-25,1,-60.212771,-33.67537,502,2709,200013,entrenamiento
pergamino,2024-25,1,-60.483074,-33.702319,602,1706,300008,entrenamiento
pergamino,2024-25,1,-60.290924,-33.681568,525,2419,200012,entrenamiento
pergamino,2024-25,1,-60.279875,-33.955375,1541,2460,700012,entrenamiento
pergamino,2024-25,1,-60.314909,-33.768076,846,2330,400011,entrenamiento
pergamino,2024-25,1,-60.258316,-33.857009,1176,2540,500012,entrenamiento
pergamino,2024-25,1,-60.299548,-33.893121,1310,2387,600011,entrenamiento
pergamino,2024-25,1,-60.848509,-33.602606,232,350,100001,entrenamiento
pergamino,2024-25,1,-60.533469,-34.045116,1874,1519,900007,entrenamiento
pergamino,2024-25,1,-60.411388,-33.687497,547,1972,200009,entrenamiento
pergamino,2024-25,1,-60.548561,-33.672675,492,1463,200007,entrenamiento
pergamino,2024-25,1,-60.636147,-33.649498,406,1138,200005,entrenamiento
pergamino,2024-25,1,-60.502747,-33.889887,1298,1633,600008,entrenamiento
pergamino,2024-25,1,-60.513796,-34.03784,1847,1592,900007,entrenamiento
pergamino,2024-25,1,-60.474989,-34.080151,2004,1736,1000008,entrenamiento
pergamino,2024-25,1,-60.790567,-33.752445,788,565,300002,entrenamiento
pergamino,2024-25,1,-60.438068,-33.633867,348,1873,100009,entrenamiento
pergamino,2024-25,1,-60.294428,-33.975317,1615,2406,800012,entrenamiento
pergamino,2024-25,1,-60.458011,-33.932198,1455,1799,700008,entrenamiento
pergamino,2024-25,1,-60.713222,-33.784245,906,852,400004,entrenamiento
pergamino,2024-25,1,-60.897287,-33.863207,1199,169,500000,entrenamiento
pergamino,2024-25,1,-60.803773,-33.606649,247,516,100002,entrenamiento
pergamino,2024-25,1,-60.582518,-33.79799,957,1337,400006,entrenamiento
pergamino,2024-25,1,-60.722655,-33.791791,934,817,400004,entrenamiento
pergamino,2024-25,1,-60.435643,-34.047811,1884,1882,900009,entrenamiento
pergamino,2024-25,1,-60.223281,-33.766728,841,2670,400013,entrenamiento
pergamino,2024-25,1,-60.293619,-33.667554,473,2409,200012,entrenamiento
pergamino,2024-25,1,-60.44804,-33.636832,359,1836,100009,entrenamiento
pergamino,2024-25,1,-60.839615,-33.902015,1343,383,600001,entrenamiento
pergamino,2024-25,1,-60.509754,-33.732233,713,1607,300008,entrenamiento
pergamino,2024-25,1,-60.405729,-33.80823,995,1993,400009,entrenamiento
pergamino,2024-25,1,-60.312484,-33.676987,508,2339,200011,entrenamiento
pergamino,2024-25,1,-60.44777,-34.127582,2180,1837,1000009,entrenamiento
pergamino,2024-25,1,-60.608928,-34.033528,1831,1239,900006,entrenamiento
pergamino,2024-25,1,-60.448848,-33.713907,645,1833,300009,entrenamiento
pergamino,2024-25,1,-60.521073,-34.109525,2113,1565,1000007,entrenamiento
pergamino,2024-25,1,-60.491428,-33.935971,1469,1675,700008,entrenamiento
pergamino,2024-25,1,-60.661749,-33.945134,1503,1043,700005,entrenamiento
pergamino,2024-25,1,-60.349135,-33.768076,846,2203,400011,entrenamiento
pergamino,2024-25,1,-60.649891,-33.648151,401,1087,200005,entrenamiento
pergamino,2024-25,1,-60.483882,-33.688575,551,1703,200008,entrenamiento
pergamino,2024-25,1,-60.366383,-33.90956,1371,2139,600010,entrenamiento
pergamino,2024-25,1,-60.316257,-33.894199,1314,2325,600011,entrenamiento
pergamino,2024-25,1,-60.240259,-33.807422,992,2607,400013,entrenamiento
pergamino,2024-25,1,-60.675763,-33.778586,885,991,400004,entrenamiento
pergamino,2024-25,1,-60.529966,-34.126234,2175,1532,1000007,entrenamiento
pergamino,2024-25,1,-60.833956,-33.806613,989,404,400002,entrenamiento
pergamino,2024-25,1,-60.802425,-33.674022,497,521,200002,entrenamiento
pergamino,2024-25,1,-60.810779,-33.81901,1035,490,500002,entrenamiento
pergamino,2024-25,1,-60.427019,-34.104136,2093,1914,1000009,entrenamiento
pergamino,2024-25,1,-60.400878,-33.840839,1116,2011,500010,entrenamiento
pergamino,2024-25,1,-60.684656,-33.78694,916,958,400004,entrenamiento
pergamino,2024-25,1,-60.415161,-33.972353,1604,1958,800009,entrenamiento
pergamino,2024-25,1,-60.622672,-33.923035,1421,1188,700005,entrenamiento
pergamino,2024-25,1,-60.486577,-33.844343,1129,1693,500008,entrenamiento
pergamino,2024-25,1,-60.703251,-34.004962,1725,889,800004,entrenamiento
pergamino,2024-25,1,-60.718612,-33.789096,924,832,400004,entrenamiento
pergamino,2024-25,1,-60.455316,-33.781551,896,1809,400009,entrenamiento
pergamino,2024-25,1,-60.696514,-33.84596,1135,914,500004,entrenamiento
pergamino,2024-25,1,-60.451004,-33.764303,832,1825,400009,entrenamiento
pergamino,2024-25,1,-60.521073,-34.068023,1959,1565,900007,entrenamiento
pergamino,2024-25,1,-60.667408,-33.673483,495,1022,200005,entrenamiento
pergamino,2024-25,1,-60.323533,-33.809039,998,2298,400011,entrenamiento
pergamino,2024-25,1,-60.530236,-34.035684,1839,1531,900007,entrenamiento
pergamino,2024-25,1,-60.478762,-33.892582,1308,1722,600008,entrenamiento
pergamino,2024-25,1,-60.497627,-34.118149,2145,1652,1000008,entrenamiento
pergamino,2024-25,1,-60.750143,-33.878569,1256,715,600003,entrenamiento
pergamino,2024-25,1,-60.398453,-33.941091,1488,2020,700010,entrenamiento
pergamino,2024-25,1,-60.821829,-33.771849,860,449,400002,entrenamiento
pergamino,2024-25,1,-60.57066,-33.706362,617,1381,300006,entrenamiento
pergamino,2024-25,1,-60.462862,-33.710673,633,1781,300008,entrenamiento
pergamino,2024-25,1,-60.705138,-33.801224,969,882,400004,entrenamiento
pergamino,2024-25,1,-60.466365,-33.686419,543,1768,200008,entrenamiento
pergamino,2024-25,1,-60.280145,-33.898511,1330,2459,600012,entrenamiento
pergamino,2024-25,1,-60.450196,-33.704745,611,1828,300009,entrenamiento
pergamino,2024-25,1,-60.839615,-33.567841,103,383,1,entrenamiento
pergamino,2024-25,1,-60.792454,-33.684532,536,558,200002,entrenamiento
pergamino,2024-25,1,-60.365305,-33.844612,1130,2143,500010,entrenamiento
pergamino,2024-25,1,-60.572546,-33.754871,797,1374,300006,entrenamiento
pergamino,2024-25,1,-60.174503,-33.751367,784,2851,300014,entrenamiento
pergamino,2024-25,1,-60.189594,-33.78721,917,2795,400013,entrenamiento
pergamino,2024-25,1,-60.319221,-33.883419,1274,2314,600011,entrenamiento
pergamino,2024-25,1,-60.435912,-33.807422,992,1881,400009,entrenamiento
pergamino,2024-25,1,-60.696783,-33.599103,219,913,100004,entrenamiento
pergamino,2024-25,1,-60.81051,-33.834102,1091,491,500002,entrenamiento
pergamino,2024-25,1,-60.304938,-33.65893,441,2367,200011,entrenamiento
pergamino,2024-25,1,-60.814013,-33.642491,380,478,100002,entrenamiento
pergamino,2024-25,1,-60.269095,-33.891504,1304,2500,600012,entrenamiento
pergamino,2024-25,1,-60.181779,-33.705014,612,2824,300014,entrenamiento
pergamino,2024-25,1,-60.451004,-33.717411,658,1825,300009,entrenamiento
pergamino,2024-25,1,-60.456394,-33.981246,1637,1805,800009,entrenamiento
pergamino,2024-25,1,-60.720229,-33.814968,1020,826,500004,entrenamiento
pergamino,2024-25,1,-60.528619,-33.848924,1146,1537,500007,entrenamiento
pergamino,2024-25,1,-60.560149,-33.970197,1596,1420,700007,entrenamiento
pergamino,2024-25,1,-60.264783,-33.737623,733,2516,300012,entrenamiento
pergamino,2024-25,1,-60.433218,-33.732772,715,1891,300009,entrenamiento
pergamino,2024-25,1,-60.573355,-33.806883,990,1371,400006,entrenamiento
pergamino,2024-25,1,-60.372851,-33.894469,1315,2115,600010,entrenamiento
pergamino,2024-25,1,-60.316257,-33.737084,731,2325,300011,entrenamiento
pergamino,2024-25,1,-60.367461,-33.943247,1496,2135,700010,entrenamiento
pergamino,2024-25,1,-60.794071,-33.718758,663,552,300002,entrenamiento
pergamino,2024-25,1,-60.660671,-33.6592,442,1047,200005,entrenamiento
pergamino,2024-25,1,-60.543171,-33.828443,1070,1483,500007,entrenamiento
pergamino,2024-25,1,-60.242415,-33.918723,1405,2599,700012,entrenamiento
pergamino,2024-25,1,-60.870607,-33.753254,791,268,300001,entrenamiento
pergamino,2024-25,1,-60.686542,-33.599642,221,951,100004,entrenamiento
pergamino,2024-25,1,-60.577667,-33.817393,1029,1355,500006,validacion_mnc
pergamino,2024-25,1,-60.225707,-33.847846,1142,2661,500013,validacion_mnc
pergamino,2024-25,1,-60.762001,-33.645456,391,671,100003,validacion_mnc
pergamino,2024-25,1,-60.650161,-33.722801,678,1086,300005,validacion_mnc
pergamino,2024-25,1,-60.526732,-33.769154,850,1544,400007,validacion_mnc
pergamino,2024-25,1,-60.727506,-33.741665,748,799,300003,validacion_mnc
pergamino,2024-25,1,-60.575241,-33.815507,1022,1364,500006,validacion_mnc
pergamino,2024-25,1,-60.832339,-33.906596,1360,410,600002,validacion_mnc
pergamino,2024-25,1,-60.470138,-34.038109,1848,1754,900008,validacion_mnc
pergamino,2024-25,1,-60.639381,-34.052123,1900,1126,900005,validacion_mnc
pergamino,2024-25,1,-60.596262,-33.679143,516,1286,200006,validacion_mnc
pergamino,2024-25,1,-60.196601,-33.743282,754,2769,300013,validacion_mnc
pergamino,2024-25,1,-60.744753,-33.844612,1130,735,500003,validacion_mnc
pergamino,2024-25,1,-60.750682,-33.741935,749,713,300003,validacion_mnc
pergamino,2024-25,1,-60.601652,-33.645186,390,1266,100006,validacion_mnc
pergamino,2024-25,1,-60.497627,-33.802841,975,1652,400008,validacion_mnc
pergamino,2024-25,1,-60.437529,-33.921688,1416,1875,700009,validacion_mnc
pergamino,2024-25,1,-60.694897,-33.744091,757,920,300004,validacion_mnc
pergamino,2024-25,1,-60.832339,-33.878299,1255,410,600002,validacion_mnc
pergamino,2024-25,1,-60.651778,-33.721723,674,1080,300005,validacion_mnc
pergamino,2024-25,1,-60.227324,-33.837875,1105,2655,500013,validacion_mnc
pergamino,2024-25,1,-60.767391,-33.722262,676,651,300003,validacion_mnc
pergamino,2024-25,1,-60.605425,-33.688036,549,1252,200006,validacion_mnc
pergamino,2024-25,1,-60.830992,-33.908213,1366,415,600002,validacion_mnc
pergamino,2024-25,1,-60.794071,-33.892582,1308,552,600002,validacion_mnc
pergamino,2024-25,1,-60.479301,-33.798798,960,1720,400008,validacion_mnc
pergamino,2024-25,1,-60.667139,-33.833563,1089,1023,500005,validacion_mnc
pergamino,2024-25,1,-60.217891,-33.837605,1104,2690,500013,validacion_mnc
pergamino,2024-25,1,-60.662557,-33.631981,341,1040,100005,validacion_mnc
pergamino,2024-25,1,-60.544788,-33.806075,987,1477,400007,validacion_mnc
pergamino,2024-25,1,-60.179893,-33.774813,871,2831,400014,validacion_mnc
pergamino,2024-25,1,-60.323533,-33.977473,1623,2298,800011,validacion_mnc
pergamino,2024-25,1,-60.468521,-34.001728,1713,1760,800008,validacion_mnc
pergamino,2024-25,1,-60.746101,-33.851619,1156,730,500003,validacion_mnc
pergamino,2024-25,1,-60.739902,-33.683185,531,753,200003,validacion_mnc
pergamino,2024-25,1,-60.76227,-33.852158,1158,670,500003,validacion_mnc
pergamino,2024-25,1,-60.846892,-33.772118,861,356,400001,validacion_mnc
pergamino,2024-25,1,-60.749874,-33.975317,1615,716,800003,validacion_mnc
pergamino,2024-25,1,-60.734243,-33.68076,522,774,200003,validacion_mnc
pergamino,2024-25,1,-60.792993,-33.901206,1340,556,600002,validacion_mnc
pergamino,2024-25,1,-60.377971,-34.00038,1708,2096,800010,validacion_mnc
pergamino,2024-25,1,-60.735321,-33.792869,938,770,400003,validacion_mnc
pergamino,2024-25,1,-60.750682,-33.686688,544,713,200003,validacion_mnc
pergamino,2024-25,1,-60.205225,-33.707978,623,2737,300013,validacion_mnc
pergamino,2024-25,1,-60.766582,-33.719836,667,654,300003,validacion_mnc
pergamino,2024-25,1,-60.423785,-33.923035,1421,1926,700009,validacion_mnc
pergamino,2024-25,1,-60.887316,-33.756488,803,206,400001,validacion_mnc
pergamino,2024-25,1,-60.709449,-33.715794,652,866,300004,validacion_mnc
pergamino,2024-25,1,-60.44777,-33.958608,1553,1837,700009,validacion_mnc
pergamino,2024-25,1,-60.350483,-34.034336,1834,2198,900010,validacion_mnc
pergamino,2024-25,1,-60.654473,-33.841648,1119,1070,500005,validacion_mnc
pergamino,2024-25,1,-60.24511,-33.789905,927,2589,400012,validacion_mnc
pergamino,2024-25,1,-60.378241,-33.710134,631,2095,300010,validacion_mnc
pergamino,2024-25,1,-60.780327,-33.758104,809,603,400003,validacion_mnc
pergamino,2024-25,1,-60.573894,-33.823053,1050,1369,500006,validacion_mnc
pergamino,2024-25,1,-60.477145,-34.058052,1922,1728,900008,validacion_mnc
pergamino,2024-25,1,-60.737207,-33.746786,767,763,300003,validacion_mnc
pergamino,2024-25,1,-60.210615,-33.829521,1074,2717,500013,validacion_mnc
pergamino,2024-25,1,-60.505981,-34.061286,1934,1621,900008,validacion_mnc
pergamino,2024-25,1,-60.755803,-33.721723,674,694,300003,validacion_mnc
pergamino,2024-25,1,-60.167226,-33.699355,591,2878,200014,validacion_mnc
pergamino,2024-25,1,-60.867104,-33.82979,1075,281,500001,validacion_mnc
pergamino,2024-25,1,-60.731818,-33.720375,669,783,300003,validacion_mnc
pergamino,2024-25,1,-60.676841,-34.026252,1804,987,900004,validacion_mnc
pergamino,2024-25,1,-60.327576,-33.922766,1420,2283,700011,validacion_mnc
pergamino,2024-25,1,-60.476337,-33.801493,970,1731,400008,validacion_mnc
pergamino,2024-25,1,-60.481996,-34.059669,1928,1710,900008,validacion_mnc
pergamino,2024-25,1,-60.74637,-33.809578,1000,729,500003,validacion_mnc
pergamino,2024-25,1,-60.434565,-33.961842,1565,1886,700009,validacion_mnc
pergamino,2024-25,1,-60.315179,-33.92573,1431,2329,700011,validacion_mnc
pergamino,2024-25,1,-60.86926,-33.862668,1197,273,500001,validacion_mnc
pergamino,2024-25,1,-60.740172,-33.777508,881,752,400003,validacion_mnc
pergamino,2024-25,1,-60.626445,-33.721992,675,1174,300005,validacion_mnc
pergamino,2024-25,1,-60.399531,-34.047272,1882,2016,900010,validacion_mnc
pergamino,2024-25,1,-60.575511,-33.664859,463,1363,200006,validacion_mnc
pergamino,2024-25,1,-60.536703,-33.804458,981,1507,400007,validacion_mnc
pergamino,2024-25,1,-60.649352,-34.073413,1979,1089,900005,validacion_mnc
pergamino,2024-25,1,-60.236756,-33.816854,1027,2620,500013,validacion_mnc
pergamino,2024-25,1,-60.733434,-33.792869,938,777,400003,validacion_mnc
pergamino,2024-25,1,-60.850934,-33.823053,1050,341,500001,validacion_mnc
pergamino,2024-25,1,-60.489003,-33.770771,856,1684,400008,validacion_mnc
pergamino,2024-25,1,-60.502478,-33.802302,973,1634,400008,validacion_mnc
pergamino,2024-25,1,-60.48523,-33.79799,957,1698,400008,validacion_mnc
pergamino,2024-25,1,-60.561766,-33.770771,856,1414,400007,validacion_mnc
pergamino,2024-25,1,-60.50113,-33.982324,1641,1639,800008,validacion_mnc
pergamino,2024-25,1,-60.329193,-33.975317,1615,2277,800011,validacion_mnc
pergamino,2024-25,1,-60.442919,-33.955105,1540,1855,700009,validacion_mnc
pergamino,2024-25,1,-60.393871,-34.031372,1823,2037,900010,validacion_mnc
pergamino,2024-25,1,-60.317065,-33.987714,1661,2322,800011,validacion_mnc
pergamino,2024-25,1,-60.230558,-33.828443,1070,2643,500013,validacion_mnc
pergamino,2024-25,1,-60.806198,-33.912255,1381,507,600002,validacion_mnc
pergamino,2024-25,1,-60.625906,-33.724148,683,1176,300005,validacion_mnc
pergamino,2024-25,1,-60.593567,-33.827634,1067,1296,500006,validacion_mnc
pergamino,2024-25,1,-60.6984,-33.71256,640,907,300004,validacion_mnc
pergamino,2024-25,1,-60.779518,-33.716602,655,606,300003,validacion_mnc
pergamino,2024-25,1,-60.43187,-33.949176,1518,1896,700009,validacion_mnc
pergamino,2024-25,1,-60.848778,-33.803919,979,349,400001,validacion_mnc
pergamino,2024-25,1,-60.28284,-33.778586,885,2449,400012,validacion_mnc
pergamino,2024-25,1,-60.34644,-33.942978,1495,2213,700011,validacion_mnc
pergamino,2024-25,1,-60.628062,-34.025713,1802,1168,900005,validacion_mnc
pergamino,2024-25,1,-60.601652,-33.69666,581,1266,200006,validacion_mnc
pergamino,2024-25,1,-60.486308,-33.986366,1656,1694,800008,validacion_mnc
pergamino,2024-25,1,-60.375546,-33.975856,1617,2105,800010,validacion_mnc
pergamino,2024-25,1,-60.371234,-34.004962,1725,2121,800010,validacion_mnc
pergamino,2024-25,1,-60.639111,-33.647612,399,1127,100005,validacion_mnc
pergamino,2024-25,1,-60.587099,-33.812003,1009,1320,500006,validacion_mnc
pergamino,2024-25,1,-60.679536,-34.034875,1836,977,900004,validacion_mnc
pergamino,2024-25,1,-60.664983,-33.812542,1011,1031,500005,validacion_mnc
pergamino,2024-25,1,-60.863331,-33.806883,990,295,400001,validacion_mnc
pergamino,2024-25,1,-60.739902,-33.816315,1025,753,500003,validacion_mnc
pergamino,2024-25,1,-60.733165,-33.716872,656,778,300003,validacion_mnc
pergamino,2024-25,1,-60.194715,-33.75002,779,2776,300013,validacion_mnc
pergamino,2024-25,1,-60.755264,-33.851889,1157,696,500003,validacion_mnc
pergamino,2024-25,1,-60.534008,-33.775891,875,1517,400007,validacion_mnc
pergamino,2024-25,1,-60.768738,-33.648151,401,646,200003,validacion_mnc
pergamino,2024-25,1,-60.262088,-33.79799,957,2526,400012,validacion_mnc
pergamino,2024-25,1,-60.61836,-33.837336,1103,1204,500006,validacion_mnc
pergamino,2024-25,1,-60.248614,-33.782359,899,2576,400012,validacion_mnc
pergamino,2024-25,1,-60.370964,-34.013316,1756,2122,800010,validacion_mnc
pergamino,2024-25,1,-60.465018,-34.074491,1983,1773,900008,validacion_mnc
pergamino,2024-25,1,-60.632913,-33.724418,684,1150,300005,validacion_mnc
pergamino,2024-25,1,-60.70891,-33.720645,670,868,300004,validacion_mnc
pergamino,2024-25,1,-60.715109,-33.719028,664,845,300004,validacion_mnc
pergamino,2024-25,1,-60.375007,-34.055357,1912,2107,900010,validacion_mnc
pergamino,2024-25,1,-60.860636,-33.764572,833,305,400001,validacion_mnc
pergamino,2024-25,1,-60.780327,-33.74975,778,603,300003,validacion_mnc
pergamino,2024-25,1,-60.757419,-33.835449,1096,688,500003,validacion_mnc
pergamino,2024-25,1,-60.329732,-33.98448,1649,2275,800011,validacion_mnc
pergamino,2024-25,1,-60.182588,-33.661625,451,2821,200014,validacion_mnc
pergamino,2024-25,1,-60.307094,-33.969658,1594,2359,700011,validacion_mnc
pergamino,2024-25,1,-60.799191,-33.880725,1264,533,600002,validacion_mnc
pergamino,2024-25,1,-60.201722,-33.714716,648,2750,300013,validacion_mnc
pergamino,2024-25,1,-60.485769,-33.773196,865,1696,400008,validacion_mnc
pergamino,2024-25,1,-60.856055,-33.805266,984,322,400001,validacion_mnc
pergamino,2024-25,1,-60.185282,-33.662164,453,2811,200014,validacion_mnc
pergamino,2024-25,1,-60.334852,-33.938127,1477,2256,700011,validacion_mnc
pergamino,2024-25,1,-60.340511,-33.95753,1549,2235,700011,validacion_mnc
pergamino,2024-25,1,-60.6984,-33.711212,635,907,300004,validacion_mnc
pergamino,2024-25,1,-60.184205,-33.688575,551,2815,200014,validacion_mnc
pergamino,2024-25,1,-60.415161,-33.943786,1498,1958,700009,validacion_mnc
pergamino,2024-25,1,-60.616743,-33.816315,1025,1210,500006,validacion_mnc
pergamino,2024-25,1,-60.756072,-33.809308,999,693,400003,validacion_mnc
pergamino,2024-25,1,-60.772781,-33.682915,530,631,200003,validacion_mnc
pergamino,2024-25,1,-60.76766,-33.84596,1135,650,500003,validacion_mnc
pergamino,2024-25,1,-60.795688,-33.864285,1203,546,600002,validacion_mnc
pergamino,2024-25,1,-60.764965,-33.83006,1076,660,500003,validacion_mnc
pergamino,2024-25,1,-60.444806,-33.957261,1548,1848,700009,validacion_mnc
pergamino,2024-25,1,-60.579014,-33.810656,1004,1350,500006,validacion_mnc
pergamino,2024-25,1,-60.744214,-33.795025,946,737,400003,validacion_mnc
pergamino,2024-25,1,-60.230288,-33.845421,1133,2644,500013,validacion_mnc
pergamino,2024-25,1,-60.390368,-34.019245,1778,2050,800010,validacion_mnc
pergamino,2024-25,1,-60.480649,-34.061286,1934,1715,900008,validacion_mnc
pergamino,2024-25,1,-60.753377,-33.766189,839,703,400003,validacion_mnc
pergamino,2024-25,1,-60.84231,-33.766998,842,373,400001,validacion_mnc
pergamino,2024-25,1,-60.64504,-33.744091,757,1105,300005,validacion_mnc
pergamino,2024-25,1,-60.712683,-33.72307,679,854,300004,validacion_mnc
pergamino,2024-25,1,-60.700826,-34.034336,1834,898,900004,validacion_mnc
pergamino,2024-25,1,-60.760923,-33.862399,1196,675,500003,validacion_mnc
pergamino,2024-25,1,-60.50113,-33.79233,936,1639,400008,validacion_mnc
pergamino,2024-25,1,-60.67199,-34.041074,1859,1005,900005,validacion_mnc
pergamino,2024-25,1,-60.392793,-34.06991,1966,2041,900010,validacion_mnc
pergamino,2024-25,1,-60.32003,-33.979629,1631,2311,800011,validacion_mnc
pergamino,2024-25,1,-60.847431,-33.814429,1018,354,500001,validacion_mnc
pergamino,2024-25,1,-60.337277,-33.958339,1552,2247,700011,validacion_mnc
pergamino,2024-25,1,-60.738824,-33.619854,296,757,100003,validacion_mnc
pergamino,2024-25,1,-60.781674,-33.86725,1214,598,600002,validacion_mnc
pergamino,2024-25,1,-60.816169,-33.889079,1295,470,600002,validacion_mnc
pergamino,2024-25,1,-60.767391,-33.763764,830,651,400003,validacion_mnc
pergamino,2024-25,1,-60.605425,-33.838683,1108,1252,500006,validacion_mnc
pergamino,2024-25,1,-60.730201,-33.701241,598,789,200003,validacion_mnc
pergamino,2024-25,1,-60.360454,-33.984749,1650,2161,800010,validacion_mnc
pergamino,2024-25,1,-60.405729,-33.93624,1470,1993,700009,validacion_mnc
pergamino,2024-25,1,-60.341859,-33.932198,1455,2230,700011,validacion_mnc
pergamino,2024-25,1,-60.36773,-34.014663,1761,2134,800010,validacion_mnc
pergamino,2024-25,1,-60.364227,-33.992565,1679,2147,800010,validacion_mnc
pergamino,2024-25,1,-60.690046,-33.744091,757,938,300004,validacion_mnc
pergamino,2024-25,1,-60.76766,-33.848116,1143,650,500003,validacion_mnc
pergamino,2024-25,1,-60.491428,-33.769154,850,1675,400008,validacion_mnc
pergamino,2024-25,1,-60.774398,-33.669441,480,625,200003,validacion_mnc
pergamino,2024-25,1,-60.727236,-33.729808,704,800,300004,validacion_mnc
pergamino,2024-25,1,-60.203339,-33.81389,1016,2744,500013,validacion_mnc
pergamino,2024-25,1,-60.741519,-33.779395,888,747,400003,validacion_mnc
pergamino,2024-25,1,-60.661479,-33.72334,680,1044,300005,validacion_mnc
pergamino,2024-25,1,-60.374468,-33.707709,622,2109,300010,validacion_mnc
pergamino,2024-25,1,-60.670373,-33.833832,1090,1011,500005,validacion_mnc
pergamino,2024-25,1,-60.420012,-33.969658,1594,1940,700009,validacion_mnc
pergamino,2024-25,1,-60.749335,-33.689383,554,718,200003,validacion_mnc
pergamino,2024-25,1,-60.879231,-33.862399,1196,236,500001,validacion_mnc
pergamino,2024-25,1,-60.838268,-33.810656,1004,388,500001,validacion_mnc
pergamino,2024-25,1,-60.620247,-34.062094,1937,1197,900005,validacion_mnc
pergamino,2024-25,1,-60.602999,-33.811195,1006,1261,500006,validacion_mnc
pergamino,2024-25,1,-60.596531,-33.667824,474,1285,200006,validacion_mnc
pergamino,2024-25,1,-60.754725,-33.745169,761,698,300003,validacion_mnc
pergamino,2024-25,1,-60.891897,-33.750289,780,189,300000,validacion_mnc
pergamino,2024-25,1,-60.702982,-33.727113,694,890,300004,validacion_mnc
pergamino,2024-25,1,-60.596801,-33.69127,561,1284,200006,validacion_mnc
pergamino,2024-25,1,-60.323533,-33.973431,1608,2298,800011,validacion_mnc
pergamino,2024-25,1,-60.704868,-33.710673,633,883,300004,validacion_mnc
pergamino,2024-25,1,-60.79973,-33.889079,1295,531,600002,validacion_mnc
pergamino,2024-25,1,-60.47984,-33.976126,1618,1718,800008,validacion_mnc
pergamino,2024-25,1,-60.2028,-33.729808,704,2746,300013,validacion_mnc
pergamino,2024-25,1,-60.450465,-33.964537,1575,1827,700009,validacion_mnc
pergamino,2024-25,1,-60.460975,-33.786671,915,1788,400008,validacion_mnc
pergamino,2024-25,1,-60.463131,-34.039457,1853,1780,900008,validacion_mnc
pergamino,2024-25,1,-60.54937,-33.808769,997,1460,400007,validacion_mnc
pergamino,2024-25,1,-60.557994,-33.788018,920,1428,400007,validacion_mnc
pergamino,2024-25,1,-60.529427,-33.800954,968,1534,400007,validacion_mnc
pergamino,2024-25,1,-60.40519,-33.95268,1531,1995,700009,validacion_mnc
pergamino,2024-25,1,-60.66633,-33.753254,791,1026,300005,validacion_mnc
pergamino,2024-25,1,-60.234061,-33.848655,1145,2630,500013,validacion_mnc
pergamino,2024-25,1,-60.302782,-33.932467,1456,2375,700011,validacion_mnc
pergamino,2024-25,1,-60.345901,-33.938127,1477,2215,700011,validacion_mnc
pergamino,2024-25,1,-60.318682,-34.004962,1725,2316,800011,validacion_mnc
pergamino,2024-25,1,-60.591141,-33.837605,1104,1305,500006,validacion_mnc
pergamino,2024-25,1,-60.747987,-33.987983,1662,723,800003,validacion_mnc
pergamino,2024-25,1,-60.558802,-33.78721,917,1425,400007,validacion_mnc
pergamino,2024-25,1,-60.684117,-33.722801,678,960,300004,validacion_mnc
pergamino,2024-25,1,-60.79973,-33.89393,1313,531,600002,validacion_mnc
pergamino,2024-25,1,-60.839615,-33.77131,858,383,400001,validacion_mnc
pergamino,2024-25,1,-60.341589,-33.983671,1646,2231,800011,validacion_mnc
pergamino,2024-25,1,-60.764696,-33.724957,686,661,300003,validacion_mnc
pergamino,2024-25,1,-60.228941,-33.839222,1110,2649,500013,validacion_mnc
pergamino,2024-25,1,-60.665522,-33.754871,797,1029,300005,validacion_mnc
pergamino,2024-25,1,-60.69867,-33.708248,624,906,300004,validacion_mnc
pergamino,2024-25,1,-60.660401,-33.727113,694,1048,300005,validacion_mnc
pergamino,2024-25,1,-60.871685,-33.757565,807,264,400001,validacion_mnc
pergamino,2024-25,1,-60.179623,-33.77643,877,2832,400014,validacion_mnc
pergamino,2024-25,1,-60.244841,-33.791522,933,2590,400012,validacion_mnc
pergamino,2024-25,1,-60.62914,-33.728999,701,1164,300005,validacion_mnc
pergamino,2024-25,1,-60.734782,-33.776161,876,772,400003,validacion_mnc
pergamino,2024-25,1,-60.452621,-33.933815,1461,1819,700009,validacion_mnc
pergamino,2024-25,1,-60.655012,-33.849194,1147,1068,500005,validacion_mnc
pergamino,2024-25,1,-60.597879,-33.652732,418,1280,200006,validacion_mnc
pergamino,2024-25,1,-60.743675,-33.742743,752,739,300003,validacion_mnc
pergamino,2024-25,1,-60.271521,-33.802841,975,2491,400012,validacion_mnc
pergamino,2024-25,1,-60.590872,-33.677526,510,1306,200006,validacion_mnc
pergamino,2024-25,1,-60.746909,-33.985288,1652,727,800003,validacion_mnc
pergamino,2024-25,1,-60.780327,-33.814698,1019,603,500003,validacion_mnc
pergamino,2024-25,1,-60.564192,-33.791791,934,1405,400007,validacion_mnc
pergamino,2024-25,1,-60.504095,-33.763764,830,1628,400008,validacion_mnc
pergamino,2024-25,1,-60.794071,-33.883958,1276,552,600002,validacion_mnc
pergamino,2024-25,1,-60.603269,-33.814968,1020,1260,500006,validacion_mnc
pergamino,2024-25,1,-60.662018,-33.836258,1099,1042,500005,validacion_mnc
pergamino,2024-25,1,-60.638033,-33.729269,702,1131,300005,validacion_mnc
pergamino,2024-25,1,-60.727506,-33.731694,711,799,300003,validacion_mnc
pergamino,2024-25,1,-60.858749,-33.768345,847,312,400001,validacion_mnc
pergamino,2024-25,1,-60.55988,-33.789096,924,1421,400007,validacion_mnc
pergamino,2024-25,1,-60.848239,-33.817393,1029,351,500001,validacion_mnc
pergamino,2024-25,1,-60.670373,-33.641413,376,1011,100005,validacion_mnc
pergamino,2024-25,1,-60.738285,-33.738431,736,759,300003,validacion_mnc
pergamino,2024-25,1,-60.796227,-33.864285,1203,544,600002,validacion_mnc
pergamino,2024-25,1,-60.434026,-33.944864,1502,1888,700009,validacion_mnc
pergamino,2024-25,1,-60.373659,-34.045386,1875,2112,900010,validacion_mnc
pergamino,2024-25,1,-60.196601,-33.744091,757,2769,300013,validacion_mnc
pergamino,2024-25,1,-60.371503,-34.002806,1717,2120,800010,validacion_mnc
pergamino,2024-25,1,-60.770355,-33.714716,648,640,300003,validacion_mnc
pergamino,2024-25,1,-60.310597,-33.967232,1585,2346,700011,validacion_mnc
pergamino,2024-25,1,-60.669025,-33.6433,383,1016,100005,validacion_mnc
pergamino,2024-25,1,-60.220317,-33.814968,1020,2681,500013,validacion_mnc
pergamino,2024-25,1,-60.583595,-33.673214,494,1333,200006,validacion_mnc
pergamino,2024-25,1,-60.339433,-33.954566,1538,2239,700011,validacion_mnc
pergamino,2024-25,1,-60.597609,-33.821705,1045,1281,500006,validacion_mnc
pergamino,2024-25,1,-60.348327,-33.934354,1463,2206,700011,validacion_mnc
pergamino,2024-25,1,-60.757419,-33.745977,764,688,300003,validacion_mnc
pergamino,2024-25,1,-60.544519,-33.802841,975,1478,400007,validacion_mnc
pergamino,2024-25,1,-60.40007,-34.031102,1822,2014,900010,validacion_mnc
pergamino,2024-25,1,-60.668486,-33.835719,1097,1018,500005,validacion_mnc
pergamino,2024-25,1,-60.669025,-34.034875,1836,1016,900005,validacion_mnc
pergamino,2024-25,1,-60.750682,-33.64303,382,713,100003,validacion_mnc
pergamino,2024-25,1,-60.293889,-33.7767,878,2408,400012,validacion_mnc
pergamino,2024-25,1,-60.392254,-34.032719,1828,2043,900010,validacion_mnc
pergamino,2024-25,1,-60.603269,-33.696121,579,1260,200006,validacion_mnc
pergamino,2024-25,1,-60.334582,-33.951602,1527,2257,700011,validacion_mnc
pergamino,2024-25,1,-60.655281,-33.720645,670,1067,300005,validacion_mnc
pergamino,2024-25,1,-60.560958,-33.795295,947,1417,400007,validacion_mnc
pergamino,2024-25,1,-60.736129,-33.678873,515,767,200003,validacion_mnc
pergamino,2024-25,1,-60.530236,-33.768345,847,1531,400007,validacion_mnc
pergamino,2024-25,1,-60.654203,-34.052932,1903,1071,900005,validacion_mnc
pergamino,2024-25,1,-60.727506,-34.006039,1729,799,800003,validacion_mnc
pergamino,2024-25,1,-60.766313,-33.651385,413,655,200003,validacion_mnc
pergamino,2024-25,1,-60.394949,-33.709865,630,2033,300010,validacion_mnc
pergamino,2024-25,1,-60.175042,-33.69639,580,2849,200014,validacion_mnc
pergamino,2024-25,1,-60.502478,-33.79799,957,1634,400008,validacion_mnc
pergamino,2024-25,1,-60.353447,-34.034606,1835,2187,900010,validacion_mnc
pergamino,2024-25,1,-60.493584,-34.06452,1946,1667,900008,validacion_mnc
pergamino,2024-25,1,-60.241068,-33.83491,1094,2604,500013,validacion_mnc
pergamino,2024-25,1,-60.80512,-33.883958,1276,511,600002,validacion_mnc
pergamino,2024-25,1,-60.617552,-33.696121,579,1207,200006,validacion_mnc
pergamino,2024-25,1,-60.706755,-33.723879,682,876,300004,validacion_mnc
pergamino,2024-25,1,-60.878692,-33.821705,1045,238,500001,validacion_mnc
pergamino,2024-25,1,-60.890819,-33.753523,792,193,300000,validacion_mnc
pergamino,2024-25,1,-60.182318,-33.66459,462,2822,200014,validacion_mnc
pergamino,2024-25,1,-60.736129,-33.732772,715,767,300003,validacion_mnc
pergamino,2024-25,1,-60.386056,-34.049698,1891,2066,900010,validacion_mnc
pergamino,2024-25,1,-60.598148,-33.694234,572,1279,200006,validacion_mnc
pergamino,2024-25,1,-60.228941,-33.841378,1118,2649,500013,validacion_mnc
pergamino,2024-25,1,-60.769816,-33.822783,1049,642,500003,validacion_mnc
pergamino,2024-25,1,-60.198488,-33.727652,696,2762,300013,validacion_mnc
pergamino,2024-25,1,-60.74125,-33.689653,555,748,200003,validacion_mnc
pergamino,2024-25,1,-60.547483,-33.77643,877,1467,400007,validacion_mnc
pergamino,2024-25,2,-60.648005,-34.007117,1733,1094,800005,entrenamiento
pergamino,2024-25,2,-60.602999,-34.096859,2066,1261,1000006,entrenamiento
pergamino,2024-25,2,-60.510562,-34.115993,2137,1604,1000008,entrenamiento
pergamino,2024-25,2,-60.756611,-33.892852,1309,691,600003,entrenamiento
pergamino,2024-25,2,-60.690315,-33.641413,376,937,100004,entrenamiento
pergamino,2024-25,2,-60.691932,-33.652463,417,931,200004,entrenamiento
pergamino,2024-25,2,-60.336738,-33.750559,781,2249,300011,entrenamiento
pergamino,2024-25,2,-60.401956,-33.776969,879,2007,400010,entrenamiento
pergamino,2024-25,2,-60.285265,-33.885036,1280,2440,600012,entrenamiento
pergamino,2024-25,2,-60.566348,-33.730616,707,1397,300006,entrenamiento
pergamino,2024-25,2,-60.833147,-33.716063,653,407,300002,entrenamiento
pergamino,2024-25,2,-60.675763,-33.790983,931,991,400004,entrenamiento
pergamino,2024-25,2,-60.332696,-33.910638,1375,2264,600011,entrenamiento
pergamino,2024-25,2,-60.543171,-33.85135,1155,1483,500007,entrenamiento
pergamino,2024-25,2,-60.711605,-33.762147,824,858,400004,entrenamiento
pergamino,2024-25,2,-60.391176,-33.890965,1302,2047,600010,entrenamiento
pergamino,2024-25,2,-60.540476,-34.094164,2056,1493,1000007,entrenamiento
pergamino,2024-25,2,-60.573355,-34.100632,2080,1371,1000006,entrenamiento
pergamino,2024-25,2,-60.616474,-33.798529,959,1211,400006,entrenamiento
pergamino,2024-25,2,-60.440494,-33.719836,667,1864,300009,entrenamiento
pergamino,2024-25,2,-60.453699,-33.741665,748,1815,300009,entrenamiento
pergamino,2024-25,2,-60.647196,-34.009543,1742,1097,800005,entrenamiento
pergamino,2024-25,2,-60.332157,-33.848655,1145,2266,500011,entrenamiento
pergamino,2024-25,2,-60.786525,-33.674292,498,580,200002,entrenamiento
pergamino,2024-25,2,-60.230558,-33.804727,982,2643,400013,entrenamiento
pergamino,2024-25,2,-60.465826,-34.144021,2241,1770,1100008,entrenamiento
pergamino,2024-25,2,-60.681153,-33.8085,996,971,400004,entrenamiento
pergamino,2024-25,2,-60.362071,-33.897703,1327,2155,600010,entrenamiento
pergamino,2024-25,2,-60.545597,-34.102519,2087,1474,1000007,entrenamiento
pergamino,2024-25,2,-60.781674,-33.627669,325,598,100002,entrenamiento
pergamino,2024-25,2,-60.570929,-34.044847,1873,1380,900006,entrenamiento
pergamino,2024-25,2,-60.693549,-33.642222,379,925,100004,entrenamiento
pergamino,2024-25,2,-60.310328,-33.678604,514,2347,200011,entrenamiento
pergamino,2024-25,2,-60.545866,-34.092817,2051,1473,1000007,entrenamiento
pergamino,2024-25,2,-60.473103,-33.838953,1109,1743,500008,entrenamiento
pergamino,2024-25,2,-60.499783,-33.861051,1191,1644,500008,entrenamiento
pergamino,2024-25,2,-60.833686,-33.780742,893,405,400002,entrenamiento
pergamino,2024-25,2,-60.576858,-33.731425,710,1358,300006,entrenamiento
pergamino,2024-25,2,-60.801617,-33.761338,821,524,400002,entrenamiento
pergamino,2024-25,2,-60.722655,-33.782628,900,817,400004,entrenamiento
pergamino,2024-25,2,-60.551526,-34.076378,1990,1452,900007,entrenamiento
pergamino,2024-25,2,-60.504364,-33.67537,502,1627,200008,entrenamiento
pergamino,2024-25,2,-60.599496,-34.095512,2061,1274,1000006,entrenamiento
pergamino,2024-25,2,-60.358568,-33.893121,1310,2168,600010,entrenamiento
pergamino,2024-25,2,-60.765504,-33.942439,1493,658,700003,entrenamiento
pergamino,2024-25,2,-60.577667,-33.729808,704,1355,300006,entrenamiento
pergamino,2024-25,2,-60.256968,-33.863207,1199,2545,500012,entrenamiento
pergamino,2024-25,2,-60.48011,-34.130815,2192,1717,1000008,entrenamiento
pergamino,2024-25,2,-60.434565,-34.023018,1792,1886,800009,entrenamiento
pergamino,2024-25,2,-60.258585,-33.993104,1681,2539,800012,entrenamiento
pergamino,2024-25,2,-60.571738,-34.097398,2068,1377,1000006,entrenamiento
pergamino,2024-25,2,-60.713222,-33.761069,820,852,400004,entrenamiento
pergamino,2024-25,2,-60.246727,-33.831946,1083,2583,500012,entrenamiento
pergamino,2024-25,2,-60.659323,-33.983132,1644,1052,800005,entrenamiento
pergamino,2024-25,2,-60.800808,-33.699624,592,527,200002,entrenamiento
pergamino,2024-25,2,-60.475259,-33.855123,1169,1735,500008,entrenamiento
pergamino,2024-25,2,-60.351291,-33.893121,1310,2195,600010,entrenamiento
pergamino,2024-25,2,-60.420551,-34.068832,1962,1938,900009,entrenamiento
pergamino,2024-25,2,-60.588446,-34.035684,1839,1315,900006,entrenamiento
pergamino,2024-25,2,-60.694088,-33.646534,395,923,100004,entrenamiento
pergamino,2024-25,2,-60.704868,-33.76026,817,883,400004,entrenamiento
pergamino,2024-25,2,-60.241337,-33.80338,977,2603,400013,entrenamiento
pergamino,2024-25,2,-60.711066,-33.768076,846,860,400004,entrenamiento
pergamino,2024-25,2,-60.822098,-33.745169,761,448,300002,entrenamiento
pergamino,2024-25,2,-60.643423,-34.010351,1745,1111,800005,entrenamiento
pergamino,2024-25,2,-60.830992,-33.759182,813,415,400002,entrenamiento
pergamino,2024-25,2,-60.705677,-33.765381,836,880,400004,entrenamiento
pergamino,2024-25,2,-60.519995,-34.00038,1708,1569,800007,entrenamiento
pergamino,2024-25,2,-60.795957,-33.654888,426,545,200002,entrenamiento
pergamino,2024-25,2,-60.70891,-33.761608,822,868,400004,entrenamiento
pergamino,2024-25,2,-60.435912,-34.117071,2141,1881,1000009,entrenamiento
pergamino,2024-25,2,-60.642615,-34.080959,2007,1114,1000005,entrenamiento
pergamino,2024-25,2,-60.572277,-33.729538,703,1375,300006,entrenamiento
pergamino,2024-25,2,-60.481727,-34.134319,2205,1711,1100008,entrenamiento
pergamino,2024-25,2,-60.588985,-34.03784,1847,1313,900006,entrenamiento
pergamino,2024-25,2,-60.468252,-34.105483,2098,1761,1000008,entrenamiento
pergamino,2024-25,2,-60.505173,-33.914142,1388,1624,600008,entrenamiento
pergamino,2024-25,2,-60.613779,-33.73897,738,1221,300006,entrenamiento
pergamino,2024-25,2,-60.804312,-33.789905,927,514,400002,entrenamiento
pergamino,2024-25,2,-60.726967,-33.873718,1238,801,600004,entrenamiento
pergamino,2024-25,2,-60.728853,-33.940013,1484,794,700003,entrenamiento
pergamino,2024-25,2,-60.322725,-33.768884,849,2301,400011,entrenamiento
pergamino,2024-25,2,-60.797305,-33.814698,1019,540,500002,entrenamiento
pergamino,2024-25,2,-60.79973,-33.727921,697,531,300002,entrenamiento
pergamino,2024-25,2,-60.830992,-33.777239,880,415,400002,entrenamiento
pergamino,2024-25,2,-60.249153,-33.987983,1662,2574,800012,entrenamiento
pergamino,2024-25,2,-60.456125,-34.052393,1901,1806,900009,entrenamiento
pergamino,2024-25,2,-60.435912,-34.022479,1790,1881,800009,entrenamiento
pergamino,2024-25,2,-60.253734,-33.982863,1643,2557,800012,entrenamiento
pergamino,2024-25,2,-60.705407,-33.762416,825,881,400004,entrenamiento
pergamino,2024-25,2,-60.798922,-33.757026,805,534,400002,entrenamiento
pergamino,2024-25,2,-60.544249,-34.065867,1951,1479,900007,entrenamiento
pergamino,2024-25,2,-60.411119,-33.786401,914,1973,400009,entrenamiento
pergamino,2024-25,2,-60.619169,-33.738701,737,1201,300006,entrenamiento
pergamino,2024-25,2,-60.484421,-33.838683,1108,1701,500008,entrenamiento
pergamino,2024-25,2,-60.572007,-34.098476,2072,1376,1000006,entrenamiento
pergamino,2024-25,2,-60.439685,-33.896086,1321,1867,600009,entrenamiento
pergamino,2024-25,2,-60.40519,-33.656775,433,1995,200009,entrenamiento
pergamino,2024-25,2,-60.491967,-33.677256,509,1673,200008,entrenamiento
pergamino,2024-25,2,-60.566348,-33.991487,1675,1397,800006,entrenamiento
pergamino,2024-25,2,-60.361532,-33.831676,1082,2157,500010,entrenamiento
pergamino,2024-25,2,-60.802695,-33.790983,931,520,400002,entrenamiento
pergamino,2024-25,2,-60.48496,-33.836258,1099,1699,500008,entrenamiento
pergamino,2024-25,2,-60.66121,-33.799607,963,1045,400005,entrenamiento
pergamino,2024-25,2,-60.257238,-33.991217,1674,2544,800012,entrenamiento
pergamino,2024-25,2,-60.564192,-33.724418,684,1405,300007,entrenamiento
pergamino,2024-25,2,-60.445075,-33.624974,315,1847,100009,entrenamiento
pergamino,2024-25,2,-60.757419,-33.891774,1305,688,600003,entrenamiento
pergamino,2024-25,2,-60.643154,-34.024365,1797,1112,800005,entrenamiento
pergamino,2024-25,2,-60.586829,-34.042152,1863,1321,900006,entrenamiento
pergamino,2024-25,2,-60.892167,-33.837605,1104,188,500000,entrenamiento
pergamino,2024-25,2,-60.706485,-33.701511,599,877,200004,entrenamiento
pergamino,2024-25,2,-60.742867,-33.959417,1556,742,700003,entrenamiento
pergamino,2024-25,2,-60.601652,-34.09632,2064,1266,1000006,entrenamiento
pergamino,2024-25,2,-60.235947,-33.868597,1219,2623,600013,entrenamiento
pergamino,2024-25,2,-60.79973,-33.657044,434,531,200002,entrenamiento
pergamino,2024-25,2,-60.729392,-33.9419,1491,792,700003,entrenamiento
pergamino,2024-25,2,-60.453969,-33.802032,972,1814,400009,entrenamiento
pergamino,2024-25,2,-60.831531,-33.840031,1113,413,500002,entrenamiento
pergamino,2024-25,2,-60.505173,-33.919532,1408,1624,700008,entrenamiento
pergamino,2024-25,2,-60.467982,-34.118419,2146,1762,1000008,entrenamiento
pergamino,2024-25,2,-60.331618,-33.790983,931,2268,400011,entrenamiento
pergamino,2024-25,2,-60.435104,-33.79772,956,1884,400009,entrenamiento
pergamino,2024-25,2,-60.611623,-33.926,1432,1229,700006,entrenamiento
pergamino,2024-25,2,-60.823715,-33.743821,756,442,300002,entrenamiento
pergamino,2024-25,2,-60.829375,-33.762686,826,421,400002,entrenamiento
pergamino,2024-25,2,-60.396836,-33.921957,1417,2026,700010,entrenamiento
pergamino,2024-25,2,-60.789759,-33.73897,738,568,300002,entrenamiento
pergamino,2024-25,2,-60.461514,-34.129468,2187,1786,1000008,entrenamiento
pergamino,2024-25,2,-60.411119,-33.737623,733,1973,300009,entrenamiento
pergamino,2024-25,2,-60.513527,-33.942439,1493,1593,700007,entrenamiento
pergamino,2024-25,2,-60.717804,-33.76592,838,835,400004,entrenamiento
pergamino,2024-25,2,-60.674146,-33.871023,1228,997,600004,entrenamiento
pergamino,2024-25,2,-60.498166,-33.837066,1102,1650,500008,entrenamiento
pergamino,2024-25,2,-60.562305,-34.05913,1926,1412,900007,entrenamiento
pergamino,2024-25,2,-60.794879,-33.687497,547,549,200002,entrenamiento
pergamino,2024-25,2,-60.562844,-34.029755,1817,1410,900007,entrenamiento
pergamino,2024-25,2,-60.790298,-33.933545,1460,566,700002,entrenamiento
pergamino,2024-25,2,-60.709988,-33.957261,1548,864,700004,entrenamiento
pergamino,2024-25,2,-60.583056,-34.039726,1854,1335,900006,entrenamiento
pergamino,2024-25,2,-60.423246,-34.007926,1736,1928,800009,entrenamiento
pergamino,2024-25,2,-60.715378,-33.875065,1243,844,600004,entrenamiento
pergamino,2024-25,2,-60.608389,-33.929773,1446,1241,700006,entrenamiento
pergamino,2024-25,2,-60.440494,-34.116802,2140,1864,1000009,entrenamiento
pergamino,2024-25,2,-60.490889,-33.901206,1340,1677,600008,entrenamiento
pergamino,2024-25,2,-60.764965,-33.93624,1470,660,700003,entrenamiento
pergamino,2024-25,2,-60.337547,-33.901206,1340,2246,600011,entrenamiento
pergamino,2024-25,2,-60.209268,-33.804727,982,2722,400013,entrenamiento
pergamino,2024-25,2,-60.585751,-33.804997,983,1325,400006,entrenamiento
pergamino,2024-25,2,-60.325959,-33.796912,953,2289,400011,entrenamiento
pergamino,2024-25,2,-60.472564,-33.853506,1163,1745,500008,entrenamiento
pergamino,2024-25,2,-60.791106,-33.942978,1495,563,700002,entrenamiento
pergamino,2024-25,2,-60.706485,-33.858356,1181,877,500004,entrenamiento
pergamino,2024-25,2,-60.823985,-33.764303,832,441,400002,entrenamiento
pergamino,2024-25,2,-60.702712,-33.673753,496,891,200004,entrenamiento
pergamino,2024-25,2,-60.565,-34.051045,1896,1402,900007,entrenamiento
pergamino,2024-25,2,-60.8477,-33.918993,1406,353,700001,entrenamiento
pergamino,2024-25,2,-60.867104,-33.889079,1295,281,600001,entrenamiento
pergamino,2024-25,2,-60.757419,-33.896086,1321,688,600003,entrenamiento
pergamino,2024-25,2,-60.545597,-34.092278,2049,1474,1000007,entrenamiento
pergamino,2024-25,2,-60.660401,-33.981515,1638,1048,800005,entrenamiento
pergamino,2024-25,2,-60.494662,-34.113837,2129,1663,1000008,entrenamiento
pergamino,2024-25,2,-60.896209,-33.879916,1261,173,600000,entrenamiento
pergamino,2024-25,2,-60.393332,-33.886923,1287,2039,600010,entrenamiento
pergamino,2024-25,2,-60.404112,-33.917106,1399,1999,600009,entrenamiento
pergamino,2024-25,2,-60.717804,-33.872909,1235,835,600004,entrenamiento
pergamino,2024-25,2,-60.849317,-33.707439,621,347,300001,entrenamiento
pergamino,2024-25,2,-60.399261,-33.653002,419,2017,200010,entrenamiento
pergamino,2024-25,2,-60.249961,-34.006309,1730,2571,800012,entrenamiento
pergamino,2024-25,2,-60.835573,-33.71768,659,398,300001,entrenamiento
pergamino,2024-25,2,-60.823985,-33.930042,1447,441,700002,entrenamiento
pergamino,2024-25,2,-60.925315,-33.853775,1164,65,500000,entrenamiento
pergamino,2024-25,2,-60.724541,-33.820088,1039,810,500004,entrenamiento
pergamino,2024-25,2,-60.585751,-33.766998,842,1325,400006,entrenamiento
pergamino,2024-25,2,-60.331079,-33.910908,1376,2270,600011,entrenamiento
pergamino,2024-25,2,-60.799461,-33.802032,972,532,400002,entrenamiento
pergamino,2024-25,2,-60.355603,-33.886384,1285,2179,600010,entrenamiento
pergamino,2024-25,2,-60.302782,-33.68076,522,2375,200011,entrenamiento
pergamino,2024-25,2,-60.207381,-33.758643,811,2729,400013,entrenamiento
pergamino,2024-25,2,-60.563383,-34.052123,1900,1408,900007,entrenamiento
pergamino,2024-25,2,-60.633452,-34.090391,2042,1148,1000005,entrenamiento
pergamino,2024-25,2,-60.851204,-33.566224,97,340,1,entrenamiento
pergamino,2024-25,2,-60.69301,-33.917915,1402,927,700004,entrenamiento
pergamino,2024-25,2,-60.681692,-33.814159,1017,969,500004,entrenamiento
pergamino,2024-25,2,-60.618091,-33.798259,958,1205,400006,entrenamiento
pergamino,2024-25,2,-60.542363,-34.066137,1952,1486,900007,entrenamiento
pergamino,2024-25,2,-60.763887,-33.910908,1376,664,600003,entrenamiento
pergamino,2024-25,2,-60.771164,-33.951602,1527,637,700003,entrenamiento
pergamino,2024-25,2,-60.807815,-33.789366,925,501,400002,entrenamiento
pergamino,2024-25,2,-60.493045,-33.903632,1349,1669,600008,entrenamiento
pergamino,2024-25,2,-60.516761,-34.109795,2114,1581,1000007,entrenamiento
pergamino,2024-25,2,-60.289846,-33.946481,1508,2423,700012,entrenamiento
pergamino,2024-25,2,-60.454238,-33.890426,1300,1813,600009,entrenamiento
pergamino,2024-25,2,-60.807815,-33.700433,595,501,200002,entrenamiento
pergamino,2024-25,2,-60.633991,-34.089044,2037,1146,1000005,entrenamiento
pergamino,2024-25,2,-60.335391,-33.903901,1350,2254,600011,entrenamiento
pergamino,2024-25,2,-60.580901,-33.794486,944,1343,400006,entrenamiento
pergamino,2024-25,2,-60.562036,-33.725496,688,1413,300007,entrenamiento
pergamino,2024-25,2,-60.808354,-33.928964,1443,499,700002,entrenamiento
pergamino,2024-25,2,-60.563114,-34.099285,2075,1409,1000007,entrenamiento
pergamino,2024-25,2,-60.71996,-33.878569,1256,827,600004,entrenamiento
pergamino,2024-25,2,-60.677649,-33.784784,908,984,400004,entrenamiento
pergamino,2024-25,2,-60.805929,-33.791791,934,508,400002,entrenamiento
pergamino,2024-25,2,-60.471486,-34.140248,2227,1749,1100008,entrenamiento
pergamino,2024-25,2,-60.445884,-33.750289,780,1844,300009,entrenamiento
pergamino,2024-25,2,-60.802695,-33.670519,484,520,200002,entrenamiento
pergamino,2024-25,2,-60.53859,-33.839222,1110,1500,500007,entrenamiento
pergamino,2024-25,2,-60.580901,-33.795564,948,1343,400006,entrenamiento
pergamino,2024-25,2,-60.491159,-34.084462,2020,1676,1000008,entrenamiento
pergamino,2024-25,2,-60.427558,-34.10683,2103,1912,1000009,entrenamiento
pergamino,2024-25,2,-60.636686,-33.943786,1498,1136,700005,entrenamiento
pergamino,2024-25,2,-60.256699,-33.863207,1199,2546,500012,entrenamiento
pergamino,2024-25,2,-60.464479,-34.144829,2244,1775,1100008,entrenamiento
pergamino,2024-25,2,-60.374468,-33.694773,574,2109,200010,entrenamiento
pergamino,2024-25,2,-60.417856,-34.007656,1735,1948,800009,entrenamiento
pergamino,2024-25,2,-60.516222,-34.114107,2130,1583,1000007,entrenamiento
pergamino,2024-25,2,-60.616474,-33.798259,958,1211,400006,entrenamiento
pergamino,2024-25,2,-60.326228,-33.836797,1101,2288,500011,entrenamiento
pergamino,2024-25,2,-60.265322,-33.959417,1556,2514,700012,entrenamiento
pergamino,2024-25,2,-60.427558,-34.075839,1988,1912,900009,entrenamiento
pergamino,2024-25,2,-60.284726,-33.978551,1627,2442,800012,entrenamiento
pergamino,2024-25,2,-60.690046,-33.956183,1544,938,700004,entrenamiento
pergamino,2024-25,2,-60.737207,-33.889618,1297,763,600003,entrenamiento
pergamino,2024-25,2,-60.483613,-34.113837,2129,1704,1000008,entrenamiento
pergamino,2024-25,2,-60.662827,-34.003614,1720,1039,800005,entrenamiento
pergamino,2024-25,2,-60.632374,-33.769693,852,1152,400005,entrenamiento
pergamino,2024-25,2,-60.329193,-33.786671,915,2277,400011,entrenamiento
pergamino,2024-25,2,-60.491428,-33.903362,1348,1675,600008,entrenamiento
pergamino,2024-25,2,-60.25077,-33.859434,1185,2568,500012,entrenamiento
pergamino,2024-25,2,-60.678997,-33.61635,283,979,100004,entrenamiento
pergamino,2024-25,2,-60.695166,-33.650576,410,919,200004,entrenamiento
pergamino,2024-25,2,-60.563653,-34.055357,1912,1407,900007,entrenamiento
pergamino,2024-25,2,-60.598148,-33.758643,811,1279,400006,entrenamiento
pergamino,2024-25,2,-60.417587,-33.898242,1329,1949,600009,entrenamiento
pergamino,2024-25,2,-60.46367,-34.126234,2175,1778,1000008,entrenamiento
pergamino,2024-25,2,-60.701365,-34.013585,1757,896,800004,entrenamiento
pergamino,2024-25,2,-60.433487,-33.786401,914,1890,400009,entrenamiento
pergamino,2024-25,2,-60.790298,-33.944056,1499,566,700002,entrenamiento
pergamino,2024-25,2,-60.438068,-33.654619,425,1873,200009,entrenamiento
pergamino,2024-25,2,-60.437529,-33.785593,911,1875,400009,entrenamiento
pergamino,2024-25,2,-60.697322,-34.007656,1735,911,800004,entrenamiento
pergamino,2024-25,2,-60.633721,-33.770501,855,1147,400005,entrenamiento
pergamino,2024-25,2,-60.668486,-33.997146,1696,1018,800005,entrenamiento
pergamino,2024-25,2,-60.528888,-34.070718,1969,1536,900007,entrenamiento
pergamino,2024-25,2,-60.585751,-34.037031,1844,1325,900006,entrenamiento
pergamino,2024-25,2,-60.899982,-33.849733,1149,159,500000,entrenamiento
pergamino,2024-25,2,-60.85309,-33.863746,1201,333,600001,entrenamiento
pergamino,2024-25,2,-60.457742,-34.056165,1915,1800,900009,entrenamiento
pergamino,2024-25,2,-60.836112,-33.892582,1308,396,600001,entrenamiento
pergamino,2024-25,2,-60.523498,-34.053471,1905,1556,900007,entrenamiento
pergamino,2024-25,2,-60.512179,-34.11249,2124,1598,1000007,entrenamiento
pergamino,2024-25,2,-60.569582,-34.061555,1935,1385,900006,entrenamiento
pergamino,2024-25,2,-60.717804,-33.981785,1639,835,800004,entrenamiento
pergamino,2024-25,2,-60.400339,-33.892852,1309,2013,600010,entrenamiento
pergamino,2024-25,2,-60.547483,-34.069101,1963,1467,900007,entrenamiento
pergamino,2024-25,2,-60.306286,-33.912525,1382,2362,600011,entrenamiento
pergamino,2024-25,2,-60.327576,-33.769423,851,2283,400011,entrenamiento
pergamino,2024-25,2,-60.580092,-33.793408,940,1346,400006,entrenamiento
pergamino,2024-25,2,-60.484152,-34.113298,2127,1702,1000008,entrenamiento
pergamino,2024-25,2,-60.602191,-33.730347,706,1264,300006,entrenamiento
pergamino,2024-25,2,-60.208998,-33.806883,990,2723,400013,entrenamiento
pergamino,2024-25,2,-60.511101,-34.113298,2127,1602,1000008,entrenamiento
pergamino,2024-25,2,-60.506251,-33.846768,1138,1620,500008,entrenamiento
pergamino,2024-25,2,-60.33566,-33.751906,786,2253,300011,entrenamiento
pergamino,2024-25,2,-60.502208,-33.67537,502,1635,200008,entrenamiento
pergamino,2024-25,2,-60.573085,-34.079881,2003,1372,1000006,entrenamiento
pergamino,2024-25,2,-60.483344,-34.092547,2050,1705,1000008,entrenamiento
pergamino,2024-25,2,-60.492237,-34.126234,2175,1672,1000008,entrenamiento
pergamino,2024-25,2,-60.618091,-33.800954,968,1205,400006,entrenamiento
pergamino,2024-25,2,-60.330001,-33.854045,1165,2274,500011,entrenamiento
pergamino,2024-25,2,-60.720229,-33.699355,591,826,200004,entrenamiento
pergamino,2024-25,2,-60.439685,-33.892582,1308,1867,600009,entrenamiento
pergamino,2024-25,2,-60.567965,-33.754601,796,1391,300006,entrenamiento
pergamino,2024-25,2,-60.820751,-33.66459,462,453,200002,entrenamiento
pergamino,2024-25,2,-60.372042,-33.698277,587,2118,200010,entrenamiento
pergamino,2024-25,2,-60.447231,-33.743821,756,1839,300009,entrenamiento
pergamino,2024-25,2,-60.490889,-33.679682,518,1677,200008,entrenamiento
pergamino,2024-25,2,-60.529966,-34.100632,2080,1532,1000007,entrenamiento
pergamino,2024-25,2,-60.832878,-33.752984,790,408,300002,entrenamiento
pergamino,2024-25,2,-60.546944,-33.963459,1571,1469,700007,entrenamiento
pergamino,2024-25,2,-60.383631,-33.935701,1468,2075,700010,entrenamiento
pergamino,2024-25,2,-60.468791,-34.105752,2099,1759,1000008,entrenamiento
pergamino,2024-25,2,-60.838537,-33.700972,597,387,200001,entrenamiento
pergamino,2024-25,2,-60.716456,-33.889348,1296,840,600004,entrenamiento
pergamino,2024-25,2,-60.329193,-33.855931,1172,2277,500011,entrenamiento
pergamino,2024-25,2,-60.513796,-33.96292,1569,1592,700007,entrenamiento
pergamino,2024-25,2,-60.617552,-33.958608,1553,1207,700006,entrenamiento
pergamino,2024-25,2,-60.518917,-33.997416,1697,1573,800007,entrenamiento
pergamino,2024-25,2,-60.551256,-33.987175,1659,1453,800007,entrenamiento
pergamino,2024-25,2,-60.761462,-33.910908,1376,673,600003,entrenamiento
pergamino,2024-25,2,-60.464748,-34.126773,2177,1774,1000008,entrenamiento
pergamino,2024-25,2,-60.569312,-33.990139,1670,1386,800006,entrenamiento
pergamino,2024-25,2,-60.667678,-33.958339,1552,1021,700005,entrenamiento
pergamino,2024-25,2,-60.247536,-33.840839,1116,2580,500012,entrenamiento
pergamino,2024-25,2,-60.562575,-33.754062,794,1411,300007,entrenamiento
pergamino,2024-25,2,-60.711605,-33.795834,949,858,400004,entrenamiento
pergamino,2024-25,2,-60.494393,-33.961034,1562,1664,700008,entrenamiento
pergamino,2024-25,2,-60.564731,-33.995799,1691,1403,800007,entrenamiento
pergamino,2024-25,2,-60.569043,-33.731425,710,1387,300006,entrenamiento
pergamino,2024-25,2,-60.469599,-34.103866,2092,1756,1000008,entrenamiento
pergamino,2024-25,2,-60.492776,-33.889618,1297,1670,600008,entrenamiento
pergamino,2024-25,2,-60.563922,-34.09659,2065,1406,1000007,entrenamiento
pergamino,2024-25,2,-60.706755,-33.859704,1186,876,500004,entrenamiento
pergamino,2024-25,2,-60.643423,-34.08581,2025,1111,1000005,entrenamiento
pergamino,2024-25,2,-60.458281,-34.122731,2162,1798,1000008,entrenamiento
pergamino,2024-25,2,-60.717534,-33.796103,950,836,400004,entrenamiento
pergamino,2024-25,2,-60.426211,-33.906326,1359,1917,600009,entrenamiento
pergamino,2024-25,2,-60.513527,-33.996877,1695,1593,800007,entrenamiento
pergamino,2024-25,2,-60.724811,-33.823053,1050,809,500004,entrenamiento
pergamino,2024-25,2,-60.670642,-33.802841,975,1010,400005,entrenamiento
pergamino,2024-25,2,-60.490081,-34.118958,2148,1680,1000008,entrenamiento
pergamino,2024-25,2,-60.518378,-34.00038,1708,1575,800007,entrenamiento
pergamino,2024-25,2,-60.445345,-33.66432,461,1846,200009,entrenamiento
pergamino,2024-25,2,-60.572546,-34.045925,1877,1374,900006,entrenamiento
pergamino,2024-25,2,-60.860366,-33.894738,1316,306,600001,entrenamiento
pergamino,2024-25,2,-60.548022,-34.032719,1828,1465,900007,entrenamiento
pergamino,2024-25,2,-60.517569,-33.941091,1488,1578,700007,entrenamiento
pergamino,2024-25,2,-60.674685,-33.844612,1130,995,500004,entrenamiento
pergamino,2024-25,2,-60.680344,-33.61123,264,974,100004,entrenamiento
pergamino,2024-25,2,-60.323803,-33.837066,1102,2297,500011,entrenamiento
pergamino,2024-25,2,-60.470408,-33.652732,418,1753,200008,entrenamiento
pergamino,2024-25,2,-60.262897,-33.975856,1617,2523,800012,entrenamiento
pergamino,2024-25,2,-60.446962,-33.763494,829,1840,400009,entrenamiento
pergamino,2024-25,2,-60.814552,-33.704206,609,476,300002,entrenamiento
pergamino,2024-25,2,-60.42136,-33.872101,1232,1935,600009,entrenamiento
pergamino,2024-25,2,-60.74098,-33.871562,1230,749,600003,entrenamiento
pergamino,2024-25,2,-60.580631,-33.794217,943,1344,400006,entrenamiento
pergamino,2024-25,2,-60.404921,-33.812273,1010,1996,500009,entrenamiento
pergamino,2024-25,2,-60.443189,-33.719567,666,1854,300009,entrenamiento
pergamino,2024-25,2,-60.756072,-33.894199,1314,693,600003,entrenamiento
pergamino,2024-25,2,-60.407885,-34.066676,1954,1985,900009,entrenamiento
pergamino,2024-25,2,-60.580092,-34.086888,2029,1346,1000006,entrenamiento
pergamino,2024-25,2,-60.517569,-34.009543,1742,1578,800007,entrenamiento
pergamino,2024-25,2,-60.666061,-33.802571,974,1027,400005,entrenamiento
pergamino,2024-25,2,-60.444267,-33.763764,830,1850,400009,entrenamiento
pergamino,2024-25,2,-60.569582,-34.074761,1984,1385,900006,entrenamiento
pergamino,2024-25,2,-60.667139,-33.910099,1373,1023,600005,entrenamiento
pergamino,2024-25,2,-60.8636,-33.886653,1286,294,600001,entrenamiento
pergamino,2024-25,2,-60.443458,-34.122461,2161,1853,1000009,entrenamiento
pergamino,2024-25,2,-60.492776,-34.125426,2172,1670,1000008,entrenamiento
pergamino,2024-25,2,-60.235947,-33.918723,1405,2623,700013,entrenamiento
pergamino,2024-25,2,-60.487925,-34.126234,2175,1688,1000008,entrenamiento
pergamino,2024-25,2,-60.638033,-33.660008,445,1131,200005,entrenamiento
pergamino,2024-25,2,-60.806737,-33.748672,774,505,300002,entrenamiento
pergamino,2024-25,2,-60.514605,-33.996338,1693,1589,800007,entrenamiento
pergamino,2024-25,2,-60.442919,-33.748133,772,1855,300009,entrenamiento
pergamino,2024-25,2,-60.816439,-33.785054,909,469,400002,entrenamiento
pergamino,2024-25,2,-60.634799,-34.024096,1796,1143,800005,entrenamiento
pergamino,2024-25,2,-60.417048,-33.978551,1627,1951,800009,entrenamiento
pergamino,2024-25,2,-60.601113,-33.981246,1637,1268,800006,entrenamiento
pergamino,2024-25,2,-60.754455,-33.89905,1332,699,600003,entrenamiento
pergamino,2024-25,2,-60.491967,-33.948098,1514,1673,700008,entrenamiento
pergamino,2024-25,2,-60.803234,-33.923844,1424,518,700002,entrenamiento
pergamino,2024-25,2,-60.336199,-33.790983,931,2251,400011,entrenamiento
pergamino,2024-25,2,-60.433487,-33.878299,1255,1890,600009,entrenamiento
pergamino,2024-25,2,-60.503556,-34.091469,2046,1630,1000008,entrenamiento
pergamino,2024-25,2,-60.203339,-33.76592,838,2744,400013,entrenamiento
pergamino,2024-25,2,-60.436721,-33.789096,924,1878,400009,entrenamiento
pergamino,2024-25,2,-60.622672,-33.986636,1657,1188,800005,entrenamiento
pergamino,2024-25,2,-60.326767,-33.837066,1102,2286,500011,entrenamiento
pergamino,2024-25,2,-60.334044,-33.796642,952,2259,400011,entrenamiento
pergamino,2024-25,2,-60.822637,-33.862399,1196,446,500002,entrenamiento
pergamino,2024-25,2,-60.717534,-33.796912,953,836,400004,entrenamiento
pergamino,2024-25,2,-60.637764,-34.023826,1795,1132,800005,entrenamiento
pergamino,2024-25,2,-60.633452,-33.937857,1476,1148,700005,entrenamiento
pergamino,2024-25,2,-60.571468,-33.730886,708,1378,300006,entrenamiento
pergamino,2024-25,2,-60.701634,-33.673483,495,895,200004,entrenamiento
pergamino,2024-25,2,-60.452352,-33.698277,587,1820,200009,entrenamiento
pergamino,2024-25,2,-60.898904,-33.88288,1272,163,600000,entrenamiento
pergamino,2024-25,2,-60.358029,-33.683993,534,2170,200010,entrenamiento
pergamino,2024-25,2,-60.515413,-33.996338,1693,1586,800007,entrenamiento
pergamino,2024-25,2,-60.436451,-33.659739,444,1879,200009,entrenamiento
pergamino,2024-25,2,-60.676032,-33.788557,922,990,400004,entrenamiento
pergamino,2024-25,2,-60.661749,-33.799337,962,1043,400005,entrenamiento
pergamino,2024-25,2,-60.262088,-33.977743,1624,2526,800012,entrenamiento
pergamino,2024-25,2,-60.512718,-33.925461,1430,1596,700007,entrenamiento
pergamino,2024-25,2,-60.488464,-33.961034,1562,1686,700008,entrenamiento
pergamino,2024-25,2,-60.637225,-34.022209,1789,1134,800005,entrenamiento
pergamino,2024-25,2,-60.84797,-33.707439,621,352,300001,entrenamiento
pergamino,2024-25,2,-60.259124,-33.927886,1439,2537,700012,entrenamiento
pergamino,2024-25,2,-60.63453,-33.773196,865,1144,400005,entrenamiento
pergamino,2024-25,2,-60.601921,-33.797451,955,1265,400006,entrenamiento
pergamino,2024-25,2,-60.448848,-33.619045,293,1833,100009,entrenamiento
pergamino,2024-25,2,-60.750682,-33.899589,1334,713,600003,entrenamiento
pergamino,2024-25,2,-60.552334,-34.021131,1785,1449,800007,entrenamiento
pergamino,2024-25,2,-60.566078,-34.061016,1933,1398,900006,entrenamiento
pergamino,2024-25,2,-60.635338,-33.941361,1489,1141,700005,entrenamiento
pergamino,2024-25,2,-60.797574,-33.699355,591,539,200002,entrenamiento
pergamino,2024-25,2,-60.430792,-33.654619,425,1900,200009,entrenamiento
pergamino,2024-25,2,-60.499513,-33.858356,1181,1645,500008,entrenamiento
pergamino,2024-25,2,-60.580901,-34.096859,2066,1343,1000006,entrenamiento
pergamino,2024-25,2,-60.455586,-33.801493,970,1808,400009,entrenamiento
pergamino,2024-25,2,-60.442919,-33.746247,765,1855,300009,entrenamiento
pergamino,2024-25,2,-60.339433,-33.879377,1259,2239,600011,entrenamiento
pergamino,2024-25,2,-60.399531,-33.951063,1525,2016,700010,entrenamiento
pergamino,2024-25,2,-60.438338,-33.661625,451,1872,200009,entrenamiento
pergamino,2024-25,2,-60.194984,-33.682376,528,2775,200013,entrenamiento
pergamino,2024-25,2,-60.707024,-33.764303,832,875,400004,entrenamiento
pergamino,2024-25,2,-60.684925,-33.812003,1009,957,500004,entrenamiento
pergamino,2024-25,2,-60.417587,-33.978282,1626,1949,800009,entrenamiento
pergamino,2024-25,2,-60.332427,-33.752445,788,2265,300011,entrenamiento
pergamino,2024-25,2,-60.662557,-33.956183,1544,1040,700005,entrenamiento
pergamino,2024-25,2,-60.656629,-33.998494,1701,1062,800005,entrenamiento
pergamino,2024-25,2,-60.571199,-34.056974,1918,1379,900006,entrenamiento
pergamino,2024-25,2,-60.398722,-33.930851,1450,2019,700010,entrenamiento
pergamino,2024-25,2,-60.525654,-34.084193,2019,1548,1000007,entrenamiento
pergamino,2024-25,2,-60.420282,-33.874526,1241,1939,600009,entrenamiento
pergamino,2024-25,2,-60.397375,-33.921149,1414,2024,700010,entrenamiento
pergamino,2024-25,2,-60.860097,-33.724418,684,307,300001,entrenamiento
pergamino,2024-25,2,-60.429445,-33.769154,850,1905,400009,entrenamiento
pergamino,2024-25,2,-60.662018,-33.986905,1658,1042,800005,entrenamiento
pergamino,2024-25,2,-60.752838,-33.90956,1371,705,600003,entrenamiento
pergamino,2024-25,2,-60.899713,-33.845421,1133,160,500000,entrenamiento
pergamino,2024-25,2,-60.489003,-34.116263,2138,1684,1000008,entrenamiento
pergamino,2024-25,2,-60.371503,-33.692078,564,2120,200010,entrenamiento
pergamino,2024-25,2,-60.757419,-33.908752,1368,688,600003,entrenamiento
pergamino,2024-25,2,-60.462053,-34.126773,2177,1784,1000008,entrenamiento
pergamino,2024-25,2,-60.407885,-33.977743,1624,1985,800009,entrenamiento
pergamino,2024-25,2,-60.672529,-33.963459,1571,1003,700005,entrenamiento
pergamino,2024-25,2,-60.626176,-33.796642,952,1175,400005,entrenamiento
pergamino,2024-25,2,-60.691932,-33.640605,373,931,100004,entrenamiento
pergamino,2024-25,2,-60.423246,-33.737892,734,1928,300009,entrenamiento
pergamino,2024-25,2,-60.500861,-34.083923,2018,1640,1000008,entrenamiento
pergamino,2024-25,2,-60.394141,-33.961034,1562,2036,700010,entrenamiento
pergamino,2024-25,2,-60.708641,-33.952949,1532,869,700004,entrenamiento
pergamino,2024-25,2,-60.705407,-33.759182,813,881,400004,entrenamiento
pergamino,2024-25,2,-60.896748,-33.879108,1258,171,600000,entrenamiento
pergamino,2024-25,2,-60.760114,-33.891235,1303,678,600003,entrenamiento
pergamino,2024-25,2,-60.479571,-34.114376,2131,1719,1000008,entrenamiento
pergamino,2024-25,2,-60.696244,-34.006578,1731,915,800004,entrenamiento
pergamino,2024-25,2,-60.492237,-34.113029,2126,1672,1000008,entrenamiento
pergamino,2024-25,2,-60.484421,-34.119766,2151,1701,1000008,entrenamiento
pergamino,2024-25,2,-60.401148,-33.946212,1507,2010,700010,entrenamiento
pergamino,2024-25,2,-60.545058,-33.966424,1582,1476,700007,entrenamiento
pergamino,2024-25,2,-60.354795,-33.896355,1322,2182,600010,entrenamiento
pergamino,2024-25,2,-60.253195,-33.986636,1657,2559,800012,entrenamiento
pergamino,2024-25,2,-60.823985,-33.768345,847,441,400002,entrenamiento
pergamino,2024-25,2,-60.59707,-34.063442,1942,1283,900006,entrenamiento
pergamino,2024-25,2,-60.328384,-33.84596,1135,2280,500011,entrenamiento
pergamino,2024-25,2,-60.524307,-34.054279,1908,1553,900007,entrenamiento
pergamino,2024-25,2,-60.712414,-33.768345,847,855,400004,entrenamiento
pergamino,2024-25,2,-60.324072,-33.794756,945,2296,400011,entrenamiento
pergamino,2024-25,2,-60.802425,-33.786401,914,521,400002,entrenamiento
pergamino,2024-25,2,-60.445345,-33.748403,773,1846,300009,entrenamiento
pergamino,2024-25,2,-60.453969,-33.804997,983,1814,400009,entrenamiento
pergamino,2024-25,2,-60.58144,-34.097668,2069,1341,1000006,entrenamiento
pergamino,2024-25,2,-60.514066,-34.110603,2117,1591,1000007,entrenamiento
pergamino,2024-25,2,-60.694627,-33.950524,1523,921,700004,entrenamiento
pergamino,2024-25,2,-60.402495,-33.658122,438,2005,200010,entrenamiento
pergamino,2024-25,2,-60.742328,-33.960225,1559,744,700003,entrenamiento
pergamino,2024-25,2,-60.399531,-33.90471,1353,2016,600010,entrenamiento
pergamino,2024-25,2,-60.375815,-33.667824,474,2104,200010,entrenamiento
pergamino,2024-25,2,-60.286612,-33.906596,1360,2435,600012,entrenamiento
pergamino,2024-25,2,-60.835842,-33.883689,1275,397,600001,entrenamiento
pergamino,2024-25,2,-60.767391,-33.941361,1489,651,700003,entrenamiento
pergamino,2024-25,2,-60.868451,-33.73385,719,276,300001,entrenamiento
pergamino,2024-25,2,-60.808623,-33.788018,920,498,400002,entrenamiento
pergamino,2024-25,2,-60.528349,-34.088505,2035,1538,1000007,entrenamiento
pergamino,2024-25,2,-60.666061,-33.799068,961,1027,400005,entrenamiento
pergamino,2024-25,2,-60.49062,-34.126234,2175,1678,1000008,entrenamiento
pergamino,2024-25,2,-60.616474,-33.710134,631,1211,300006,entrenamiento
pergamino,2024-25,2,-60.703521,-33.785862,912,888,400004,entrenamiento
pergamino,2024-25,2,-60.280414,-33.720645,670,2458,300012,entrenamiento
pergamino,2024-25,2,-60.799191,-33.70178,600,533,300002,entrenamiento
pergamino,2024-25,2,-60.580631,-34.098746,2073,1344,1000006,entrenamiento
pergamino,2024-25,2,-60.502747,-33.863207,1199,1633,500008,entrenamiento
pergamino,2024-25,2,-60.673607,-33.843804,1127,999,500004,entrenamiento
pergamino,2024-25,2,-60.624828,-33.77131,858,1180,400005,entrenamiento
pergamino,2024-25,2,-60.565539,-33.990948,1673,1400,800007,entrenamiento
pergamino,2024-25,2,-60.498705,-33.861051,1191,1648,500008,entrenamiento
pergamino,2024-25,2,-60.811049,-33.92573,1431,489,700002,entrenamiento
pergamino,2024-25,2,-60.496549,-33.864285,1203,1656,600008,entrenamiento
pergamino,2024-25,2,-60.678727,-33.609074,256,980,100004,entrenamiento
pergamino,2024-25,2,-60.707832,-33.859973,1187,872,500004,entrenamiento
pergamino,2024-25,2,-60.819134,-33.787749,919,459,400002,entrenamiento
pergamino,2024-25,2,-60.496818,-33.962112,1566,1655,700008,entrenamiento
pergamino,2024-25,2,-60.583865,-34.00065,1709,1332,800006,entrenamiento
pergamino,2024-25,2,-60.512718,-33.996068,1692,1596,800007,entrenamiento
pergamino,2024-25,2,-60.432679,-33.716872,656,1893,300009,entrenamiento
pergamino,2024-25,2,-60.721577,-33.821705,1045,821,500004,entrenamiento
pergamino,2024-25,2,-60.577128,-34.095512,2061,1357,1000006,entrenamiento
pergamino,2024-25,2,-60.359645,-33.89393,1313,2164,600010,entrenamiento
pergamino,2024-25,2,-60.365574,-33.822244,1047,2142,500010,entrenamiento
pergamino,2024-25,2,-60.787064,-33.674292,498,578,200002,entrenamiento
pergamino,2024-25,2,-60.425672,-33.902554,1345,1919,600009,entrenamiento
pergamino,2024-25,2,-60.576589,-34.093625,2054,1359,1000006,entrenamiento
pergamino,2024-25,2,-60.444536,-33.660547,447,1849,200009,entrenamiento
pergamino,2024-25,2,-60.668756,-33.871292,1229,1017,600005,entrenamiento
pergamino,2024-25,2,-60.421899,-34.012507,1753,1933,800009,entrenamiento
pergamino,2024-25,2,-60.658784,-33.999033,1703,1054,800005,entrenamiento
pergamino,2024-25,2,-60.620247,-33.771849,860,1197,400005,entrenamiento
pergamino,2024-25,2,-60.70379,-33.898511,1330,887,600004,entrenamiento
pergamino,2024-25,2,-60.44238,-33.658391,439,1857,200009,entrenamiento
pergamino,2024-25,2,-60.523768,-34.102788,2088,1555,1000007,entrenamiento
pergamino,2024-25,2,-60.69328,-33.693426,569,926,200004,entrenamiento
pergamino,2024-25,2,-60.852012,-33.869136,1221,337,600001,entrenamiento
pergamino,2024-25,2,-60.639381,-34.02167,1787,1126,800005,entrenamiento
pergamino,2024-25,2,-60.572546,-33.986366,1656,1374,800006,entrenamiento
pergamino,2024-25,2,-60.232175,-33.86725,1214,2637,600013,entrenamiento
pergamino,2024-25,2,-60.524846,-34.083923,2018,1551,1000007,entrenamiento
pergamino,2024-25,2,-60.702173,-33.703936,608,893,300004,validacion_mnc
pergamino,2024-25,2,-60.318143,-33.917645,1401,2318,700011,validacion_mnc
pergamino,2024-25,2,-60.665791,-34.057513,1920,1028,900005,validacion_mnc
pergamino,2024-25,2,-60.750143,-33.707978,623,715,300003,validacion_mnc
pergamino,2024-25,2,-60.627254,-33.741126,746,1171,300005,validacion_mnc
pergamino,2024-25,2,-60.368269,-33.71795,660,2132,300010,validacion_mnc
pergamino,2024-25,2,-60.391985,-34.011429,1749,2044,800010,validacion_mnc
pergamino,2024-25,2,-60.736129,-33.757026,805,767,400003,validacion_mnc
pergamino,2024-25,2,-60.686003,-33.711751,637,953,300004,validacion_mnc
pergamino,2024-25,2,-60.725619,-33.71256,640,806,300004,validacion_mnc
pergamino,2024-25,2,-60.173694,-33.684263,535,2854,200014,validacion_mnc
pergamino,2024-25,2,-60.318143,-33.923844,1424,2318,700011,validacion_mnc
pergamino,2024-25,2,-60.67738,-33.738431,736,985,300004,validacion_mnc
pergamino,2024-25,2,-60.728853,-33.77131,858,794,400003,validacion_mnc
pergamino,2024-25,2,-60.848509,-33.768345,847,350,400001,validacion_mnc
pergamino,2024-25,2,-60.750413,-33.775083,872,714,400003,validacion_mnc
pergamino,2024-25,2,-60.173425,-33.678065,512,2855,200014,validacion_mnc
pergamino,2024-25,2,-60.493045,-33.974509,1612,1669,800008,validacion_mnc
pergamino,2024-25,2,-60.681961,-33.741665,748,968,300004,validacion_mnc
pergamino,2024-25,2,-60.614048,-33.822244,1047,1220,500006,validacion_mnc
pergamino,2024-25,2,-60.465557,-34.044308,1871,1771,900008,validacion_mnc
pergamino,2024-25,2,-60.343206,-34.023557,1794,2225,800011,validacion_mnc
pergamino,2024-25,2,-60.226785,-33.844343,1129,2657,500013,validacion_mnc
pergamino,2024-25,2,-60.668486,-33.716333,654,1018,300005,validacion_mnc
pergamino,2024-25,2,-60.689237,-33.728999,701,941,300004,validacion_mnc
pergamino,2024-25,2,-60.640728,-34.070988,1970,1121,900005,validacion_mnc
pergamino,2024-25,2,-60.489003,-33.972892,1606,1684,800008,validacion_mnc
pergamino,2024-25,2,-60.70891,-33.705553,614,868,300004,validacion_mnc
pergamino,2024-25,2,-60.402226,-34.058052,1922,2006,900010,validacion_mnc
pergamino,2024-25,2,-60.446962,-33.941361,1489,1840,700009,validacion_mnc
pergamino,2024-25,2,-60.16507,-33.755679,800,2886,400014,validacion_mnc
pergamino,2024-25,2,-60.507868,-34.001458,1712,1614,800008,validacion_mnc
pergamino,2024-25,2,-60.365305,-33.725765,689,2143,300010,validacion_mnc
pergamino,2024-25,2,-60.625906,-33.741665,748,1176,300005,validacion_mnc
pergamino,2024-25,2,-60.776015,-33.806883,990,619,400003,validacion_mnc
pergamino,2024-25,2,-60.320838,-33.945134,1503,2308,700011,validacion_mnc
pergamino,2024-25,2,-60.425133,-33.9578,1550,1921,700009,validacion_mnc
pergamino,2024-25,2,-60.587099,-33.685071,538,1320,200006,validacion_mnc
pergamino,2024-25,2,-60.355334,-33.99499,1688,2180,800010,validacion_mnc
pergamino,2024-25,2,-60.518378,-33.805805,986,1575,400007,validacion_mnc
pergamino,2024-25,2,-60.318682,-33.919262,1407,2316,700011,validacion_mnc
pergamino,2024-25,2,-60.498705,-33.757296,806,1648,400008,validacion_mnc
pergamino,2024-25,2,-60.749335,-33.812812,1012,718,500003,validacion_mnc
pergamino,2024-25,2,-60.607311,-33.855123,1169,1245,500006,validacion_mnc
pergamino,2024-25,2,-60.86387,-33.777239,880,293,400001,validacion_mnc
pergamino,2024-25,2,-60.184474,-33.78721,917,2814,400014,validacion_mnc
pergamino,2024-25,2,-60.847431,-33.768076,846,354,400001,validacion_mnc
pergamino,2024-25,2,-60.865756,-33.852967,1161,286,500001,validacion_mnc
pergamino,2024-25,2,-60.759036,-33.825209,1058,682,500003,validacion_mnc
pergamino,2024-25,2,-60.420821,-33.959147,1555,1937,700009,validacion_mnc
pergamino,2024-25,2,-60.701634,-33.752176,787,895,300004,validacion_mnc
pergamino,2024-25,2,-60.378241,-34.050776,1895,2095,900010,validacion_mnc
pergamino,2024-25,2,-60.628871,-33.743013,753,1165,300005,validacion_mnc
pergamino,2024-25,2,-60.503286,-33.785054,909,1631,400008,validacion_mnc
pergamino,2024-25,2,-60.631296,-33.741126,746,1156,300005,validacion_mnc
pergamino,2024-25,2,-60.888663,-33.850002,1150,201,500001,validacion_mnc
pergamino,2024-25,2,-60.752569,-33.710134,631,706,300003,validacion_mnc
pergamino,2024-25,2,-60.376354,-33.72334,680,2102,300010,validacion_mnc
pergamino,2024-25,2,-60.609197,-33.849733,1149,1238,500006,validacion_mnc
pergamino,2024-25,2,-60.198757,-33.731963,712,2761,300013,validacion_mnc
pergamino,2024-25,2,-60.383361,-33.998224,1700,2076,800010,validacion_mnc
pergamino,2024-25,2,-60.681961,-33.706362,617,968,300004,validacion_mnc
pergamino,2024-25,2,-60.633991,-33.743821,756,1146,300005,validacion_mnc
pergamino,2024-25,2,-60.733434,-33.772927,864,777,400003,validacion_mnc
pergamino,2024-25,2,-60.42648,-33.938935,1480,1916,700009,validacion_mnc
pergamino,2024-25,2,-60.507329,-33.992295,1678,1616,800008,validacion_mnc
pergamino,2024-25,2,-60.30413,-33.924922,1428,2370,700011,validacion_mnc
pergamino,2024-25,2,-60.466096,-33.8085,996,1769,400008,validacion_mnc
pergamino,2024-25,2,-60.176659,-33.680221,520,2843,200014,validacion_mnc
pergamino,2024-25,2,-60.852012,-33.863207,1199,337,500001,validacion_mnc
pergamino,2024-25,2,-60.209537,-33.752176,787,2721,300013,validacion_mnc
pergamino,2024-25,2,-60.588177,-33.682646,529,1316,200006,validacion_mnc
pergamino,2024-25,2,-60.834225,-33.893121,1310,403,600002,validacion_mnc
pergamino,2024-25,2,-60.860366,-33.774005,868,306,400001,validacion_mnc
pergamino,2024-25,2,-60.864139,-33.854584,1167,292,500001,validacion_mnc
pergamino,2024-25,2,-60.757958,-33.820358,1040,686,500003,validacion_mnc
pergamino,2024-25,2,-60.39468,-33.97909,1629,2034,800010,validacion_mnc
pergamino,2024-25,2,-60.564731,-33.756488,803,1403,400007,validacion_mnc
pergamino,2024-25,2,-60.196332,-33.72307,679,2770,300013,validacion_mnc
pergamino,2024-25,2,-60.861444,-33.849733,1149,302,500001,validacion_mnc
pergamino,2024-25,2,-60.503286,-34.059399,1927,1631,900008,validacion_mnc
pergamino,2024-25,2,-60.260741,-33.799337,962,2531,400012,validacion_mnc
pergamino,2024-25,2,-60.321647,-33.941091,1488,2305,700011,validacion_mnc
pergamino,2024-25,2,-60.466096,-33.779395,888,1769,400008,validacion_mnc
pergamino,2024-25,2,-60.738555,-33.695851,578,758,200003,validacion_mnc
pergamino,2024-25,2,-60.733165,-33.697738,585,778,200003,validacion_mnc
pergamino,2024-25,2,-60.50113,-33.768615,848,1639,400008,validacion_mnc
pergamino,2024-25,2,-60.587368,-33.67537,502,1319,200006,validacion_mnc
pergamino,2024-25,2,-60.596531,-33.833563,1089,1285,500006,validacion_mnc
pergamino,2024-25,2,-60.316257,-33.937857,1476,2325,700011,validacion_mnc
pergamino,2024-25,2,-60.460167,-34.019245,1778,1791,800008,validacion_mnc
pergamino,2024-25,2,-60.727775,-33.780742,893,798,400003,validacion_mnc
pergamino,2024-25,2,-60.73586,-33.758643,811,768,400003,validacion_mnc
pergamino,2024-25,2,-60.738824,-33.757565,807,757,400003,validacion_mnc
pergamino,2024-25,2,-60.655012,-33.740857,745,1068,300005,validacion_mnc
pergamino,2024-25,2,-60.490889,-34.035414,1838,1677,900008,validacion_mnc
pergamino,2024-25,2,-60.490889,-34.074222,1982,1677,900008,validacion_mnc
pergamino,2024-25,2,-60.748526,-33.759991,816,721,400003,validacion_mnc
pergamino,2024-25,2,-60.652586,-34.034336,1834,1077,900005,validacion_mnc
pergamino,2024-25,2,-60.343206,-33.972622,1605,2225,800011,validacion_mnc
pergamino,2024-25,2,-60.490081,-34.074761,1984,1680,900008,validacion_mnc
pergamino,2024-25,2,-60.46906,-33.7767,878,1758,400008,validacion_mnc
pergamino,2024-25,2,-60.236217,-33.819549,1037,2622,500013,validacion_mnc
pergamino,2024-25,2,-60.400609,-34.061286,1934,2012,900010,validacion_mnc
pergamino,2024-25,2,-60.461514,-34.019784,1780,1786,800008,validacion_mnc
pergamino,2024-25,2,-60.492776,-34.016819,1769,1670,800008,validacion_mnc
pergamino,2024-25,2,-60.45855,-34.052932,1903,1797,900008,validacion_mnc
pergamino,2024-25,2,-60.757689,-33.647881,400,687,200003,validacion_mnc
pergamino,2024-25,2,-60.612701,-33.850811,1153,1225,500006,validacion_mnc
pergamino,2024-25,2,-60.463131,-34.018975,1777,1780,800008,validacion_mnc
pergamino,2024-25,2,-60.651778,-34.052123,1900,1080,900005,validacion_mnc
pergamino,2024-25,2,-60.177467,-33.689383,554,2840,200014,validacion_mnc
pergamino,2024-25,2,-60.344015,-33.968849,1591,2222,700011,validacion_mnc
pergamino,2024-25,2,-60.727775,-33.796103,950,798,400003,validacion_mnc
pergamino,2024-25,2,-60.702982,-33.753254,791,890,300004,validacion_mnc
pergamino,2024-25,2,-60.761462,-33.823053,1050,673,500003,validacion_mnc
pergamino,2024-25,2,-60.58117,-33.841109,1117,1342,500006,validacion_mnc
pergamino,2024-25,2,-60.398992,-34.028408,1812,2018,900010,validacion_mnc
pergamino,2024-25,2,-60.643423,-34.041343,1860,1111,900005,validacion_mnc
pergamino,2024-25,2,-60.683308,-33.707978,623,963,300004,validacion_mnc
pergamino,2024-25,2,-60.646927,-34.052662,1902,1098,900005,validacion_mnc
pergamino,2024-25,2,-60.731818,-33.753793,793,783,300003,validacion_mnc
pergamino,2024-25,2,-60.489542,-33.975856,1617,1682,800008,validacion_mnc
pergamino,2024-25,2,-60.860097,-33.776161,876,307,400001,validacion_mnc
pergamino,2024-25,2,-60.663366,-33.724957,686,1037,300005,validacion_mnc
pergamino,2024-25,2,-60.85821,-33.861321,1192,314,500001,validacion_mnc
pergamino,2024-25,2,-60.697053,-33.751906,786,912,300004,validacion_mnc
pergamino,2024-25,2,-60.464748,-33.776161,876,1774,400008,validacion_mnc
pergamino,2024-25,2,-60.668486,-33.856201,1173,1018,500005,validacion_mnc
pergamino,2024-25,2,-60.707563,-33.75541,799,873,300004,validacion_mnc
pergamino,2024-25,2,-60.749874,-33.812273,1010,716,500003,validacion_mnc
pergamino,2024-25,2,-60.768738,-33.768345,847,646,400003,validacion_mnc
pergamino,2024-25,2,-60.346171,-33.9737,1609,2214,800011,validacion_mnc
pergamino,2024-25,2,-60.697861,-33.75541,799,909,300004,validacion_mnc
pergamino,2024-25,2,-60.763887,-33.774005,868,664,400003,validacion_mnc
pergamino,2024-25,2,-60.210615,-33.750559,781,2717,300013,validacion_mnc
pergamino,2024-25,2,-60.377971,-34.051045,1896,2096,900010,validacion_mnc
pergamino,2024-25,2,-60.860905,-33.822514,1048,304,500001,validacion_mnc
pergamino,2024-25,2,-60.628332,-33.740318,743,1167,300005,validacion_mnc
pergamino,2024-25,2,-60.655281,-34.044308,1871,1067,900005,validacion_mnc
pergamino,2024-25,2,-60.77844,-33.623896,311,610,100003,validacion_mnc
pergamino,2024-25,2,-60.49035,-33.971814,1602,1679,800008,validacion_mnc
pergamino,2024-25,2,-60.731548,-33.827634,1067,784,500003,validacion_mnc
pergamino,2024-25,2,-60.701904,-33.706631,618,894,300004,validacion_mnc
pergamino,2024-25,2,-60.750682,-33.762147,824,713,400003,validacion_mnc
pergamino,2024-25,2,-60.445884,-33.94163,1490,1844,700009,validacion_mnc
pergamino,2024-25,2,-60.234331,-33.819549,1037,2629,500013,validacion_mnc
pergamino,2024-25,2,-60.713222,-33.731155,709,852,300004,validacion_mnc
pergamino,2024-25,2,-60.664983,-34.031911,1825,1031,900005,validacion_mnc
pergamino,2024-25,2,-60.524576,-33.80338,977,1552,400007,validacion_mnc
pergamino,2024-25,2,-60.430792,-33.938396,1478,1900,700009,validacion_mnc
pergamino,2024-25,2,-60.655012,-34.051315,1897,1068,900005,validacion_mnc
pergamino,2024-25,2,-60.756342,-33.714985,649,692,300003,validacion_mnc
pergamino,2024-25,2,-60.660132,-33.737623,733,1049,300005,validacion_mnc
pergamino,2024-25,2,-60.77305,-33.80823,995,630,400003,validacion_mnc
pergamino,2024-25,2,-60.754725,-33.644917,389,698,100003,validacion_mnc
pergamino,2024-25,2,-60.699209,-33.72846,699,904,300004,validacion_mnc
pergamino,2024-25,2,-60.670642,-33.841378,1118,1010,500005,validacion_mnc
pergamino,2024-25,2,-60.208729,-33.754332,795,2724,300013,validacion_mnc
pergamino,2024-25,2,-60.423785,-33.944056,1499,1926,700009,validacion_mnc
pergamino,2024-25,2,-60.409232,-33.950254,1522,1980,700009,validacion_mnc
pergamino,2024-25,2,-60.635877,-33.745977,764,1139,300005,validacion_mnc
pergamino,2024-25,2,-60.749604,-33.759452,814,717,400003,validacion_mnc
pergamino,2024-25,2,-60.313292,-33.937049,1473,2336,700011,validacion_mnc
pergamino,2024-25,2,-60.74125,-33.772927,864,748,400003,validacion_mnc
pergamino,2024-25,2,-60.502747,-33.782898,901,1633,400008,validacion_mnc
pergamino,2024-25,2,-60.640459,-34.070718,1969,1122,900005,validacion_mnc
pergamino,2024-25,2,-60.347249,-34.010351,1745,2210,800011,validacion_mnc
pergamino,2024-25,2,-60.316796,-33.945403,1504,2323,700011,validacion_mnc
pergamino,2024-25,2,-60.732895,-33.754871,797,779,300003,validacion_mnc
pergamino,2024-25,2,-60.862253,-33.823053,1050,299,500001,validacion_mnc
pergamino,2024-25,2,-60.780057,-33.625783,318,604,100003,validacion_mnc
pergamino,2024-25,2,-60.34644,-33.948907,1517,2213,700011,validacion_mnc
pergamino,2024-25,2,-60.754455,-33.647073,397,699,100003,validacion_mnc
pergamino,2024-25,2,-60.687351,-33.727113,694,948,300004,validacion_mnc
pergamino,2024-25,2,-60.642615,-34.078803,1999,1114,900005,validacion_mnc
pergamino,2024-25,2,-60.403843,-34.024365,1797,2000,800010,validacion_mnc
pergamino,2024-25,2,-60.493315,-34.061555,1935,1668,900008,validacion_mnc
pergamino,2024-25,2,-60.594106,-33.701241,598,1294,200006,validacion_mnc
pergamino,2024-25,2,-60.757689,-33.839761,1112,687,500003,validacion_mnc
pergamino,2024-25,2,-60.631027,-33.742474,751,1157,300005,validacion_mnc
pergamino,2024-25,2,-60.684925,-33.708248,624,957,300004,validacion_mnc
pergamino,2024-25,2,-60.85848,-33.85108,1154,313,500001,validacion_mnc
pergamino,2024-25,2,-60.372581,-33.726574,692,2116,300010,validacion_mnc
pergamino,2024-25,2,-60.234061,-33.814429,1018,2630,500013,validacion_mnc
pergamino,2024-25,2,-60.382283,-33.725765,689,2080,300010,validacion_mnc
pergamino,2024-25,2,-60.44238,-33.937318,1474,1857,700009,validacion_mnc
pergamino,2024-25,2,-60.417317,-33.947829,1513,1950,700009,validacion_mnc
pergamino,2024-25,2,-60.754994,-33.76026,817,697,400003,validacion_mnc
pergamino,2024-25,2,-60.379858,-34.052662,1902,2089,900010,validacion_mnc
pergamino,2024-25,2,-60.494662,-34.062094,1937,1663,900008,validacion_mnc
pergamino,2024-25,2,-60.657976,-34.058052,1922,1057,900005,validacion_mnc
pergamino,2024-25,2,-60.738016,-33.695312,576,760,200003,validacion_mnc
pergamino,2024-25,2,-60.43699,-33.932467,1456,1877,700009,validacion_mnc
pergamino,2024-25,2,-60.627793,-33.741935,749,1169,300005,validacion_mnc
pergamino,2024-25,2,-60.655551,-34.045116,1874,1066,900005,validacion_mnc
pergamino,2024-25,2,-60.669025,-33.727113,694,1016,300005,validacion_mnc
pergamino,2024-25,2,-60.254812,-33.807691,993,2553,400012,validacion_mnc
pergamino,2024-25,2,-60.734243,-33.758104,809,774,400003,validacion_mnc
pergamino,2024-25,2,-60.489003,-33.976665,1620,1684,800008,validacion_mnc
pergamino,2024-25,2,-60.735321,-33.773466,866,770,400003,validacion_mnc
pergamino,2024-25,2,-60.63426,-34.025982,1803,1145,900005,validacion_mnc
pergamino,2024-25,2,-60.246188,-33.802032,972,2585,400012,validacion_mnc
pergamino,2024-25,2,-60.752299,-33.710943,634,707,300003,validacion_mnc
pergamino,2024-25,2,-60.7143,-33.704206,609,848,300004,validacion_mnc
pergamino,2024-25,2,-60.384169,-34.003075,1718,2073,800010,validacion_mnc
pergamino,2024-25,2,-60.862253,-33.852428,1159,299,500001,validacion_mnc
pergamino,2024-25,2,-60.376893,-33.72334,680,2100,300010,validacion_mnc
pergamino,2024-25,2,-60.872224,-33.856739,1175,262,500001,validacion_mnc
pergamino,2024-25,2,-60.665252,-34.03245,1827,1030,900005,validacion_mnc
pergamino,2024-25,2,-60.680614,-33.711212,635,973,300004,validacion_mnc
pergamino,2024-25,2,-60.481727,-34.071527,1972,1711,900008,validacion_mnc
pergamino,2024-25,2,-60.757958,-33.798259,958,686,400003,validacion_mnc
pergamino,2024-25,2,-60.682769,-33.714177,646,965,300004,validacion_mnc
pergamino,2024-25,2,-60.382553,-34.05886,1925,2079,900010,validacion_mnc
pergamino,2024-25,2,-60.489811,-34.027869,1810,1681,900008,validacion_mnc
pergamino,2024-25,2,-60.678458,-33.710404,632,981,300004,validacion_mnc
pergamino,2024-25,2,-60.483074,-33.786401,914,1706,400008,validacion_mnc
pergamino,2024-25,2,-60.514874,-33.807961,994,1588,400007,validacion_mnc
pergamino,2024-25,2,-60.614587,-33.848655,1145,1218,500006,validacion_mnc
pergamino,2024-25,2,-60.210884,-33.75541,799,2716,300013,validacion_mnc
pergamino,2024-25,2,-60.663096,-33.724148,683,1038,300005,validacion_mnc
pergamino,2024-25,2,-60.654473,-33.740048,742,1070,300005,validacion_mnc
pergamino,2024-25,2,-60.606233,-33.855392,1170,1249,500006,validacion_mnc
pergamino,2024-25,2,-60.687081,-33.706362,617,949,300004,validacion_mnc
pergamino,2024-25,2,-60.69328,-33.711751,637,926,300004,validacion_mnc
pergamino,2024-25,2,-60.657706,-34.04835,1886,1058,900005,validacion_mnc
pergamino,2024-25,2,-60.445614,-33.941091,1488,1845,700009,validacion_mnc
pergamino,2024-25,2,-60.73047,-33.753254,791,788,300003,validacion_mnc
pergamino,2024-25,2,-60.836381,-33.841648,1119,395,500001,validacion_mnc
pergamino,2024-25,2,-60.755264,-33.64869,403,696,200003,validacion_mnc
pergamino,2024-25,2,-60.382822,-34.055357,1912,2078,900010,validacion_mnc
pergamino,2024-25,2,-60.497627,-33.758374,810,1652,400008,validacion_mnc
pergamino,2024-25,2,-60.651239,-34.033258,1830,1082,900005,validacion_mnc
pergamino,2024-25,2,-60.757419,-33.840031,1113,688,500003,validacion_mnc
pergamino,2024-25,2,-60.481457,-34.066137,1952,1712,900008,validacion_mnc
pergamino,2024-25,2,-60.682769,-33.732502,714,965,300004,validacion_mnc
pergamino,2024-25,2,-60.692471,-33.754332,795,929,300004,validacion_mnc
pergamino,2024-25,2,-60.767121,-33.698007,586,652,200003,validacion_mnc
pergamino,2024-25,2,-60.856863,-33.855392,1170,319,500001,validacion_mnc
pergamino,2024-25,2,-60.458281,-34.045116,1874,1798,900008,validacion_mnc
pergamino,2024-25,2,-60.652856,-34.041613,1861,1076,900005,validacion_mnc
pergamino,2024-25,2,-60.605964,-33.826017,1061,1250,500006,validacion_mnc
pergamino,2024-25,2,-60.207651,-33.751906,786,2728,300013,validacion_mnc
pergamino,2024-25,2,-60.739633,-33.77131,858,754,400003,validacion_mnc
pergamino,2024-25,2,-60.714839,-33.704745,611,846,300004,validacion_mnc
pergamino,2024-25,2,-60.320299,-33.944325,1500,2310,700011,validacion_mnc
pergamino,2024-25,2,-60.393871,-33.978282,1626,2037,800010,validacion_mnc
pergamino,2024-25,2,-60.187438,-33.788288,921,2803,400014,validacion_mnc
pergamino,2024-25,2,-60.492776,-34.03218,1826,1670,900008,validacion_mnc
pergamino,2024-25,2,-60.628062,-33.858895,1183,1168,500005,validacion_mnc
pergamino,2024-25,2,-60.383631,-34.055357,1912,2075,900010,validacion_mnc
pergamino,2024-25,2,-60.369078,-33.720375,669,2129,300010,validacion_mnc
pergamino,2024-25,2,-60.726158,-33.703667,607,804,300004,validacion_mnc
pergamino,2024-25,2,-60.384439,-33.976395,1619,2072,800010,validacion_mnc
pergamino,2024-25,2,-60.738016,-33.774274,869,760,400003,validacion_mnc
pergamino,2024-25,2,-60.654473,-33.734928,723,1070,300005,validacion_mnc
pergamino,2024-25,2,-60.733165,-33.754601,796,778,300003,validacion_mnc
pergamino,2024-25,2,-60.615935,-33.845151,1132,1213,500006,validacion_mnc
pergamino,2024-25,2,-60.340242,-33.975856,1617,2236,800011,validacion_mnc
pergamino,2024-25,2,-60.646388,-33.710134,631,1100,300005,validacion_mnc
pergamino,2024-25,2,-60.660671,-33.745977,764,1047,300005,validacion_mnc
pergamino,2024-25,2,-60.67199,-33.729808,704,1005,300005,validacion_mnc
pergamino,2024-25,2,-60.524846,-33.789096,924,1551,400007,validacion_mnc
pergamino,2024-25,2,-60.657706,-33.733041,716,1058,300005,validacion_mnc
pergamino,2024-25,2,-60.483074,-34.073683,1980,1706,900008,validacion_mnc
pergamino,2024-25,2,-60.616743,-33.848385,1144,1210,500006,validacion_mnc
pergamino,2024-25,2,-60.42136,-33.926808,1435,1935,700009,validacion_mnc
pergamino,2024-25,2,-60.685195,-33.707439,621,956,300004,validacion_mnc
pergamino,2024-25,2,-60.402495,-33.640605,373,2005,100010,validacion_mnc
pergamino,2024-25,2,-60.318143,-33.918454,1404,2318,700011,validacion_mnc
pergamino,2024-25,2,-60.484152,-33.783437,903,1702,400008,validacion_mnc
pergamino,2024-25,2,-60.668756,-33.720375,669,1017,300005,validacion_mnc
pergamino,2024-25,2,-60.849587,-33.765111,835,346,400001,validacion_mnc
pergamino,2024-25,2,-60.492237,-34.016011,1766,1672,800008,validacion_mnc
pergamino,2024-25,2,-60.177467,-33.690731,559,2840,200014,validacion_mnc
pergamino,2024-25,2,-60.651778,-34.04296,1866,1080,900005,validacion_mnc
pergamino,2024-25,2,-60.763887,-33.837605,1104,664,500003,validacion_mnc
pergamino,2024-25,2,-60.634799,-33.743013,753,1143,300005,validacion_mnc
pergamino,2024-25,2,-60.854977,-33.852697,1160,326,500001,validacion_mnc
pergamino,2024-25,2,-60.738285,-33.695312,576,759,200003,validacion_mnc
pergamino,2024-25,2,-60.65582,-34.048889,1888,1065,900005,validacion_mnc
pergamino,2024-25,2,-60.61324,-33.850002,1150,1223,500006,validacion_mnc
pergamino,2024-25,2,-60.872224,-33.85647,1174,262,500001,validacion_mnc
pergamino,2024-25,2,-60.713492,-33.729538,703,851,300004,validacion_mnc
pergamino,2024-25,2,-60.318143,-33.945403,1504,2318,700011,validacion_mnc
pergamino,2024-25,2,-60.659593,-33.733311,717,1051,300005,validacion_mnc
pergamino,2024-25,2,-60.344554,-33.948637,1516,2220,700011,validacion_mnc
pergamino,2024-25,2,-60.694897,-33.752715,789,920,300004,validacion_mnc
pergamino,2024-25,2,-60.708102,-33.706631,618,871,300004,validacion_mnc
pergamino,2024-25,2,-60.596531,-33.698816,589,1285,200006,validacion_mnc
pergamino,2024-25,2,-60.375815,-33.727382,695,2104,300010,validacion_mnc
pergamino,2024-25,2,-60.483882,-34.071257,1971,1703,900008,validacion_mnc
pergamino,2024-25,2,-60.468252,-34.044308,1871,1761,900008,validacion_mnc
pergamino,2024-25,2,-60.316257,-33.971814,1602,2325,800011,validacion_mnc
pergamino,2024-25,2,-60.643423,-34.054818,1910,1111,900005,validacion_mnc
pergamino,2024-25,2,-60.173694,-33.678334,513,2854,200014,validacion_mnc
pergamino,2024-25,2,-60.251848,-33.803919,979,2564,400012,validacion_mnc
pergamino,2024-25,2,-60.210345,-33.751098,783,2718,300013,validacion_mnc
pergamino,2024-25,2,-60.527002,-33.802841,975,1543,400007,validacion_mnc
pergamino,2024-25,3,-60.489542,-33.942439,1493,1682,700008,entrenamiento
pergamino,2024-25,3,-60.509754,-33.924652,1427,1607,700008,entrenamiento
pergamino,2024-25,3,-60.781405,-33.823053,1050,599,500002,entrenamiento
pergamino,2024-25,3,-60.396027,-33.650307,409,2029,200010,entrenamiento
pergamino,2024-25,3,-60.492237,-33.754871,797,1672,300008,entrenamiento
pergamino,2024-25,3,-60.358029,-33.694234,572,2170,200010,entrenamiento
pergamino,2024-25,3,-60.592219,-33.797181,954,1301,400006,entrenamiento
pergamino,2024-25,3,-60.539668,-34.044847,1873,1496,900007,entrenamiento
pergamino,2024-25,3,-60.834764,-33.695851,578,401,200002,entrenamiento
pergamino,2024-25,3,-60.329732,-33.831946,1083,2275,500011,entrenamiento
pergamino,2024-25,3,-60.525385,-34.09659,2065,1549,1000007,entrenamiento
pergamino,2024-25,3,-60.460167,-33.830329,1077,1791,500008,entrenamiento
pergamino,2024-25,3,-60.628601,-34.087427,2031,1166,1000005,entrenamiento
pergamino,2024-25,3,-60.6825,-33.972622,1605,966,800004,entrenamiento
pergamino,2024-25,3,-60.502747,-34.097129,2067,1633,1000008,entrenamiento
pergamino,2024-25,3,-60.575241,-33.803649,978,1364,400006,entrenamiento
pergamino,2024-25,3,-60.384169,-33.868058,1217,2073,600010,entrenamiento
pergamino,2024-25,3,-60.505981,-33.907943,1365,1621,600008,entrenamiento
pergamino,2024-25,3,-60.392793,-33.762416,825,2041,400010,entrenamiento
pergamino,2024-25,3,-60.70379,-33.774274,869,887,400004,entrenamiento
pergamino,2024-25,3,-60.493854,-34.140787,2229,1666,1100008,entrenamiento
pergamino,2024-25,3,-60.396027,-33.906865,1361,2029,600010,entrenamiento
pergamino,2024-25,3,-60.424594,-33.713907,645,1923,300009,entrenamiento
pergamino,2024-25,3,-60.449387,-33.649229,405,1831,200009,entrenamiento
pergamino,2024-25,3,-60.279336,-33.913333,1385,2462,600012,entrenamiento
pergamino,2024-25,3,-60.379588,-33.681029,523,2090,200010,entrenamiento
pergamino,2024-25,3,-60.379588,-33.864016,1202,2090,600010,entrenamiento
pergamino,2024-25,3,-60.502208,-33.871831,1231,1635,600008,entrenamiento
pergamino,2024-25,3,-60.803234,-33.945403,1504,518,700002,entrenamiento
pergamino,2024-25,3,-60.209268,-33.661086,449,2722,200013,entrenamiento
pergamino,2024-25,3,-60.680075,-33.862399,1196,975,500004,entrenamiento
pergamino,2024-25,3,-60.832608,-33.829521,1074,409,500002,entrenamiento
pergamino,2024-25,3,-60.88004,-33.869945,1224,233,600001,entrenamiento
pergamino,2024-25,3,-60.551526,-34.065867,1951,1452,900007,entrenamiento
pergamino,2024-25,3,-60.63992,-33.970466,1597,1124,700005,entrenamiento
pergamino,2024-25,3,-60.475798,-33.898511,1330,1733,600008,entrenamiento
pergamino,2024-25,3,-60.348327,-33.833563,1089,2206,500011,entrenamiento
pergamino,2024-25,3,-60.441841,-33.617159,286,1859,100009,entrenamiento
pergamino,2024-25,3,-60.581709,-34.007387,1734,1340,800006,entrenamiento
pergamino,2024-25,3,-60.832339,-33.60072,225,410,100002,entrenamiento
pergamino,2024-25,3,-60.386864,-33.789905,927,2063,400010,entrenamiento
pergamino,2024-25,3,-60.860097,-33.596138,208,307,100001,entrenamiento
pergamino,2024-25,3,-60.193906,-33.791252,932,2779,400013,entrenamiento
pergamino,2024-25,3,-60.763079,-33.875335,1244,667,600003,entrenamiento
pergamino,2024-25,3,-60.47984,-33.749211,776,1718,300008,entrenamiento
pergamino,2024-25,3,-60.200374,-33.79772,956,2755,400013,entrenamiento
pergamino,2024-25,3,-60.401956,-33.962112,1566,2007,700010,entrenamiento
pergamino,2024-25,3,-60.567156,-33.803649,978,1394,400006,entrenamiento
pergamino,2024-25,3,-60.353986,-33.960225,1559,2185,700010,entrenamiento
pergamino,2024-25,3,-60.252387,-33.862129,1195,2562,500012,entrenamiento
pergamino,2024-25,3,-60.521612,-33.886114,1284,1563,600007,entrenamiento
pergamino,2024-25,3,-60.444536,-33.695043,575,1849,200009,entrenamiento
pergamino,2024-25,3,-60.67738,-33.938666,1479,985,700004,entrenamiento
pergamino,2024-25,3,-60.724541,-33.672405,491,810,200004,entrenamiento
pergamino,2024-25,3,-60.5014,-34.135127,2208,1638,1100008,entrenamiento
pergamino,2024-25,3,-60.451813,-34.100363,2079,1822,1000009,entrenamiento
pergamino,2024-25,3,-60.574433,-33.99499,1688,1367,800006,entrenamiento
pergamino,2024-25,3,-60.208459,-33.665129,464,2725,200013,entrenamiento
pergamino,2024-25,3,-60.26667,-33.886114,1284,2509,600012,entrenamiento
pergamino,2024-25,3,-60.514874,-34.016819,1769,1588,800007,entrenamiento
pergamino,2024-25,3,-60.419473,-33.859434,1185,1942,500009,entrenamiento
pergamino,2024-25,3,-60.588177,-33.745169,761,1316,300006,entrenamiento
pergamino,2024-25,3,-60.496279,-34.105213,2097,1657,1000008,entrenamiento
pergamino,2024-25,3,-60.784638,-33.663781,459,587,200002,entrenamiento
pergamino,2024-25,3,-60.497896,-34.144021,2241,1651,1100008,entrenamiento
pergamino,2024-25,3,-60.575511,-34.05374,1906,1363,900006,entrenamiento
pergamino,2024-25,3,-60.815091,-33.841648,1119,474,500002,entrenamiento
pergamino,2024-25,3,-60.691393,-33.969927,1595,933,700004,entrenamiento
pergamino,2024-25,3,-60.528349,-33.927617,1438,1538,700007,entrenamiento
pergamino,2024-25,3,-60.535895,-34.082845,2014,1510,1000007,entrenamiento
pergamino,2024-25,3,-60.208729,-33.694773,574,2724,200013,entrenamiento
pergamino,2024-25,3,-60.235408,-33.889887,1298,2625,600013,entrenamiento
pergamino,2024-25,3,-60.487925,-34.142134,2234,1688,1100008,entrenamiento
pergamino,2024-25,3,-60.445345,-33.632251,342,1846,100009,entrenamiento
pergamino,2024-25,3,-60.469869,-34.082037,2011,1755,1000008,entrenamiento
pergamino,2024-25,3,-60.697592,-33.95753,1549,910,700004,entrenamiento
pergamino,2024-25,3,-60.515952,-34.059399,1927,1584,900007,entrenamiento
pergamino,2024-25,3,-60.411927,-34.01628,1767,1970,800009,entrenamiento
pergamino,2024-25,3,-60.626715,-33.993373,1682,1173,800005,entrenamiento
pergamino,2024-25,3,-60.493315,-33.847577,1141,1668,500008,entrenamiento
pergamino,2024-25,3,-60.418665,-34.043499,1868,1945,900009,entrenamiento
pergamino,2024-25,3,-60.724541,-33.836527,1100,810,500004,entrenamiento
pergamino,2024-25,3,-60.559341,-34.106291,2101,1423,1000007,entrenamiento
pergamino,2024-25,3,-60.611892,-34.056435,1916,1228,900006,entrenamiento
pergamino,2024-25,3,-60.323803,-33.855392,1170,2297,500011,entrenamiento
pergamino,2024-25,3,-60.585212,-33.740587,744,1327,300006,entrenamiento
pergamino,2024-25,3,-60.838537,-33.72307,679,387,300001,entrenamiento
pergamino,2024-25,3,-60.666061,-33.983402,1645,1027,800005,entrenamiento
pergamino,2024-25,3,-60.499244,-34.111412,2120,1646,1000008,entrenamiento
pergamino,2024-25,3,-60.434295,-34.082845,2014,1887,1000009,entrenamiento
pergamino,2024-25,3,-60.439146,-33.817393,1029,1869,500009,entrenamiento
pergamino,2024-25,3,-60.246727,-33.959956,1558,2583,700012,entrenamiento
pergamino,2024-25,3,-60.641806,-33.775352,873,1117,400005,entrenamiento
pergamino,2024-25,3,-60.868721,-33.555175,56,275,1,entrenamiento
pergamino,2024-25,3,-60.408155,-33.994721,1687,1984,800009,entrenamiento
pergamino,2024-25,3,-60.442919,-33.788288,921,1855,400009,entrenamiento
pergamino,2024-25,3,-60.164801,-33.708787,626,2887,300014,entrenamiento
pergamino,2024-25,3,-60.690046,-33.922227,1418,938,700004,entrenamiento
pergamino,2024-25,3,-60.886507,-33.87264,1234,209,600001,entrenamiento
pergamino,2024-25,3,-60.27745,-33.906326,1359,2469,600012,entrenamiento
pergamino,2024-25,3,-60.70891,-33.771579,859,868,400004,entrenamiento
pergamino,2024-25,3,-60.168574,-33.708787,626,2873,300014,entrenamiento
pergamino,2024-25,3,-60.313023,-33.871831,1231,2337,600011,entrenamiento
pergamino,2024-25,3,-60.310328,-33.764842,834,2347,400011,entrenamiento
pergamino,2024-25,3,-60.513527,-33.833563,1089,1593,500007,entrenamiento
pergamino,2024-25,3,-60.6666,-33.985827,1654,1025,800005,entrenamiento
pergamino,2024-25,3,-60.79434,-33.61123,264,551,100002,entrenamiento
pergamino,2024-25,3,-60.588716,-33.743282,754,1314,300006,entrenamiento
pergamino,2024-25,3,-60.700017,-33.795564,948,901,400004,entrenamiento
pergamino,2024-25,3,-60.30925,-33.76565,837,2351,400011,entrenamiento
pergamino,2024-25,3,-60.707563,-33.772388,862,873,400004,entrenamiento
pergamino,2024-25,3,-60.151326,-33.703667,607,2937,300014,entrenamiento
pergamino,2024-25,3,-60.6507,-34.014663,1761,1084,800005,entrenamiento
pergamino,2024-25,3,-60.53832,-34.004153,1722,1501,800007,entrenamiento
pergamino,2024-25,3,-60.76766,-33.906865,1361,650,600003,entrenamiento
pergamino,2024-25,3,-60.424055,-33.716602,655,1925,300009,entrenamiento
pergamino,2024-25,3,-60.568773,-33.778856,886,1388,400006,entrenamiento
pergamino,2024-25,3,-60.496549,-34.110334,2116,1656,1000008,entrenamiento
pergamino,2024-25,3,-60.6984,-33.640335,372,907,100004,entrenamiento
pergamino,2024-25,3,-60.544249,-34.003075,1718,1479,800007,entrenamiento
pergamino,2024-25,3,-60.544249,-33.995529,1690,1479,800007,entrenamiento
pergamino,2024-25,3,-60.632913,-33.958608,1553,1150,700005,entrenamiento
pergamino,2024-25,3,-60.719151,-33.759991,816,830,400004,entrenamiento
pergamino,2024-25,3,-60.583595,-34.086079,2026,1333,1000006,entrenamiento
pergamino,2024-25,3,-60.477415,-33.873987,1239,1727,600008,entrenamiento
pergamino,2024-25,3,-60.601382,-33.750559,781,1267,300006,entrenamiento
pergamino,2024-25,3,-60.393871,-33.939744,1483,2037,700010,entrenamiento
pergamino,2024-25,3,-60.903755,-33.877221,1251,145,600000,entrenamiento
pergamino,2024-25,3,-60.300087,-33.79772,956,2385,400011,entrenamiento
pergamino,2024-25,3,-60.769547,-33.876143,1247,643,600003,entrenamiento
pergamino,2024-25,3,-60.873302,-33.607726,251,258,100001,entrenamiento
pergamino,2024-25,3,-60.308711,-33.828173,1069,2353,500011,entrenamiento
pergamino,2024-25,3,-60.811318,-33.683724,533,488,200002,entrenamiento
pergamino,2024-25,3,-60.544249,-34.004153,1722,1479,800007,entrenamiento
pergamino,2024-25,3,-60.36234,-33.697199,583,2154,200010,entrenamiento
pergamino,2024-25,3,-60.204417,-33.785323,910,2740,400013,entrenamiento
pergamino,2024-25,3,-60.471755,-33.748672,774,1748,300008,entrenamiento
pergamino,2024-25,3,-60.422707,-33.825748,1060,1930,500009,entrenamiento
pergamino,2024-25,3,-60.819942,-33.633598,347,456,100002,entrenamiento
pergamino,2024-25,3,-60.514605,-34.017628,1772,1589,800007,entrenamiento
pergamino,2024-25,3,-60.259394,-33.939744,1483,2536,700012,entrenamiento
pergamino,2024-25,3,-60.344554,-33.676178,505,2220,200011,entrenamiento
pergamino,2024-25,3,-60.839885,-33.718758,663,382,300001,entrenamiento
pergamino,2024-25,3,-60.604347,-34.06964,1965,1256,900006,entrenamiento
pergamino,2024-25,3,-60.246188,-33.871292,1229,2585,600012,entrenamiento
pergamino,2024-25,3,-60.69328,-33.992834,1680,926,800004,entrenamiento
pergamino,2024-25,3,-60.435373,-33.896625,1323,1883,600009,entrenamiento
pergamino,2024-25,3,-60.413005,-34.0753,1986,1966,900009,entrenamiento
pergamino,2024-25,3,-60.778171,-33.956452,1545,611,700003,entrenamiento
pergamino,2024-25,3,-60.539398,-33.980168,1633,1497,800007,entrenamiento
pergamino,2024-25,3,-60.243224,-33.923305,1422,2596,700012,entrenamiento
pergamino,2024-25,3,-60.73047,-33.963998,1573,788,700003,entrenamiento
pergamino,2024-25,3,-60.579553,-33.987983,1662,1348,800006,entrenamiento
pergamino,2024-25,3,-60.83719,-33.740587,744,392,300001,entrenamiento
pergamino,2024-25,3,-60.240798,-33.942169,1492,2605,700013,entrenamiento
pergamino,2024-25,3,-60.814822,-33.636023,356,475,100002,entrenamiento
pergamino,2024-25,3,-60.431331,-33.907404,1363,1898,600009,entrenamiento
pergamino,2024-25,3,-60.425672,-33.685071,538,1919,200009,entrenamiento
pergamino,2024-25,3,-60.827758,-33.701511,599,427,200002,entrenamiento
pergamino,2024-25,3,-60.631566,-34.099015,2074,1155,1000005,entrenamiento
pergamino,2024-25,3,-60.612701,-34.079073,2000,1225,1000006,entrenamiento
pergamino,2024-25,3,-60.26101,-33.935971,1469,2530,700012,entrenamiento
pergamino,2024-25,3,-60.629949,-33.959686,1557,1161,700005,entrenamiento
pergamino,2024-25,3,-60.589794,-33.75541,799,1310,300006,entrenamiento
pergamino,2024-25,3,-60.462323,-33.858895,1183,1783,500008,entrenamiento
pergamino,2024-25,3,-60.349674,-33.826287,1062,2201,500011,entrenamiento
pergamino,2024-25,3,-60.517569,-33.966963,1584,1578,700007,entrenamiento
pergamino,2024-25,3,-60.839076,-33.922227,1418,385,700001,entrenamiento
pergamino,2024-25,3,-60.159142,-33.719567,666,2908,300014,entrenamiento
pergamino,2024-25,3,-60.540476,-33.730347,706,1493,300007,entrenamiento
pergamino,2024-25,3,-60.878962,-33.586706,173,237,1,entrenamiento
pergamino,2024-25,3,-60.604616,-34.047811,1884,1255,900006,entrenamiento
pergamino,2024-25,3,-60.723194,-34.007117,1733,815,800004,entrenamiento
pergamino,2024-25,3,-60.605155,-34.049428,1890,1253,900006,entrenamiento
pergamino,2024-25,3,-60.788681,-33.782359,899,572,400002,entrenamiento
pergamino,2024-25,3,-60.839346,-33.724957,686,384,300001,entrenamiento
pergamino,2024-25,3,-60.609467,-33.734928,723,1237,300006,entrenamiento
pergamino,2024-25,3,-60.824793,-33.918454,1404,438,700002,entrenamiento
pergamino,2024-25,3,-60.301165,-33.848655,1145,2381,500011,entrenamiento
pergamino,2024-25,3,-60.488464,-33.9419,1491,1686,700008,entrenamiento
pergamino,2024-25,3,-60.854168,-33.742474,751,329,300001,entrenamiento
pergamino,2024-25,3,-60.754725,-33.870214,1225,698,600003,entrenamiento
pergamino,2024-25,3,-60.482805,-33.747055,768,1707,300008,entrenamiento
pergamino,2024-25,3,-60.567426,-33.804727,982,1393,400006,entrenamiento
pergamino,2024-25,3,-60.503017,-33.810386,1003,1632,500008,entrenamiento
pergamino,2024-25,3,-60.586829,-33.743013,753,1321,300006,entrenamiento
pergamino,2024-25,3,-60.569312,-33.779395,888,1386,400006,entrenamiento
pergamino,2024-25,3,-60.708641,-33.773196,865,869,400004,entrenamiento
pergamino,2024-25,3,-60.43726,-33.815507,1022,1876,500009,entrenamiento
pergamino,2024-25,3,-60.3521,-33.834371,1092,2192,500010,entrenamiento
pergamino,2024-25,3,-60.517569,-34.090391,2042,1578,1000007,entrenamiento
pergamino,2024-25,3,-60.630488,-33.996607,1694,1159,800005,entrenamiento
pergamino,2024-25,3,-60.52781,-33.880725,1264,1540,600007,entrenamiento
pergamino,2024-25,3,-60.670912,-34.004962,1725,1009,800005,entrenamiento
pergamino,2024-25,3,-60.764157,-33.874796,1242,663,600003,entrenamiento
pergamino,2024-25,3,-60.700017,-33.641952,378,901,100004,entrenamiento
pergamino,2024-25,3,-60.707563,-34.008195,1737,873,800004,entrenamiento
pergamino,2024-25,3,-60.46933,-33.819549,1037,1757,500008,entrenamiento
pergamino,2024-25,3,-60.400339,-33.93112,1451,2013,700010,entrenamiento
pergamino,2024-25,3,-60.684656,-33.922766,1420,958,700004,entrenamiento
pergamino,2024-25,3,-60.497627,-34.143751,2240,1652,1100008,entrenamiento
pergamino,2024-25,3,-60.657437,-34.014663,1761,1059,800005,entrenamiento
pergamino,2024-25,3,-60.358029,-33.831407,1081,2170,500010,entrenamiento
pergamino,2024-25,3,-60.366113,-33.900667,1338,2140,600010,entrenamiento
pergamino,2024-25,3,-60.727236,-33.806344,988,800,400004,entrenamiento
pergamino,2024-25,3,-60.197679,-33.794756,945,2765,400013,entrenamiento
pergamino,2024-25,3,-60.521073,-34.015741,1765,1565,800007,entrenamiento
pergamino,2024-25,3,-60.573355,-34.105752,2099,1371,1000006,entrenamiento
pergamino,2024-25,3,-60.39441,-33.824131,1054,2035,500010,entrenamiento
pergamino,2024-25,3,-60.152943,-33.729808,704,2931,300014,entrenamiento
pergamino,2024-25,3,-60.832069,-33.828712,1071,411,500002,entrenamiento
pergamino,2024-25,3,-60.887046,-33.873448,1237,207,600001,entrenamiento
pergamino,2024-25,3,-60.450196,-34.087696,2032,1828,1000009,entrenamiento
pergamino,2024-25,3,-60.343745,-33.871292,1229,2223,600011,entrenamiento
pergamino,2024-25,3,-60.541554,-33.817393,1029,1489,500007,entrenamiento
pergamino,2024-25,3,-60.461514,-33.821436,1044,1786,500008,entrenamiento
pergamino,2024-25,3,-60.704599,-33.606379,246,884,100004,entrenamiento
pergamino,2024-25,3,-60.383631,-33.965615,1579,2075,700010,entrenamiento
pergamino,2024-25,3,-60.340781,-33.871562,1230,2234,600011,entrenamiento
pergamino,2024-25,3,-60.479301,-33.870484,1226,1720,600008,entrenamiento
pergamino,2024-25,3,-60.222203,-33.783706,904,2674,400013,entrenamiento
pergamino,2024-25,3,-60.903755,-33.581586,154,145,0,entrenamiento
pergamino,2024-25,3,-60.658784,-33.917915,1402,1054,700005,entrenamiento
pergamino,2024-25,3,-60.509754,-33.959417,1556,1607,700008,entrenamiento
pergamino,2024-25,3,-60.244841,-33.909291,1370,2590,600012,entrenamiento
pergamino,2024-25,3,-60.880848,-33.895008,1317,230,600001,entrenamiento
pergamino,2024-25,3,-60.619977,-33.863746,1201,1198,600005,entrenamiento
pergamino,2024-25,3,-60.563383,-33.700433,595,1408,200007,entrenamiento
pergamino,2024-25,3,-60.444267,-34.004423,1723,1850,800009,entrenamiento
pergamino,2024-25,3,-60.614048,-33.75541,799,1220,300006,entrenamiento
pergamino,2024-25,3,-60.391715,-33.830599,1078,2045,500010,entrenamiento
pergamino,2024-25,3,-60.607042,-33.786671,915,1246,400006,entrenamiento
pergamino,2024-25,3,-60.430792,-34.016819,1769,1900,800009,entrenamiento
pergamino,2024-25,3,-60.417587,-33.832215,1084,1949,500009,entrenamiento
pergamino,2024-25,3,-60.76227,-33.921688,1416,670,700003,entrenamiento
pergamino,2024-25,3,-60.462592,-33.842726,1123,1782,500008,entrenamiento
pergamino,2024-25,3,-60.451004,-34.100902,2081,1825,1000009,entrenamiento
pergamino,2024-25,3,-60.611623,-33.951063,1525,1229,700006,entrenamiento
pergamino,2024-25,3,-60.55961,-34.034067,1833,1422,900007,entrenamiento
pergamino,2024-25,3,-60.550987,-33.857817,1179,1454,500007,entrenamiento
pergamino,2024-25,3,-60.705407,-34.010621,1746,881,800004,entrenamiento
pergamino,2024-25,3,-60.353178,-33.878569,1256,2188,600010,entrenamiento
pergamino,2024-25,3,-60.784638,-33.776161,876,587,400002,entrenamiento
pergamino,2024-25,3,-60.424055,-34.057243,1919,1925,900009,entrenamiento
pergamino,2024-25,3,-60.822637,-33.650307,409,446,200002,entrenamiento
pergamino,2024-25,3,-60.519186,-33.830329,1077,1572,500007,entrenamiento
pergamino,2024-25,3,-60.573085,-34.064789,1947,1372,900006,entrenamiento
pergamino,2024-25,3,-60.512718,-33.931928,1454,1596,700007,entrenamiento
pergamino,2024-25,3,-60.611623,-34.070179,1967,1229,900006,entrenamiento
pergamino,2024-25,3,-60.776284,-33.889887,1298,618,600003,entrenamiento
pergamino,2024-25,3,-60.362071,-33.953758,1535,2155,700010,entrenamiento
pergamino,2024-25,3,-60.545327,-33.933276,1459,1475,700007,entrenamiento
pergamino,2024-25,3,-60.588716,-33.740587,744,1314,300006,entrenamiento
pergamino,2024-25,3,-60.246188,-33.878569,1256,2585,600012,entrenamiento
pergamino,2024-25,3,-60.203878,-33.670519,484,2742,200013,entrenamiento
pergamino,2024-25,3,-60.615396,-34.00577,1728,1215,800006,entrenamiento
pergamino,2024-25,3,-60.318952,-33.902284,1344,2315,600011,entrenamiento
pergamino,2024-25,3,-60.504095,-33.711212,635,1628,300008,entrenamiento
pergamino,2024-25,3,-60.473911,-33.895277,1318,1740,600008,entrenamiento
pergamino,2024-25,3,-60.432948,-34.088505,2035,1892,1000009,entrenamiento
pergamino,2024-25,3,-60.440494,-33.903093,1347,1864,600009,entrenamiento
pergamino,2024-25,3,-60.43726,-34.082306,2012,1876,1000009,entrenamiento
pergamino,2024-25,3,-60.35183,-33.95241,1530,2193,700010,entrenamiento
pergamino,2024-25,3,-60.627523,-33.992834,1680,1170,800005,entrenamiento
pergamino,2024-25,3,-60.489542,-34.082576,2013,1682,1000008,entrenamiento
pergamino,2024-25,3,-60.547753,-33.830599,1078,1466,500007,entrenamiento
pergamino,2024-25,3,-60.627254,-34.079073,2000,1171,1000005,entrenamiento
pergamino,2024-25,3,-60.620786,-34.086079,2026,1195,1000005,entrenamiento
pergamino,2024-25,3,-60.683578,-33.601798,229,962,100004,entrenamiento
pergamino,2024-25,3,-60.507329,-33.740318,743,1616,300008,entrenamiento
pergamino,2024-25,3,-60.311406,-33.828712,1071,2343,500011,entrenamiento
pergamino,2024-25,3,-60.697861,-33.793408,940,909,400004,entrenamiento
pergamino,2024-25,3,-60.73559,-33.933545,1460,769,700003,entrenamiento
pergamino,2024-25,3,-60.468521,-33.745438,762,1760,300008,entrenamiento
pergamino,2024-25,3,-60.400339,-33.895547,1319,2013,600010,entrenamiento
pergamino,2024-25,3,-60.304669,-33.732772,715,2368,300011,entrenamiento
pergamino,2024-25,3,-60.689237,-33.767537,844,941,400004,entrenamiento
pergamino,2024-25,3,-60.690854,-34.011699,1750,935,800004,entrenamiento
pergamino,2024-25,3,-60.45316,-33.875874,1246,1817,600009,entrenamiento
pergamino,2024-25,3,-60.364766,-33.924652,1427,2145,700010,entrenamiento
pergamino,2024-25,3,-60.677919,-33.596947,211,983,100004,entrenamiento
pergamino,2024-25,3,-60.361532,-33.698277,587,2157,200010,entrenamiento
pergamino,2024-25,3,-60.521073,-33.750289,780,1565,300007,entrenamiento
pergamino,2024-25,3,-60.823446,-33.585628,169,443,2,entrenamiento
pergamino,2024-25,3,-60.733704,-33.94163,1490,776,700003,entrenamiento
pergamino,2024-25,3,-60.332157,-33.823592,1052,2266,500011,entrenamiento
pergamino,2024-25,3,-60.589255,-33.75514,798,1312,300006,entrenamiento
pergamino,2024-25,3,-60.674415,-33.943517,1497,996,700004,entrenamiento
pergamino,2024-25,3,-60.42648,-33.800685,967,1916,400009,entrenamiento
pergamino,2024-25,3,-60.462323,-34.093356,2053,1783,1000008,entrenamiento
pergamino,2024-25,3,-60.493854,-34.093356,2053,1666,1000008,entrenamiento
pergamino,2024-25,3,-60.583056,-33.743552,755,1335,300006,entrenamiento
pergamino,2024-25,3,-60.352908,-33.859165,1184,2189,500010,entrenamiento
pergamino,2024-25,3,-60.269904,-33.752445,788,2497,300012,entrenamiento
pergamino,2024-25,3,-60.456933,-34.137014,2215,1803,1100009,entrenamiento
pergamino,2024-25,3,-60.801078,-33.946751,1509,526,700002,entrenamiento
pergamino,2024-25,3,-60.286882,-33.735736,726,2434,300012,entrenamiento
pergamino,2024-25,3,-60.833147,-33.731155,709,407,300002,entrenamiento
pergamino,2024-25,3,-60.835842,-33.600989,226,397,100001,entrenamiento
pergamino,2024-25,3,-60.797844,-33.848655,1145,538,500002,entrenamiento
pergamino,2024-25,3,-60.243763,-33.713099,642,2594,300012,entrenamiento
pergamino,2024-25,3,-60.306286,-33.841109,1117,2362,500011,entrenamiento
pergamino,2024-25,3,-60.536434,-34.025443,1801,1508,900007,entrenamiento
pergamino,2024-25,3,-60.492776,-34.093895,2055,1670,1000008,entrenamiento
pergamino,2024-25,3,-60.539937,-34.004153,1722,1495,800007,entrenamiento
pergamino,2024-25,3,-60.600843,-34.074222,1982,1269,900006,entrenamiento
pergamino,2024-25,3,-60.470947,-34.081228,2008,1751,1000008,entrenamiento
pergamino,2024-25,3,-60.572816,-33.747055,768,1373,300006,entrenamiento
pergamino,2024-25,3,-60.779518,-33.942978,1495,606,700003,entrenamiento
pergamino,2024-25,3,-60.486308,-34.097398,2068,1694,1000008,entrenamiento
pergamino,2024-25,3,-60.265322,-33.860243,1188,2514,500012,entrenamiento
pergamino,2024-25,3,-60.508406,-33.837066,1102,1612,500008,entrenamiento
pergamino,2024-25,3,-60.657706,-34.013585,1757,1058,800005,entrenamiento
pergamino,2024-25,3,-60.720229,-33.91522,1392,826,600004,entrenamiento
pergamino,2024-25,3,-60.631027,-34.01116,1748,1157,800005,entrenamiento
pergamino,2024-25,3,-60.578745,-33.771579,859,1351,400006,entrenamiento
pergamino,2024-25,3,-60.457742,-33.835449,1096,1800,500009,entrenamiento
pergamino,2024-25,3,-60.205225,-33.699624,592,2737,200013,entrenamiento
pergamino,2024-25,3,-60.244571,-33.877221,1251,2591,600012,entrenamiento
pergamino,2024-25,3,-60.365035,-33.922227,1418,2144,700010,entrenamiento
pergamino,2024-25,3,-60.474181,-34.145099,2245,1739,1100008,entrenamiento
pergamino,2024-25,3,-60.68789,-33.676448,506,946,200004,entrenamiento
pergamino,2024-25,3,-60.510562,-33.877491,1252,1604,600008,entrenamiento
pergamino,2024-25,3,-60.357759,-33.921688,1416,2171,700010,entrenamiento
pergamino,2024-25,3,-60.47472,-33.749481,777,1737,300008,entrenamiento
pergamino,2024-25,3,-60.472294,-34.146446,2250,1746,1100008,entrenamiento
pergamino,2024-25,3,-60.459897,-34.142134,2234,1792,1100008,entrenamiento
pergamino,2024-25,3,-60.545058,-33.740318,743,1476,300007,entrenamiento
pergamino,2024-25,3,-60.508406,-33.872101,1232,1612,600008,entrenamiento
pergamino,2024-25,3,-60.543171,-34.045386,1875,1483,900007,entrenamiento
pergamino,2024-25,3,-60.805659,-33.715524,651,509,300002,entrenamiento
pergamino,2024-25,3,-60.356951,-33.686149,542,2174,200010,entrenamiento
pergamino,2024-25,3,-60.169921,-33.754332,795,2868,300014,entrenamiento
pergamino,2024-25,3,-60.541285,-34.078264,1997,1490,900007,entrenamiento
pergamino,2024-25,3,-60.555029,-33.810656,1004,1439,500007,entrenamiento
pergamino,2024-25,3,-60.46933,-33.741396,747,1757,300008,entrenamiento
pergamino,2024-25,3,-60.491698,-34.097398,2068,1674,1000008,entrenamiento
pergamino,2024-25,3,-60.528888,-34.095242,2060,1536,1000007,entrenamiento
pergamino,2024-25,3,-60.843927,-33.871562,1230,367,600001,entrenamiento
pergamino,2024-25,3,-60.394141,-33.932737,1457,2036,700010,entrenamiento
pergamino,2024-25,3,-60.210345,-33.663512,458,2718,200013,entrenamiento
pergamino,2024-25,3,-60.449118,-33.782898,901,1832,400009,entrenamiento
pergamino,2024-25,3,-60.824254,-33.704745,611,440,300002,entrenamiento
pergamino,2024-25,3,-60.404651,-34.080959,2007,1997,1000009,entrenamiento
pergamino,2024-25,3,-60.315987,-33.903632,1349,2326,600011,entrenamiento
pergamino,2024-25,3,-60.764426,-33.875065,1243,662,600003,entrenamiento
pergamino,2024-25,3,-60.594914,-34.082576,2013,1291,1000006,entrenamiento
pergamino,2024-25,3,-60.802964,-33.945403,1504,519,700002,entrenamiento
pergamino,2024-25,3,-60.327037,-33.899859,1335,2285,600011,entrenamiento
pergamino,2024-25,3,-60.683039,-33.657044,434,964,200004,entrenamiento
pergamino,2024-25,3,-60.391176,-33.76053,818,2047,400010,entrenamiento
pergamino,2024-25,3,-60.460436,-34.086079,2026,1790,1000008,entrenamiento
pergamino,2024-25,3,-60.494662,-34.100093,2078,1663,1000008,entrenamiento
pergamino,2024-25,3,-60.355873,-33.831138,1080,2178,500010,entrenamiento
pergamino,2024-25,3,-60.424594,-33.825748,1060,1923,500009,entrenamiento
pergamino,2024-25,3,-60.373659,-33.969119,1592,2112,700010,entrenamiento
pergamino,2024-25,3,-60.901599,-33.581855,155,153,0,entrenamiento
pergamino,2024-25,3,-60.835303,-33.721992,675,399,300001,entrenamiento
pergamino,2024-25,3,-60.61863,-33.806613,989,1203,400006,entrenamiento
pergamino,2024-25,3,-60.479571,-33.837336,1103,1719,500008,entrenamiento
pergamino,2024-25,3,-60.805659,-33.655158,427,509,200002,entrenamiento
pergamino,2024-25,3,-60.741519,-33.876682,1249,747,600003,entrenamiento
pergamino,2024-25,3,-60.532661,-34.093356,2053,1522,1000007,entrenamiento
pergamino,2024-25,3,-60.202261,-33.804458,981,2748,400013,entrenamiento
pergamino,2024-25,3,-60.368,-33.887192,1288,2133,600010,entrenamiento
pergamino,2024-25,3,-60.88004,-33.566763,99,233,1,entrenamiento
pergamino,2024-25,3,-60.591141,-34.108986,2111,1305,1000006,entrenamiento
pergamino,2024-25,3,-60.592758,-33.955375,1541,1299,700006,entrenamiento
pergamino,2024-25,3,-60.2028,-33.799068,961,2746,400013,entrenamiento
pergamino,2024-25,3,-60.240259,-33.94163,1490,2607,700013,entrenamiento
pergamino,2024-25,3,-60.82102,-33.803919,979,452,400002,entrenamiento
pergamino,2024-25,3,-60.664713,-33.778317,884,1032,400005,entrenamiento
pergamino,2024-25,3,-60.611623,-33.944864,1502,1229,700006,entrenamiento
pergamino,2024-25,3,-60.820481,-33.631712,340,454,100002,entrenamiento
pergamino,2024-25,3,-60.660401,-34.013316,1756,1048,800005,entrenamiento
pergamino,2024-25,3,-60.299009,-33.845151,1132,2389,500011,entrenamiento
pergamino,2024-25,3,-60.419204,-33.825478,1059,1943,500009,entrenamiento
pergamino,2024-25,3,-60.472564,-33.747325,769,1745,300008,entrenamiento
pergamino,2024-25,3,-60.3521,-33.916028,1395,2192,600010,entrenamiento
pergamino,2024-25,3,-60.777093,-33.944056,1499,615,700003,entrenamiento
pergamino,2024-25,3,-60.349405,-33.854584,1167,2202,500011,entrenamiento
pergamino,2024-25,3,-60.699478,-33.772388,862,903,400004,entrenamiento
pergamino,2024-25,3,-60.29874,-33.845151,1132,2390,500011,entrenamiento
pergamino,2024-25,3,-60.21304,-33.779664,889,2708,400013,entrenamiento
pergamino,2024-25,3,-60.710797,-33.774544,870,861,400004,entrenamiento
pergamino,2024-25,3,-60.888124,-33.879377,1259,203,600001,entrenamiento
pergamino,2024-25,3,-60.915343,-33.842726,1123,102,500000,entrenamiento
pergamino,2024-25,3,-60.843388,-33.706901,619,369,300001,entrenamiento
pergamino,2024-25,3,-60.332696,-33.874257,1240,2264,600011,entrenamiento
pergamino,2024-25,3,-60.34644,-33.85135,1155,2213,500011,entrenamiento
pergamino,2024-25,3,-60.702173,-33.896086,1321,893,600004,entrenamiento
pergamino,2024-25,3,-60.664444,-33.976934,1621,1033,800005,entrenamiento
pergamino,2024-25,3,-60.465287,-33.966154,1581,1772,700008,entrenamiento
pergamino,2024-25,3,-60.573085,-34.107369,2105,1372,1000006,entrenamiento
pergamino,2024-25,3,-60.702982,-33.928695,1442,890,700004,entrenamiento
pergamino,2024-25,3,-60.377702,-33.946751,1509,2097,700010,entrenamiento
pergamino,2024-25,3,-60.792184,-33.709056,627,559,300002,entrenamiento
pergamino,2024-25,3,-60.560419,-34.035953,1840,1419,900007,entrenamiento
pergamino,2024-25,3,-60.840963,-33.72873,700,378,300001,entrenamiento
pergamino,2024-25,3,-60.385517,-33.88288,1272,2068,600010,entrenamiento
pergamino,2024-25,3,-60.424055,-34.013046,1755,1925,800009,entrenamiento
pergamino,2024-25,3,-60.584673,-34.025174,1800,1329,900006,entrenamiento
pergamino,2024-25,3,-60.429445,-34.086079,2026,1905,1000009,entrenamiento
pergamino,2024-25,3,-60.202261,-33.803649,978,2748,400013,entrenamiento
pergamino,2024-25,3,-60.614048,-34.074222,1982,1220,900006,entrenamiento
pergamino,2024-25,3,-60.263975,-33.885845,1283,2519,600012,entrenamiento
pergamino,2024-25,3,-60.584134,-34.025982,1803,1331,900006,entrenamiento
pergamino,2024-25,3,-60.622672,-34.020592,1783,1188,800005,entrenamiento
pergamino,2024-25,3,-60.577667,-33.987444,1660,1355,800006,entrenamiento
pergamino,2024-25,3,-60.719151,-33.678873,515,830,200004,entrenamiento
pergamino,2024-25,3,-60.60246,-34.063442,1942,1263,900006,entrenamiento
pergamino,2024-25,3,-60.608658,-33.950793,1524,1240,700006,entrenamiento
pergamino,2024-25,3,-60.833147,-33.927347,1437,407,700002,entrenamiento
pergamino,2024-25,3,-60.413544,-34.051045,1896,1964,900009,entrenamiento
pergamino,2024-25,3,-60.31437,-33.873718,1238,2332,600011,entrenamiento
pergamino,2024-25,3,-60.57605,-34.056704,1917,1361,900006,entrenamiento
pergamino,2024-25,3,-60.350483,-33.823592,1052,2198,500010,entrenamiento
pergamino,2024-25,3,-60.356142,-33.969119,1592,2177,700010,entrenamiento
pergamino,2024-25,3,-60.548831,-34.038379,1849,1462,900007,entrenamiento
pergamino,2024-25,3,-60.410849,-34.081767,2010,1974,1000009,entrenamiento
pergamino,2024-25,3,-60.538051,-34.078264,1997,1502,900007,entrenamiento
pergamino,2024-25,3,-60.536434,-34.004423,1723,1508,800007,entrenamiento
pergamino,2024-25,3,-60.370425,-33.932737,1457,2124,700010,entrenamiento
pergamino,2024-25,3,-60.664174,-33.975587,1616,1034,800005,entrenamiento
pergamino,2024-25,3,-60.494662,-33.851889,1157,1663,500008,entrenamiento
pergamino,2024-25,3,-60.608389,-33.798798,960,1241,400006,entrenamiento
pergamino,2024-25,3,-60.244032,-33.872909,1235,2593,600012,entrenamiento
pergamino,2024-25,3,-60.460706,-34.089852,2040,1789,1000008,entrenamiento
pergamino,2024-25,3,-60.78356,-33.613386,272,591,100002,entrenamiento
pergamino,2024-25,3,-60.853899,-33.626052,319,330,100001,entrenamiento
pergamino,2024-25,3,-60.197949,-33.673483,495,2764,200013,entrenamiento
pergamino,2024-25,3,-60.544519,-33.730077,705,1478,300007,entrenamiento
pergamino,2024-25,3,-60.601382,-34.08554,2024,1267,1000006,entrenamiento
pergamino,2024-25,3,-60.619169,-34.012777,1754,1201,800006,entrenamiento
pergamino,2024-25,3,-60.405999,-33.981515,1638,1992,800009,entrenamiento
pergamino,2024-25,3,-60.514874,-34.060477,1931,1588,900007,entrenamiento
pergamino,2024-25,3,-60.659862,-34.016011,1766,1050,800005,entrenamiento
pergamino,2024-25,3,-60.576589,-34.051045,1896,1359,900006,entrenamiento
pergamino,2024-25,3,-60.32542,-33.857009,1176,2291,500011,entrenamiento
pergamino,2024-25,3,-60.401148,-33.896894,1324,2010,600010,entrenamiento
pergamino,2024-25,3,-60.609467,-34.012777,1754,1237,800006,entrenamiento
pergamino,2024-25,3,-60.597879,-34.070988,1970,1280,900006,entrenamiento
pergamino,2024-25,3,-60.678458,-33.930581,1449,981,700004,entrenamiento
pergamino,2024-25,3,-60.828566,-33.852967,1161,424,500002,entrenamiento
pergamino,2024-25,3,-60.553143,-33.750559,781,1446,300007,entrenamiento
pergamino,2024-25,3,-60.464748,-33.713638,644,1774,300008,entrenamiento
pergamino,2024-25,3,-60.455586,-33.659739,444,1808,200009,entrenamiento
pergamino,2024-25,3,-60.711336,-33.684802,537,859,200004,entrenamiento
pergamino,2024-25,3,-60.196601,-33.697468,584,2769,200013,entrenamiento
pergamino,2024-25,3,-60.393871,-33.891774,1305,2037,600010,entrenamiento
pergamino,2024-25,3,-60.491428,-34.100632,2080,1675,1000008,entrenamiento
pergamino,2024-25,3,-60.658515,-33.653002,419,1055,200005,entrenamiento
pergamino,2024-25,3,-60.309519,-33.901206,1340,2350,600011,entrenamiento
pergamino,2024-25,3,-60.318952,-33.903632,1349,2315,600011,entrenamiento
pergamino,2024-25,3,-60.606233,-33.783706,904,1249,400006,entrenamiento
pergamino,2024-25,3,-60.739902,-33.928964,1443,753,700003,entrenamiento
pergamino,2024-25,3,-60.524307,-34.05886,1925,1553,900007,entrenamiento
pergamino,2024-25,3,-60.456394,-34.024635,1798,1805,800009,entrenamiento
pergamino,2024-25,3,-60.354256,-33.860782,1190,2184,500010,entrenamiento
pergamino,2024-25,3,-60.258585,-33.937588,1475,2539,700012,entrenamiento
pergamino,2024-25,3,-60.557185,-33.734658,722,1431,300007,entrenamiento
pergamino,2024-25,3,-60.518917,-33.898511,1330,1573,600007,entrenamiento
pergamino,2024-25,3,-60.369078,-33.899859,1335,2129,600010,entrenamiento
pergamino,2024-25,3,-60.485769,-34.107369,2105,1696,1000008,entrenamiento
pergamino,2024-25,3,-60.829375,-33.605301,242,421,100002,entrenamiento
pergamino,2024-25,3,-60.555029,-34.030833,1821,1439,900007,entrenamiento
pergamino,2024-25,3,-60.20792,-33.664051,460,2727,200013,entrenamiento
pergamino,2024-25,3,-60.724811,-33.972892,1606,809,800004,entrenamiento
pergamino,2024-25,3,-60.374198,-33.938396,1478,2110,700010,entrenamiento
pergamino,2024-25,3,-60.376624,-33.882611,1271,2101,600010,entrenamiento
pergamino,2024-25,3,-60.416509,-34.016819,1769,1953,800009,entrenamiento
pergamino,2024-25,3,-60.290655,-33.737084,731,2420,300012,entrenamiento
pergamino,2024-25,3,-60.685734,-33.606918,248,954,100004,entrenamiento
pergamino,2024-25,3,-60.640728,-33.972353,1604,1121,800005,entrenamiento
pergamino,2024-25,3,-60.368539,-33.890696,1301,2131,600010,entrenamiento
pergamino,2024-25,3,-60.489272,-34.141326,2231,1683,1100008,entrenamiento
pergamino,2024-25,3,-60.526193,-34.049428,1890,1546,900007,entrenamiento
pergamino,2024-25,3,-60.890011,-33.871023,1228,196,600000,entrenamiento
pergamino,2024-25,3,-60.791376,-33.609343,257,562,100002,entrenamiento
pergamino,2024-25,3,-60.866834,-33.570536,113,282,1,entrenamiento
pergamino,2024-25,3,-60.449118,-33.786132,913,1832,400009,entrenamiento
pergamino,2024-25,3,-60.676841,-33.858895,1183,987,500004,entrenamiento
pergamino,2024-25,3,-60.42648,-33.727652,696,1916,300009,entrenamiento
pergamino,2024-25,3,-60.525115,-34.007926,1736,1550,800007,entrenamiento
pergamino,2024-25,3,-60.66633,-33.771579,859,1026,400005,entrenamiento
pergamino,2024-25,3,-60.61863,-34.045386,1875,1203,900006,entrenamiento
pergamino,2024-25,3,-60.182318,-33.740857,745,2822,300014,entrenamiento
pergamino,2024-25,3,-60.86387,-33.879108,1258,293,600001,entrenamiento
pergamino,2024-25,3,-60.718882,-33.988522,1664,831,800004,entrenamiento
pergamino,2024-25,3,-60.417587,-34.011699,1750,1949,800009,entrenamiento
pergamino,2024-25,3,-60.686003,-33.987983,1662,953,800004,entrenamiento
pergamino,2024-25,3,-60.364766,-33.693156,568,2145,200010,entrenamiento
pergamino,2024-25,3,-60.793532,-33.630095,334,554,100002,entrenamiento
pergamino,2024-25,3,-60.690854,-33.678065,512,935,200004,entrenamiento
pergamino,2024-25,3,-60.726158,-33.971814,1602,804,800004,entrenamiento
pergamino,2024-25,3,-60.62941,-34.084462,2020,1163,1000005,entrenamiento
pergamino,2024-25,3,-60.519186,-33.880994,1265,1572,600007,entrenamiento
pergamino,2024-25,3,-60.361532,-33.950254,1522,2157,700010,entrenamiento
pergamino,2024-25,3,-60.178006,-33.742204,750,2838,300014,entrenamiento
pergamino,2024-25,3,-60.642615,-33.954566,1538,1114,700005,entrenamiento
pergamino,2024-25,3,-60.731009,-33.806344,988,786,400003,validacion_mnc
pergamino,2024-25,3,-60.812396,-33.863477,1200,484,600002,validacion_mnc
pergamino,2024-25,3,-60.450196,-33.928964,1443,1828,700009,validacion_mnc
pergamino,2024-25,3,-60.763079,-33.696121,579,667,200003,validacion_mnc
pergamino,2024-25,3,-60.674415,-33.745438,762,996,300004,validacion_mnc
pergamino,2024-25,3,-60.48011,-34.045386,1875,1717,900008,validacion_mnc
pergamino,2024-25,3,-60.681153,-33.750828,782,971,300004,validacion_mnc
pergamino,2024-25,3,-60.182857,-33.78721,917,2820,400014,validacion_mnc
pergamino,2024-25,3,-60.333505,-33.930581,1449,2261,700011,validacion_mnc
pergamino,2024-25,3,-60.172347,-33.686419,543,2859,200014,validacion_mnc
pergamino,2024-25,3,-60.622672,-34.031641,1824,1188,900005,validacion_mnc
pergamino,2024-25,3,-60.679266,-33.747055,768,978,300004,validacion_mnc
pergamino,2024-25,3,-60.24511,-33.795025,946,2589,400012,validacion_mnc
pergamino,2024-25,3,-60.377432,-34.006848,1732,2098,800010,validacion_mnc
pergamino,2024-25,3,-60.622672,-34.049159,1889,1188,900005,validacion_mnc
pergamino,2024-25,3,-60.590063,-33.650037,408,1309,200006,validacion_mnc
pergamino,2024-25,3,-60.59707,-33.670519,484,1283,200006,validacion_mnc
pergamino,2024-25,3,-60.396836,-33.985288,1652,2026,800010,validacion_mnc
pergamino,2024-25,3,-60.741789,-33.982324,1641,746,800003,validacion_mnc
pergamino,2024-25,3,-60.565809,-33.821705,1045,1399,500006,validacion_mnc
pergamino,2024-25,3,-60.650969,-33.716872,656,1083,300005,validacion_mnc
pergamino,2024-25,3,-60.539398,-33.78694,916,1497,400007,validacion_mnc
pergamino,2024-25,3,-60.706216,-33.743552,755,878,300004,validacion_mnc
pergamino,2024-25,3,-60.622133,-33.720914,671,1190,300005,validacion_mnc
pergamino,2024-25,3,-60.541554,-33.764572,833,1489,400007,validacion_mnc
pergamino,2024-25,3,-60.801886,-33.910908,1376,523,600002,validacion_mnc
pergamino,2024-25,3,-60.525924,-33.762686,826,1547,400007,validacion_mnc
pergamino,2024-25,3,-60.662827,-33.731963,712,1039,300005,validacion_mnc
pergamino,2024-25,3,-60.74098,-33.767267,843,749,400003,validacion_mnc
pergamino,2024-25,3,-60.608658,-33.828443,1070,1240,500006,validacion_mnc
pergamino,2024-25,3,-60.543441,-33.762955,827,1482,400007,validacion_mnc
pergamino,2024-25,3,-60.776015,-33.702589,603,619,300003,validacion_mnc
pergamino,2024-25,3,-60.311675,-33.965615,1579,2342,700011,validacion_mnc
pergamino,2024-25,3,-60.787333,-33.907404,1363,577,600002,validacion_mnc
pergamino,2024-25,3,-60.790028,-33.906326,1359,567,600002,validacion_mnc
pergamino,2024-25,3,-60.366383,-33.997955,1699,2139,800010,validacion_mnc
pergamino,2024-25,3,-60.427558,-33.959417,1556,1912,700009,validacion_mnc
pergamino,2024-25,3,-60.776284,-33.780473,892,618,400003,validacion_mnc
pergamino,2024-25,3,-60.647735,-34.043499,1868,1095,900005,validacion_mnc
pergamino,2024-25,3,-60.715648,-33.742474,751,843,300004,validacion_mnc
pergamino,2024-25,3,-60.370964,-33.980168,1633,2122,800010,validacion_mnc
pergamino,2024-25,3,-60.71969,-33.75002,779,828,300004,validacion_mnc
pergamino,2024-25,3,-60.605964,-33.66459,462,1250,200006,validacion_mnc
pergamino,2024-25,3,-60.631296,-34.059399,1927,1156,900005,validacion_mnc
pergamino,2024-25,3,-60.641806,-33.705014,612,1117,300005,validacion_mnc
pergamino,2024-25,3,-60.660132,-33.720106,668,1049,300005,validacion_mnc
pergamino,2024-25,3,-60.569312,-33.825478,1059,1386,500006,validacion_mnc
pergamino,2024-25,3,-60.657706,-33.824131,1054,1058,500005,validacion_mnc
pergamino,2024-25,3,-60.624289,-33.860512,1189,1182,500005,validacion_mnc
pergamino,2024-25,3,-60.401956,-33.720914,671,2007,300010,validacion_mnc
pergamino,2024-25,3,-60.382014,-33.717411,658,2081,300010,validacion_mnc
pergamino,2024-25,3,-60.739363,-33.983941,1647,755,800003,validacion_mnc
pergamino,2024-25,3,-60.334044,-33.931389,1452,2259,700011,validacion_mnc
pergamino,2024-25,3,-60.401956,-34.019784,1780,2007,800010,validacion_mnc
pergamino,2024-25,3,-60.145397,-33.699085,590,2959,200014,validacion_mnc
pergamino,2024-25,3,-60.395488,-34.023557,1794,2031,800010,validacion_mnc
pergamino,2024-25,3,-60.468252,-33.974509,1612,1761,800008,validacion_mnc
pergamino,2024-25,3,-60.50679,-34.071796,1973,1618,900008,validacion_mnc
pergamino,2024-25,3,-60.407077,-33.955375,1541,1988,700009,validacion_mnc
pergamino,2024-25,3,-60.670642,-33.625513,317,1010,100005,validacion_mnc
pergamino,2024-25,3,-60.600843,-33.827095,1065,1269,500006,validacion_mnc
pergamino,2024-25,3,-60.470947,-34.047272,1882,1751,900008,validacion_mnc
pergamino,2024-25,3,-60.423246,-33.961573,1564,1928,700009,validacion_mnc
pergamino,2024-25,3,-60.402495,-33.985827,1654,2005,800010,validacion_mnc
pergamino,2024-25,3,-60.744484,-33.820897,1042,736,500003,validacion_mnc
pergamino,2024-25,3,-60.849048,-33.843804,1127,348,500001,validacion_mnc
pergamino,2024-25,3,-60.844466,-33.788557,922,365,400001,validacion_mnc
pergamino,2024-25,3,-60.422977,-33.959686,1557,1929,700009,validacion_mnc
pergamino,2024-25,3,-60.330271,-33.950524,1523,2273,700011,validacion_mnc
pergamino,2024-25,3,-60.459628,-33.647342,398,1793,100008,validacion_mnc
pergamino,2024-25,3,-60.275024,-33.770232,854,2478,400012,validacion_mnc
pergamino,2024-25,3,-60.774128,-33.822244,1047,626,500003,validacion_mnc
pergamino,2024-25,3,-60.379588,-33.734119,720,2090,300010,validacion_mnc
pergamino,2024-25,3,-60.855785,-33.762147,824,323,400001,validacion_mnc
pergamino,2024-25,3,-60.683847,-34.041074,1859,961,900004,validacion_mnc
pergamino,2024-25,3,-60.193367,-33.70178,600,2781,300013,validacion_mnc
pergamino,2024-25,3,-60.275294,-33.765111,835,2477,400012,validacion_mnc
pergamino,2024-25,3,-60.470138,-33.989061,1666,1754,800008,validacion_mnc
pergamino,2024-25,3,-60.65582,-33.826826,1064,1065,500005,validacion_mnc
pergamino,2024-25,3,-60.370964,-34.052393,1901,2122,900010,validacion_mnc
pergamino,2024-25,3,-60.775745,-33.635215,353,620,100003,validacion_mnc
pergamino,2024-25,3,-60.660401,-33.624705,314,1048,100005,validacion_mnc
pergamino,2024-25,3,-60.155908,-33.700702,596,2920,200014,validacion_mnc
pergamino,2024-25,3,-60.40519,-33.929773,1446,1995,700009,validacion_mnc
pergamino,2024-25,3,-60.637494,-33.739779,741,1133,300005,validacion_mnc
pergamino,2024-25,3,-60.778979,-33.774813,871,608,400003,validacion_mnc
pergamino,2024-25,3,-60.248075,-33.795834,949,2578,400012,validacion_mnc
pergamino,2024-25,3,-60.712683,-33.752984,790,854,300004,validacion_mnc
pergamino,2024-25,3,-60.41058,-33.932737,1457,1975,700009,validacion_mnc
pergamino,2024-25,3,-60.585212,-33.695851,578,1327,200006,validacion_mnc
pergamino,2024-25,3,-60.811049,-33.897703,1327,489,600002,validacion_mnc
pergamino,2024-25,3,-60.750952,-33.84596,1135,712,500003,validacion_mnc
pergamino,2024-25,3,-60.627523,-33.842726,1123,1170,500005,validacion_mnc
pergamino,2024-25,3,-60.685195,-33.75002,779,956,300004,validacion_mnc
pergamino,2024-25,3,-60.329193,-33.948907,1517,2277,700011,validacion_mnc
pergamino,2024-25,3,-60.640459,-34.061555,1935,1122,900005,validacion_mnc
pergamino,2024-25,3,-60.425672,-33.924383,1426,1919,700009,validacion_mnc
pergamino,2024-25,3,-60.371503,-34.034875,1836,2120,900010,validacion_mnc
pergamino,2024-25,3,-60.393063,-33.75541,799,2040,300010,validacion_mnc
pergamino,2024-25,3,-60.824254,-33.906326,1359,440,600002,validacion_mnc
pergamino,2024-25,3,-60.80539,-33.886653,1286,510,600002,validacion_mnc
pergamino,2024-25,3,-60.625098,-33.750828,782,1179,300005,validacion_mnc
pergamino,2024-25,3,-60.754455,-33.985019,1651,699,800003,validacion_mnc
pergamino,2024-25,3,-60.593297,-33.810656,1004,1297,500006,validacion_mnc
pergamino,2024-25,3,-60.755803,-33.699085,590,694,200003,validacion_mnc
pergamino,2024-25,3,-60.387942,-33.71229,639,2059,300010,validacion_mnc
pergamino,2024-25,3,-60.637225,-33.819819,1038,1134,500005,validacion_mnc
pergamino,2024-25,3,-60.510562,-34.050506,1894,1604,900008,validacion_mnc
pergamino,2024-25,3,-60.369617,-33.984749,1650,2127,800010,validacion_mnc
pergamino,2024-25,3,-60.776823,-33.71229,639,616,300003,validacion_mnc
pergamino,2024-25,3,-60.275024,-33.807152,991,2478,400012,validacion_mnc
pergamino,2024-25,3,-60.642884,-34.037301,1845,1113,900005,validacion_mnc
pergamino,2024-25,3,-60.59195,-33.857009,1176,1302,500006,validacion_mnc
pergamino,2024-25,3,-60.172616,-33.698007,586,2858,200014,validacion_mnc
pergamino,2024-25,3,-60.620786,-34.040265,1856,1195,900005,validacion_mnc
pergamino,2024-25,3,-60.366383,-34.021401,1786,2139,800010,validacion_mnc
pergamino,2024-25,3,-60.446962,-33.927347,1437,1840,700009,validacion_mnc
pergamino,2024-25,3,-60.280145,-33.763225,828,2459,400012,validacion_mnc
pergamino,2024-25,3,-60.790837,-33.902823,1346,564,600002,validacion_mnc
pergamino,2024-25,3,-60.700017,-33.748133,772,901,300004,validacion_mnc
pergamino,2024-25,3,-60.457742,-33.964537,1575,1800,700009,validacion_mnc
pergamino,2024-25,3,-60.627793,-34.03757,1846,1169,900005,validacion_mnc
pergamino,2024-25,3,-60.779788,-33.702319,602,605,300003,validacion_mnc
pergamino,2024-25,3,-60.87465,-33.849194,1147,253,500001,validacion_mnc
pergamino,2024-25,3,-60.86387,-33.800954,968,293,400001,validacion_mnc
pergamino,2024-25,3,-60.771972,-33.775083,872,634,400003,validacion_mnc
pergamino,2024-25,3,-60.666869,-34.060477,1931,1024,900005,validacion_mnc
pergamino,2024-25,3,-60.327576,-33.945134,1503,2283,700011,validacion_mnc
pergamino,2024-25,3,-60.49035,-33.78694,916,1679,400008,validacion_mnc
pergamino,2024-25,3,-60.80539,-33.888809,1294,510,600002,validacion_mnc
pergamino,2024-25,3,-60.247266,-33.795834,949,2581,400012,validacion_mnc
pergamino,2024-25,3,-60.297931,-33.942708,1494,2393,700011,validacion_mnc
pergamino,2024-25,3,-60.750143,-33.751906,786,715,300003,validacion_mnc
pergamino,2024-25,3,-60.789759,-33.905249,1355,568,600002,validacion_mnc
pergamino,2024-25,3,-60.788681,-33.908482,1367,572,600002,validacion_mnc
pergamino,2024-25,3,-60.275833,-33.804188,980,2475,400012,validacion_mnc
pergamino,2024-25,3,-60.815091,-33.911177,1377,474,600002,validacion_mnc
pergamino,2024-25,3,-60.388481,-34.066406,1953,2057,900010,validacion_mnc
pergamino,2024-25,3,-60.388481,-34.028947,1814,2057,900010,validacion_mnc
pergamino,2024-25,3,-60.477145,-33.777508,881,1728,400008,validacion_mnc
pergamino,2024-25,3,-60.734512,-33.759452,814,773,400003,validacion_mnc
pergamino,2024-25,3,-60.614587,-33.854584,1167,1218,500006,validacion_mnc
pergamino,2024-25,3,-60.667947,-33.629286,331,1020,100005,validacion_mnc
pergamino,2024-25,3,-60.626984,-34.030833,1821,1172,900005,validacion_mnc
pergamino,2024-25,3,-60.537512,-33.78694,916,1504,400007,validacion_mnc
pergamino,2024-25,3,-60.738824,-33.769693,852,757,400003,validacion_mnc
pergamino,2024-25,3,-60.71969,-33.739779,741,828,300004,validacion_mnc
pergamino,2024-25,3,-60.619708,-34.055357,1912,1199,900005,validacion_mnc
pergamino,2024-25,3,-60.863331,-33.801224,969,295,400001,validacion_mnc
pergamino,2024-25,3,-60.715917,-33.75541,799,842,300004,validacion_mnc
pergamino,2024-25,3,-60.768199,-33.779395,888,648,400003,validacion_mnc
pergamino,2024-25,3,-60.450465,-33.921688,1416,1827,700009,validacion_mnc
pergamino,2024-25,3,-60.482805,-34.047811,1884,1707,900008,validacion_mnc
pergamino,2024-25,3,-60.670103,-33.859973,1187,1012,500005,validacion_mnc
pergamino,2024-25,3,-60.653125,-33.716063,653,1075,300005,validacion_mnc
pergamino,2024-25,3,-60.655281,-33.829251,1073,1067,500005,validacion_mnc
pergamino,2024-25,3,-60.775476,-33.831676,1082,621,500003,validacion_mnc
pergamino,2024-25,3,-60.856324,-33.828982,1072,321,500001,validacion_mnc
pergamino,2024-25,3,-60.787333,-33.89932,1333,577,600002,validacion_mnc
pergamino,2024-25,3,-60.738016,-33.76565,837,760,400003,validacion_mnc
pergamino,2024-25,3,-60.173155,-33.76592,838,2856,400014,validacion_mnc
pergamino,2024-25,3,-60.62914,-33.84569,1134,1164,500005,validacion_mnc
pergamino,2024-25,3,-60.653664,-33.705553,614,1073,300005,validacion_mnc
pergamino,2024-25,3,-60.479301,-34.039187,1852,1720,900008,validacion_mnc
pergamino,2024-25,3,-60.492237,-33.779934,890,1672,400008,validacion_mnc
pergamino,2024-25,3,-60.411927,-33.930851,1450,1970,700009,validacion_mnc
pergamino,2024-25,3,-60.47472,-33.794756,945,1737,400008,validacion_mnc
pergamino,2024-25,3,-60.368539,-33.994182,1685,2131,800010,validacion_mnc
pergamino,2024-25,3,-60.600843,-33.823861,1053,1269,500006,validacion_mnc
pergamino,2024-25,3,-60.615396,-33.818471,1033,1215,500006,validacion_mnc
pergamino,2024-25,3,-60.853629,-33.812273,1010,331,500001,validacion_mnc
pergamino,2024-25,3,-60.309519,-33.982593,1642,2350,800011,validacion_mnc
pergamino,2024-25,3,-60.273946,-33.802032,972,2482,400012,validacion_mnc
pergamino,2024-25,3,-60.368,-33.998224,1700,2133,800010,validacion_mnc
pergamino,2024-25,3,-60.607581,-33.666476,469,1244,200006,validacion_mnc
pergamino,2024-25,3,-60.366113,-33.988792,1665,2140,800010,validacion_mnc
pergamino,2024-25,3,-60.508137,-34.048081,1885,1613,900008,validacion_mnc
pergamino,2024-25,3,-60.326767,-33.924383,1426,2286,700011,validacion_mnc
pergamino,2024-25,3,-60.713222,-33.744899,760,852,300004,validacion_mnc
pergamino,2024-25,3,-60.366922,-33.998494,1701,2137,800010,validacion_mnc
pergamino,2024-25,3,-60.466904,-34.01655,1768,1766,800008,validacion_mnc
pergamino,2024-25,3,-60.275024,-33.764572,833,2478,400012,validacion_mnc
pergamino,2024-25,3,-60.371503,-33.982054,1640,2120,800010,validacion_mnc
pergamino,2024-25,3,-60.776284,-33.781551,896,618,400003,validacion_mnc
pergamino,2024-25,3,-60.751491,-33.848655,1145,710,500003,validacion_mnc
pergamino,2024-25,3,-60.772242,-33.780203,891,633,400003,validacion_mnc
pergamino,2024-25,3,-60.19202,-33.730077,705,2786,300013,validacion_mnc
pergamino,2024-25,3,-60.455586,-33.920879,1413,1808,700009,validacion_mnc
pergamino,2024-25,3,-60.644501,-34.044577,1872,1107,900005,validacion_mnc
pergamino,2024-25,3,-60.465018,-33.971275,1600,1773,800008,validacion_mnc
pergamino,2024-25,3,-60.489003,-33.779125,887,1684,400008,validacion_mnc
pergamino,2024-25,3,-60.736129,-33.825748,1060,767,500003,validacion_mnc
pergamino,2024-25,3,-60.742058,-33.761069,820,745,400003,validacion_mnc
pergamino,2024-25,3,-60.631296,-33.70205,601,1156,300005,validacion_mnc
pergamino,2024-25,3,-60.146745,-33.693965,571,2954,200014,validacion_mnc
pergamino,2024-25,3,-60.87977,-33.859165,1184,234,500001,validacion_mnc
pergamino,2024-25,3,-60.627793,-34.048081,1885,1169,900005,validacion_mnc
pergamino,2024-25,3,-60.281223,-33.766459,840,2455,400012,validacion_mnc
pergamino,2024-25,3,-60.779788,-33.677256,509,605,200003,validacion_mnc
pergamino,2024-25,3,-60.331618,-33.925191,1429,2268,700011,validacion_mnc
pergamino,2024-25,3,-60.539937,-33.764303,832,1495,400007,validacion_mnc
pergamino,2024-25,3,-60.483074,-33.775352,873,1706,400008,validacion_mnc
pergamino,2024-25,3,-60.391446,-34.046733,1880,2046,900010,validacion_mnc
pergamino,2024-25,3,-60.472564,-34.049698,1891,1745,900008,validacion_mnc
pergamino,2024-25,3,-60.622672,-34.052393,1901,1188,900005,validacion_mnc
pergamino,2024-25,3,-60.742867,-33.822783,1049,742,500003,validacion_mnc
pergamino,2024-25,3,-60.391985,-33.984749,1650,2044,800010,validacion_mnc
pergamino,2024-25,3,-60.363688,-34.033258,1830,2149,900010,validacion_mnc
pergamino,2024-25,3,-60.73559,-33.762686,826,769,400003,validacion_mnc
pergamino,2024-25,3,-60.818325,-33.910369,1374,462,600002,validacion_mnc
pergamino,2024-25,3,-60.428636,-33.927886,1439,1908,700009,validacion_mnc
pergamino,2024-25,3,-60.682231,-33.747594,770,967,300004,validacion_mnc
pergamino,2024-25,3,-60.738824,-33.761877,823,757,400003,validacion_mnc
pergamino,2024-25,3,-60.326767,-33.948368,1515,2286,700011,validacion_mnc
pergamino,2024-25,3,-60.355064,-34.018706,1776,2181,800010,validacion_mnc
pergamino,2024-25,3,-60.275563,-33.763225,828,2476,400012,validacion_mnc
pergamino,2024-25,3,-60.749335,-33.822514,1048,718,500003,validacion_mnc
pergamino,2024-25,3,-60.762001,-33.69639,580,671,200003,validacion_mnc
pergamino,2024-25,3,-60.649622,-33.833293,1088,1088,500005,validacion_mnc
pergamino,2024-25,3,-60.49035,-34.057243,1919,1679,900008,validacion_mnc
pergamino,2024-25,3,-60.413544,-33.924922,1428,1964,700009,validacion_mnc
pergamino,2024-25,3,-60.366113,-34.037301,1845,2140,900010,validacion_mnc
pergamino,2024-25,3,-60.659593,-33.730616,707,1051,300005,validacion_mnc
pergamino,2024-25,3,-60.752299,-33.981246,1637,707,800003,validacion_mnc
pergamino,2024-25,3,-60.737477,-33.833024,1087,762,500003,validacion_mnc
pergamino,2024-25,3,-60.322455,-33.980976,1636,2302,800011,validacion_mnc
pergamino,2024-25,3,-60.674415,-33.742743,752,996,300004,validacion_mnc
pergamino,2024-25,3,-60.63453,-33.729538,703,1144,300005,validacion_mnc
pergamino,2024-25,3,-60.776554,-33.823592,1052,617,500003,validacion_mnc
pergamino,2024-25,3,-60.368539,-34.007117,1733,2131,800010,validacion_mnc
pergamino,2024-25,3,-60.63992,-34.035414,1838,1124,900005,validacion_mnc
pergamino,2024-25,3,-60.489542,-34.077995,1996,1682,900008,validacion_mnc
pergamino,2024-25,3,-60.274216,-33.802302,973,2481,400012,validacion_mnc
pergamino,2024-25,3,-60.47472,-33.999572,1705,1737,800008,validacion_mnc
pergamino,2024-25,3,-60.861175,-33.802032,972,303,400001,validacion_mnc
pergamino,2024-25,3,-60.744484,-33.822783,1049,736,500003,validacion_mnc
pergamino,2024-25,3,-60.736399,-33.766728,841,766,400003,validacion_mnc
pergamino,2024-25,3,-60.251848,-33.796912,953,2564,400012,validacion_mnc
pergamino,2024-25,3,-60.62941,-33.846768,1138,1163,500005,validacion_mnc
pergamino,2024-25,3,-60.651778,-33.71229,639,1080,300005,validacion_mnc
pergamino,2024-25,3,-60.749604,-33.694504,573,717,200003,validacion_mnc
pergamino,2024-25,3,-60.68762,-33.753793,793,947,300004,validacion_mnc
pergamino,2024-25,3,-60.713492,-33.746247,765,851,300004,validacion_mnc
pergamino,2024-25,3,-60.78383,-33.900667,1338,590,600002,validacion_mnc
pergamino,2024-25,3,-60.776554,-33.784784,908,617,400003,validacion_mnc
pergamino,2024-25,3,-60.470138,-34.046194,1878,1754,900008,validacion_mnc
pergamino,2024-25,3,-60.376624,-34.023287,1793,2101,800010,validacion_mnc
pergamino,2024-25,3,-60.639111,-34.030563,1820,1127,900005,validacion_mnc
pergamino,2024-25,3,-60.633452,-34.046733,1880,1148,900005,validacion_mnc
pergamino,2024-25,3,-60.788411,-33.90444,1352,573,600002,validacion_mnc
pergamino,2024-25,3,-60.808893,-33.86725,1214,497,600002,validacion_mnc
pergamino,2024-25,3,-60.348596,-33.960495,1560,2205,700011,validacion_mnc
pergamino,2024-25,3,-60.460975,-33.99526,1689,1788,800008,validacion_mnc
pergamino,2024-25,3,-60.390098,-34.068023,1959,2051,900010,validacion_mnc
pergamino,2024-25,3,-60.680075,-33.752176,787,975,300004,validacion_mnc
pergamino,2024-25,3,-60.471755,-33.790713,930,1748,400008,validacion_mnc
pergamino,2024-25,3,-60.671181,-33.624974,315,1008,100005,validacion_mnc
pergamino,2024-25,3,-60.728584,-33.987444,1660,795,800003,validacion_mnc
pergamino,2024-25,3,-60.368539,-34.00577,1728,2131,800010,validacion_mnc
pergamino,2024-25,3,-60.72508,-33.714177,646,808,300004,validacion_mnc
pergamino,2024-25,3,-60.77305,-33.638718,366,630,100003,validacion_mnc
pergamino,2024-25,3,-60.486847,-33.795564,948,1692,400008,validacion_mnc
pergamino,2024-25,3,-60.369617,-34.035953,1840,2127,900010,validacion_mnc
pergamino,2024-25,3,-60.756342,-33.980707,1635,692,800003,validacion_mnc
pergamino,2024-25,3,-60.851473,-33.761069,820,339,400001,validacion_mnc
pergamino,2024-25,3,-60.150248,-33.692348,565,2941,200014,validacion_mnc
pergamino,2024-25,3,-60.321647,-33.981246,1637,2305,800011,validacion_mnc
pergamino,2024-25,3,-60.66094,-33.841648,1119,1046,500005,validacion_mnc
pergamino,2024-25,3,-60.762809,-33.682915,530,668,200003,validacion_mnc
pergamino,2024-25,3,-60.420282,-33.943517,1497,1939,700009,validacion_mnc
pergamino,2024-25,3,-60.450465,-33.962112,1566,1827,700009,validacion_mnc
pergamino,2024-25,3,-60.27745,-33.758104,809,2469,400012,validacion_mnc
pergamino,2024-25,3,-60.80539,-33.882072,1269,510,600002,validacion_mnc
pergamino,2024-25,3,-60.563114,-33.765111,835,1409,400007,validacion_mnc
pergamino,2024-25,3,-60.294697,-33.757565,807,2405,400012,validacion_mnc
pergamino,2024-25,3,-60.207651,-33.741935,749,2728,300013,validacion_mnc
pergamino,2024-25,3,-60.62941,-33.827634,1067,1163,500005,validacion_mnc
pergamino,2024-25,3,-60.457203,-33.965885,1580,1802,700009,validacion_mnc
pergamino,2024-25,3,-60.43187,-33.928964,1443,1896,700009,validacion_mnc
pergamino,2024-25,3,-60.621325,-33.848924,1146,1193,500005,validacion_mnc
pergamino,2024-25,3,-60.491428,-33.759991,816,1675,400008,validacion_mnc
pergamino,2024-25,3,-60.623211,-33.748403,773,1186,300005,validacion_mnc
pergamino,2024-25,3,-60.536703,-33.782359,899,1507,400007,validacion_mnc
pergamino,2024-25,3,-60.857671,-33.83518,1095,316,500001,validacion_mnc
pergamino,2024-25,3,-60.369347,-34.050237,1893,2128,900010,validacion_mnc
pergamino,2024-25,3,-60.732087,-33.750289,780,782,300003,validacion_mnc
pergamino,2024-25,3,-60.369078,-33.705823,615,2129,300010,validacion_mnc
pergamino,2024-25,3,-60.739094,-33.761877,823,756,400003,validacion_mnc
pergamino,2024-25,3,-60.626984,-33.747325,769,1172,300005,validacion_mnc
pergamino,2024-25,3,-60.743675,-33.699894,593,739,200003,validacion_mnc
pergamino,2024-25,3,-60.378241,-33.716333,654,2095,300010,validacion_mnc
pergamino,2024-25,3,-60.794071,-33.910099,1373,552,600002,validacion_mnc
pergamino,2024-25,3,-60.742597,-33.767537,844,743,400003,validacion_mnc
pergamino,2024-25,3,-60.652047,-33.831676,1082,1079,500005,validacion_mnc
pergamino,2024-25,3,-60.539398,-33.796373,951,1497,400007,validacion_mnc
pergamino,2024-25,3,-60.493854,-34.021131,1785,1666,800008,validacion_mnc
pergamino,2024-25,3,-60.402765,-34.013585,1757,2004,800010,validacion_mnc
pergamino,2024-25,3,-60.656629,-33.826556,1063,1062,500005,validacion_mnc
pergamino,2024-25,3,-60.631027,-33.752984,790,1157,300005,validacion_mnc
pergamino,2024-25,3,-60.62402,-34.061016,1933,1183,900005,validacion_mnc
