zona,campania,clase,lon,lat,fila,col,bloque,set
rio-cuarto,2024-25,0,-64.564031,-34.084732,6612,2148,3300010,entrenamiento
rio-cuarto,2024-25,0,-65.071758,-33.149855,3143,264,1500001,entrenamiento
rio-cuarto,2024-25,0,-64.385086,-34.14456,6834,2812,3400014,entrenamiento
rio-cuarto,2024-25,0,-64.412036,-33.0779,2876,2712,1400013,entrenamiento
rio-cuarto,2024-25,0,-64.742975,-32.90758,2244,1484,1100007,entrenamiento
rio-cuarto,2024-25,0,-64.256268,-32.427071,461,3290,200016,entrenamiento
rio-cuarto,2024-25,0,-64.460814,-33.315325,3757,2531,1800012,entrenamiento
rio-cuarto,2024-25,0,-64.274863,-33.112665,3005,3221,1500016,entrenamiento
rio-cuarto,2024-25,0,-64.403951,-33.065503,2830,2742,1400013,entrenamiento
rio-cuarto,2024-25,0,-63.962788,-33.249568,3513,4379,1700021,entrenamiento
rio-cuarto,2024-25,0,-64.828944,-33.787479,5509,1165,2700005,entrenamiento
rio-cuarto,2024-25,0,-64.924614,-32.890601,2181,810,1000004,entrenamiento
rio-cuarto,2024-25,0,-64.901977,-33.015108,2643,894,1300004,entrenamiento
rio-cuarto,2024-25,0,-63.890294,-33.457618,4285,4648,2100023,entrenamiento
rio-cuarto,2024-25,0,-64.309089,-32.607093,1129,3094,500015,entrenamiento
rio-cuarto,2024-25,0,-64.978244,-33.178422,3249,611,1600003,entrenamiento
rio-cuarto,2024-25,0,-64.821128,-32.883864,2156,1194,1000005,entrenamiento
rio-cuarto,2024-25,0,-64.163292,-34.168006,6921,3635,3400018,entrenamiento
rio-cuarto,2024-25,0,-64.447339,-33.762147,5415,2581,2700012,entrenamiento
rio-cuarto,2024-25,0,-63.940959,-33.404528,4088,4460,2000022,entrenamiento
rio-cuarto,2024-25,0,-64.870446,-34.028408,6403,1011,3200005,entrenamiento
rio-cuarto,2024-25,0,-64.465665,-33.803919,5570,2513,2700012,entrenamiento
rio-cuarto,2024-25,0,-64.243871,-33.028313,2692,3336,1300016,entrenamiento
rio-cuarto,2024-25,0,-64.247913,-33.62201,4895,3321,2400016,entrenamiento
rio-cuarto,2024-25,0,-64.920033,-32.76313,1708,827,800004,entrenamiento
rio-cuarto,2024-25,0,-64.269203,-33.948368,6106,3242,3000016,entrenamiento
rio-cuarto,2024-25,0,-64.970159,-32.961478,2444,641,1200003,entrenamiento
rio-cuarto,2024-25,0,-64.99091,-33.128026,3062,564,1500002,entrenamiento
rio-cuarto,2024-25,0,-64.908445,-32.639432,1249,870,600004,entrenamiento
rio-cuarto,2024-25,0,-64.384817,-32.613561,1153,2813,500014,entrenamiento
rio-cuarto,2024-25,0,-64.830291,-32.648326,1282,1160,600005,entrenamiento
rio-cuarto,2024-25,0,-64.469707,-34.205735,7061,2498,3500012,entrenamiento
rio-cuarto,2024-25,0,-65.114069,-33.423392,4158,107,2000000,entrenamiento
rio-cuarto,2024-25,0,-64.18054,-33.761608,5413,3571,2700017,entrenamiento
rio-cuarto,2024-25,0,-65.097091,-33.464086,4309,170,2100000,entrenamiento
rio-cuarto,2024-25,0,-65.034029,-33.682107,5118,404,2500002,entrenamiento
rio-cuarto,2024-25,0,-64.850234,-32.924827,2308,1086,1100005,entrenamiento
rio-cuarto,2024-25,0,-64.277558,-32.425454,455,3211,200016,entrenamiento
rio-cuarto,2024-25,0,-64.910062,-32.9445,2381,864,1100004,entrenamiento
rio-cuarto,2024-25,0,-64.788789,-32.788193,1801,1314,900006,entrenamiento
rio-cuarto,2024-25,0,-64.727075,-33.912255,5972,1543,2900007,entrenamiento
rio-cuarto,2024-25,0,-64.264083,-32.650751,1291,3261,600016,entrenamiento
rio-cuarto,2024-25,0,-64.277558,-32.924558,2307,3211,1100016,entrenamiento
rio-cuarto,2024-25,0,-64.138229,-33.902015,5934,3728,2900018,entrenamiento
rio-cuarto,2024-25,0,-64.201291,-33.857009,5767,3494,2800017,entrenamiento
rio-cuarto,2024-25,0,-64.701203,-33.698816,5180,1639,2500008,entrenamiento
rio-cuarto,2024-25,0,-64.618468,-33.557062,4654,1946,2300009,entrenamiento
rio-cuarto,2024-25,0,-64.143888,-33.846768,5729,3707,2800018,entrenamiento
rio-cuarto,2024-25,0,-64.875027,-32.750195,1660,994,800004,entrenamiento
rio-cuarto,2024-25,0,-64.585321,-33.626861,4913,2069,2400010,entrenamiento
rio-cuarto,2024-25,0,-64.970428,-33.889887,5889,640,2900003,entrenamiento
rio-cuarto,2024-25,0,-64.799299,-32.953124,2413,1275,1200006,entrenamiento
rio-cuarto,2024-25,0,-64.206681,-33.588592,4771,3474,2300017,entrenamiento
rio-cuarto,2024-25,0,-64.406107,-33.909021,5960,2734,2900013,entrenamiento
rio-cuarto,2024-25,0,-65.030795,-33.103772,2972,416,1400002,entrenamiento
rio-cuarto,2024-25,0,-64.707132,-32.727288,1575,1617,700008,entrenamiento
rio-cuarto,2024-25,0,-64.73489,-33.880994,5856,1514,2900007,entrenamiento
rio-cuarto,2024-25,0,-64.784477,-33.937588,6066,1330,3000006,entrenamiento
rio-cuarto,2024-25,0,-64.202099,-33.737353,5323,3491,2600017,entrenamiento
rio-cuarto,2024-25,0,-64.212879,-33.641952,4969,3451,2400017,entrenamiento
rio-cuarto,2024-25,0,-64.275132,-33.052568,2782,3220,1300016,entrenamiento
rio-cuarto,2024-25,0,-64.987676,-33.020767,2664,576,1300002,entrenamiento
rio-cuarto,2024-25,0,-64.250608,-32.456446,570,3311,200016,entrenamiento
rio-cuarto,2024-25,0,-64.939167,-32.73672,1610,756,800003,entrenamiento
rio-cuarto,2024-25,0,-64.084061,-32.567477,982,3929,400019,entrenamiento
rio-cuarto,2024-25,0,-64.923267,-32.969024,2472,815,1200004,entrenamiento
rio-cuarto,2024-25,0,-65.115416,-33.486993,4394,102,2100000,entrenamiento
rio-cuarto,2024-25,0,-64.951833,-32.977648,2504,709,1200003,entrenamiento
rio-cuarto,2024-25,0,-64.716564,-33.5417,4597,1582,2200007,entrenamiento
rio-cuarto,2024-25,0,-64.856971,-32.891679,2185,1061,1000005,entrenamiento
rio-cuarto,2024-25,0,-64.14847,-33.327722,3803,3690,1900018,entrenamiento
rio-cuarto,2024-25,0,-64.243062,-33.092183,2929,3339,1400016,entrenamiento
rio-cuarto,2024-25,0,-64.964769,-32.996782,2575,661,1200003,entrenamiento
rio-cuarto,2024-25,0,-64.963152,-33.806613,5580,667,2700003,entrenamiento
rio-cuarto,2024-25,0,-64.020729,-33.36033,3924,4164,1900020,entrenamiento
rio-cuarto,2024-25,0,-64.976896,-33.029122,2695,616,1300003,entrenamiento
rio-cuarto,2024-25,0,-64.145775,-33.754601,5387,3700,2600018,entrenamiento
rio-cuarto,2024-25,0,-64.507976,-33.937857,6067,2356,3000011,entrenamiento
rio-cuarto,2024-25,0,-64.162214,-34.069371,6555,3639,3200018,entrenamiento
rio-cuarto,2024-25,0,-64.668055,-33.400485,4073,1762,2000008,entrenamiento
rio-cuarto,2024-25,0,-64.993335,-32.967138,2465,555,1200002,entrenamiento
rio-cuarto,2024-25,0,-64.876375,-32.987619,2541,989,1200004,entrenamiento
rio-cuarto,2024-25,0,-64.851312,-32.691175,1441,1082,700005,entrenamiento
rio-cuarto,2024-25,0,-64.987407,-33.101077,2962,577,1400002,entrenamiento
rio-cuarto,2024-25,0,-64.706593,-32.889523,2177,1619,1000008,entrenamiento
rio-cuarto,2024-25,0,-64.540584,-33.920071,6001,2235,3000011,entrenamiento
rio-cuarto,2024-25,0,-64.841071,-32.72055,1550,1120,700005,entrenamiento
rio-cuarto,2024-25,0,-64.915182,-33.023732,2675,845,1300004,entrenamiento
rio-cuarto,2024-25,0,-65.046156,-33.077092,2873,359,1400001,entrenamiento
rio-cuarto,2024-25,0,-64.041481,-33.879108,5849,4087,2900020,entrenamiento
rio-cuarto,2024-25,0,-64.901438,-32.894374,2195,896,1000004,entrenamiento
rio-cuarto,2024-25,0,-63.914818,-33.262504,3561,4557,1700022,entrenamiento
rio-cuarto,2024-25,0,-64.230666,-33.596947,4802,3385,2400016,entrenamiento
rio-cuarto,2024-25,0,-64.185121,-33.287567,3654,3554,1800017,entrenamiento
rio-cuarto,2024-25,0,-64.930004,-32.975762,2497,790,1200003,entrenamiento
rio-cuarto,2024-25,0,-64.451112,-33.969927,6186,2567,3000012,entrenamiento
rio-cuarto,2024-25,0,-64.419042,-33.329339,3809,2686,1900013,entrenamiento
rio-cuarto,2024-25,0,-64.341428,-33.425818,4167,2974,2000014,entrenamiento
rio-cuarto,2024-25,0,-64.163562,-33.929773,6037,3634,3000018,entrenamiento
rio-cuarto,2024-25,0,-64.00968,-33.623896,4902,4205,2400021,entrenamiento
rio-cuarto,2024-25,0,-64.691771,-32.89653,2203,1674,1100008,entrenamiento
rio-cuarto,2024-25,0,-64.159519,-32.855567,2051,3649,1000018,entrenamiento
rio-cuarto,2024-25,0,-65.04939,-33.544126,4606,347,2300001,entrenamiento
rio-cuarto,2024-25,0,-64.2498,-33.586436,4763,3314,2300016,entrenamiento
rio-cuarto,2024-25,0,-64.731926,-33.520141,4517,1525,2200007,entrenamiento
rio-cuarto,2024-25,0,-65.003576,-33.61096,4854,517,2400002,entrenamiento
rio-cuarto,2024-25,0,-64.861014,-34.064789,6538,1046,3200005,entrenamiento
rio-cuarto,2024-25,0,-64.300465,-32.42222,443,3126,200015,entrenamiento
rio-cuarto,2024-25,0,-64.152782,-33.90956,5962,3674,2900018,entrenamiento
rio-cuarto,2024-25,0,-64.410419,-33.077092,2873,2718,1400013,entrenamiento
rio-cuarto,2024-25,0,-64.155746,-33.548168,4621,3663,2300018,entrenamiento
rio-cuarto,2024-25,0,-65.06529,-33.137997,3099,288,1500001,entrenamiento
rio-cuarto,2024-25,0,-64.922997,-33.593443,4789,816,2300004,entrenamiento
rio-cuarto,2024-25,0,-65.039149,-33.120211,3033,385,1500001,entrenamiento
rio-cuarto,2024-25,0,-63.979766,-33.264929,3570,4316,1700021,entrenamiento
rio-cuarto,2024-25,0,-64.477523,-34.144829,6835,2469,3400012,entrenamiento
rio-cuarto,2024-25,0,-64.196709,-32.4966,719,3511,300017,entrenamiento
rio-cuarto,2024-25,0,-64.747826,-32.863382,2080,1466,1000007,entrenamiento
rio-cuarto,2024-25,0,-64.177575,-33.339579,3847,3582,1900017,entrenamiento
rio-cuarto,2024-25,0,-64.826249,-33.005406,2607,1175,1300005,entrenamiento
rio-cuarto,2024-25,0,-64.144966,-34.119766,6742,3703,3300018,entrenamiento
rio-cuarto,2024-25,0,-64.816277,-32.83778,1985,1212,900006,entrenamiento
rio-cuarto,2024-25,0,-64.861822,-33.542509,4600,1043,2300005,entrenamiento
rio-cuarto,2024-25,0,-65.053972,-33.47271,4341,330,2100001,entrenamiento
rio-cuarto,2024-25,0,-64.137421,-34.080959,6598,3731,3200018,entrenamiento
rio-cuarto,2024-25,0,-64.915721,-33.530112,4554,843,2200004,entrenamiento
rio-cuarto,2024-25,0,-64.467282,-33.817663,5621,2507,2800012,entrenamiento
rio-cuarto,2024-25,0,-64.333882,-32.478544,652,3002,300015,entrenamiento
rio-cuarto,2024-25,0,-64.903055,-33.236363,3464,890,1700004,entrenamiento
rio-cuarto,2024-25,0,-64.22824,-33.664051,5051,3394,2500016,entrenamiento
rio-cuarto,2024-25,0,-64.709558,-32.703842,1488,1608,700008,entrenamiento
rio-cuarto,2024-25,0,-64.399639,-32.549152,914,2758,400013,entrenamiento
rio-cuarto,2024-25,0,-64.911409,-32.676084,1385,859,600004,entrenamiento
rio-cuarto,2024-25,0,-64.971237,-32.991392,2555,637,1200003,entrenamiento
rio-cuarto,2024-25,0,-65.063943,-33.453037,4268,293,2100001,entrenamiento
rio-cuarto,2024-25,0,-64.96423,-33.277326,3616,663,1800003,entrenamiento
rio-cuarto,2024-25,0,-64.845922,-33.033164,2710,1102,1300005,entrenamiento
rio-cuarto,2024-25,0,-63.953625,-33.239866,3477,4413,1700022,entrenamiento
rio-cuarto,2024-25,0,-64.084061,-33.122906,3043,3929,1500019,entrenamiento
rio-cuarto,2024-25,0,-64.763457,-33.336615,3836,1408,1900007,entrenamiento
rio-cuarto,2024-25,0,-64.529535,-32.88575,2163,2276,1000011,entrenamiento
rio-cuarto,2024-25,0,-64.91087,-33.055263,2792,861,1300004,entrenamiento
rio-cuarto,2024-25,0,-63.916166,-33.269241,3586,4552,1700022,entrenamiento
rio-cuarto,2024-25,0,-64.576427,-32.834816,1974,2102,900010,entrenamiento
rio-cuarto,2024-25,0,-64.91087,-32.643205,1263,861,600004,entrenamiento
rio-cuarto,2024-25,0,-64.36703,-33.592904,4787,2879,2300014,entrenamiento
rio-cuarto,2024-25,0,-64.91626,-33.224775,3421,841,1700004,entrenamiento
rio-cuarto,2024-25,0,-64.278905,-32.446744,534,3206,200016,entrenamiento
rio-cuarto,2024-25,0,-64.854815,-33.020228,2662,1069,1300005,entrenamiento
rio-cuarto,2024-25,0,-64.251956,-33.537927,4583,3306,2200016,entrenamiento
rio-cuarto,2024-25,0,-64.92138,-33.143657,3120,822,1500004,entrenamiento
rio-cuarto,2024-25,0,-64.888771,-32.676084,1385,943,600004,entrenamiento
rio-cuarto,2024-25,0,-65.048312,-33.299425,3698,351,1800001,entrenamiento
rio-cuarto,2024-25,0,-64.993335,-33.138806,3102,555,1500002,entrenamiento
rio-cuarto,2024-25,0,-65.092509,-33.959147,6146,187,3000000,entrenamiento
rio-cuarto,2024-25,0,-64.815469,-32.615178,1159,1215,500006,entrenamiento
rio-cuarto,2024-25,0,-65.106793,-33.205371,3349,134,1600000,entrenamiento
rio-cuarto,2024-25,0,-64.413653,-33.193244,3304,2706,1600013,entrenamiento
rio-cuarto,2024-25,0,-64.82032,-32.812178,1890,1197,900005,entrenamiento
rio-cuarto,2024-25,0,-64.321485,-32.841553,1999,3048,900015,entrenamiento
rio-cuarto,2024-25,0,-64.882573,-33.068737,2842,966,1400004,entrenamiento
rio-cuarto,2024-25,0,-64.185121,-33.730347,5297,3554,2600017,entrenamiento
rio-cuarto,2024-25,0,-64.38832,-33.028583,2693,2800,1300014,entrenamiento
rio-cuarto,2024-25,0,-64.444375,-34.074761,6575,2592,3200012,entrenamiento
rio-cuarto,2024-25,0,-65.092509,-33.501276,4447,187,2200000,entrenamiento
rio-cuarto,2024-25,0,-64.305855,-33.510708,4482,3106,2200015,entrenamiento
rio-cuarto,2024-25,0,-64.98579,-33.02454,2678,583,1300002,entrenamiento
rio-cuarto,2024-25,0,-64.910062,-32.884942,2160,864,1000004,entrenamiento
rio-cuarto,2024-25,0,-64.77747,-32.977109,2502,1356,1200006,entrenamiento
rio-cuarto,2024-25,0,-64.934047,-33.025888,2683,775,1300003,entrenamiento
rio-cuarto,2024-25,0,-64.928657,-33.793408,5531,795,2700003,entrenamiento
rio-cuarto,2024-25,0,-64.240907,-32.650751,1291,3347,600016,entrenamiento
rio-cuarto,2024-25,0,-64.08433,-34.0753,6577,3928,3200019,entrenamiento
rio-cuarto,2024-25,0,-64.216921,-33.780473,5483,3436,2700017,entrenamiento
rio-cuarto,2024-25,0,-64.733273,-32.827809,1948,1520,900007,entrenamiento
rio-cuarto,2024-25,0,-64.191319,-33.325566,3795,3531,1800017,entrenamiento
rio-cuarto,2024-25,0,-64.73516,-32.983577,2526,1513,1200007,entrenamiento
rio-cuarto,2024-25,0,-64.579122,-33.684263,5126,2092,2500010,entrenamiento
rio-cuarto,2024-25,0,-64.738394,-32.947195,2391,1501,1100007,entrenamiento
rio-cuarto,2024-25,0,-64.214766,-33.812542,5602,3444,2800017,entrenamiento
rio-cuarto,2024-25,0,-64.899012,-32.740762,1625,905,800004,entrenamiento
rio-cuarto,2024-25,0,-64.899551,-32.847482,2021,903,1000004,entrenamiento
rio-cuarto,2024-25,0,-64.726536,-33.345239,3868,1545,1900007,entrenamiento
rio-cuarto,2024-25,0,-65.074453,-33.637371,4952,254,2400001,entrenamiento
rio-cuarto,2024-25,0,-64.352208,-34.077995,6587,2934,3200014,entrenamiento
rio-cuarto,2024-25,0,-64.234169,-33.699624,5183,3372,2500016,entrenamiento
rio-cuarto,2024-25,0,-65.070411,-33.631981,4932,269,2400001,entrenamiento
rio-cuarto,2024-25,0,-64.630865,-33.12075,3035,1900,1500009,entrenamiento
rio-cuarto,2024-25,0,-64.766421,-32.898417,2210,1397,1100006,entrenamiento
rio-cuarto,2024-25,0,-64.755102,-33.346856,3874,1439,1900007,entrenamiento
rio-cuarto,2024-25,0,-64.936742,-32.965251,2458,765,1200003,entrenamiento
rio-cuarto,2024-25,0,-65.041036,-33.068468,2841,378,1400001,entrenamiento
rio-cuarto,2024-25,0,-64.469707,-33.903362,5939,2498,2900012,entrenamiento
rio-cuarto,2024-25,0,-64.710097,-33.705284,5204,1606,2600008,entrenamiento
rio-cuarto,2024-25,0,-64.09511,-34.188757,6998,3888,3400019,entrenamiento
rio-cuarto,2024-25,0,-64.314748,-32.479083,654,3073,300015,entrenamiento
rio-cuarto,2024-25,0,-64.199404,-33.706362,5208,3501,2600017,entrenamiento
rio-cuarto,2024-25,0,-64.851851,-33.363834,3937,1080,1900005,entrenamiento
rio-cuarto,2024-25,0,-64.443836,-33.89905,5923,2594,2900012,entrenamiento
rio-cuarto,2024-25,0,-64.451651,-33.82467,5647,2565,2800012,entrenamiento
rio-cuarto,2024-25,0,-64.566186,-33.558678,4660,2140,2300010,entrenamiento
rio-cuarto,2024-25,0,-64.281331,-32.606554,1127,3197,500015,entrenamiento
rio-cuarto,2024-25,0,-64.322563,-33.583741,4753,3044,2300015,entrenamiento
rio-cuarto,2024-25,0,-64.323911,-32.713543,1524,3039,700015,entrenamiento
rio-cuarto,2024-25,0,-64.199943,-33.636562,4949,3499,2400017,entrenamiento
rio-cuarto,2024-25,0,-64.739741,-33.877221,5842,1496,2900007,entrenamiento
rio-cuarto,2024-25,0,-65.085772,-33.152281,3152,212,1500001,entrenamiento
rio-cuarto,2024-25,0,-64.585051,-34.102519,6678,2070,3300010,entrenamiento
rio-cuarto,2024-25,0,-65.03376,-33.130452,3071,405,1500002,entrenamiento
rio-cuarto,2024-25,0,-64.95911,-33.145004,3125,682,1500003,entrenamiento
rio-cuarto,2024-25,0,-64.477523,-33.873987,5830,2469,2900012,entrenamiento
rio-cuarto,2024-25,0,-64.662935,-34.131624,6786,1781,3300008,entrenamiento
rio-cuarto,2024-25,0,-65.004115,-33.897433,5917,515,2900002,entrenamiento
rio-cuarto,2024-25,0,-64.381313,-33.41369,4122,2826,2000014,entrenamiento
rio-cuarto,2024-25,0,-64.68153,-33.778047,5474,1712,2700008,entrenamiento
rio-cuarto,2024-25,0,-64.107776,-33.199173,3326,3841,1600019,entrenamiento
rio-cuarto,2024-25,0,-64.146583,-33.848116,5734,3697,2800018,entrenamiento
rio-cuarto,2024-25,0,-64.137151,-33.846229,5727,3732,2800018,entrenamiento
rio-cuarto,2024-25,0,-64.915451,-33.047717,2764,844,1300004,entrenamiento
rio-cuarto,2024-25,0,-64.905211,-32.76852,1728,882,800004,entrenamiento
rio-cuarto,2024-25,0,-64.914912,-32.959053,2435,846,1200004,entrenamiento
rio-cuarto,2024-25,0,-64.938628,-32.75289,1670,758,800003,entrenamiento
rio-cuarto,2024-25,0,-64.423893,-33.226661,3428,2668,1700013,entrenamiento
rio-cuarto,2024-25,0,-64.865325,-32.812448,1891,1030,900005,entrenamiento
rio-cuarto,2024-25,0,-64.965847,-33.895547,5910,657,2900003,entrenamiento
rio-cuarto,2024-25,0,-64.798491,-32.971719,2482,1278,1200006,entrenamiento
rio-cuarto,2024-25,0,-64.835681,-33.958069,6142,1140,3000005,entrenamiento
rio-cuarto,2024-25,0,-64.887424,-33.798798,5551,948,2700004,entrenamiento
rio-cuarto,2024-25,0,-64.295614,-32.824306,1935,3144,900015,entrenamiento
rio-cuarto,2024-25,0,-64.972315,-33.894738,5907,633,2900003,entrenamiento
rio-cuarto,2024-25,0,-64.289955,-33.5258,4538,3165,2200015,entrenamiento
rio-cuarto,2024-25,0,-64.18027,-34.142943,6828,3572,3400017,entrenamiento
rio-cuarto,2024-25,0,-64.178923,-33.685071,5129,3577,2500017,entrenamiento
rio-cuarto,2024-25,0,-64.151973,-33.894469,5906,3677,2900018,entrenamiento
rio-cuarto,2024-25,0,-64.035013,-33.639527,4960,4111,2400020,entrenamiento
rio-cuarto,2024-25,0,-64.944287,-33.005406,2607,737,1300003,entrenamiento
rio-cuarto,2024-25,0,-64.316634,-32.600895,1106,3066,500015,entrenamiento
rio-cuarto,2024-25,0,-64.034204,-34.081228,6599,4114,3200020,entrenamiento
rio-cuarto,2024-25,0,-63.953086,-33.336345,3835,4415,1900022,entrenamiento
rio-cuarto,2024-25,0,-64.87341,-33.559756,4664,1000,2300005,entrenamiento
rio-cuarto,2024-25,0,-65.106793,-33.436867,4208,134,2100000,entrenamiento
rio-cuarto,2024-25,0,-65.005193,-33.106467,2982,511,1400002,entrenamiento
rio-cuarto,2024-25,0,-64.424702,-33.012143,2632,2665,1300013,entrenamiento
rio-cuarto,2024-25,0,-64.469438,-33.816585,5617,2499,2800012,entrenamiento
rio-cuarto,2024-25,0,-64.882304,-32.679048,1396,967,600004,entrenamiento
rio-cuarto,2024-25,0,-64.157902,-33.825748,5651,3655,2800018,entrenamiento
rio-cuarto,2024-25,0,-64.810888,-32.845596,2014,1232,1000006,entrenamiento
rio-cuarto,2024-25,0,-64.911409,-32.968485,2470,859,1200004,entrenamiento
rio-cuarto,2024-25,0,-64.812774,-32.918898,2286,1225,1100006,entrenamiento
rio-cuarto,2024-25,0,-64.759953,-33.523375,4529,1421,2200007,entrenamiento
rio-cuarto,2024-25,0,-64.856971,-32.932104,2335,1061,1100005,entrenamiento
rio-cuarto,2024-25,0,-64.900629,-33.022384,2670,899,1300004,entrenamiento
rio-cuarto,2024-25,0,-64.519294,-33.930312,6039,2314,3000011,entrenamiento
rio-cuarto,2024-25,0,-64.76184,-33.339849,3848,1414,1900007,entrenamiento
rio-cuarto,2024-25,0,-64.535195,-32.801399,1850,2255,900011,entrenamiento
rio-cuarto,2024-25,0,-64.12691,-33.965076,6168,3770,3000018,entrenamiento
rio-cuarto,2024-25,0,-64.635177,-34.162077,6899,1884,3400009,entrenamiento
rio-cuarto,2024-25,0,-64.841879,-32.826731,1944,1117,900005,entrenamiento
rio-cuarto,2024-25,0,-64.427397,-34.018436,6366,2655,3100013,entrenamiento
rio-cuarto,2024-25,0,-64.898473,-32.886559,2166,907,1000004,entrenamiento
rio-cuarto,2024-25,0,-64.755641,-33.886114,5875,1437,2900007,entrenamiento
rio-cuarto,2024-25,0,-65.012739,-33.473518,4344,483,2100002,entrenamiento
rio-cuarto,2024-25,0,-64.483721,-33.998224,6291,2446,3100012,entrenamiento
rio-cuarto,2024-25,0,-65.000881,-34.019245,6369,527,3100002,entrenamiento
rio-cuarto,2024-25,0,-64.987676,-33.07251,2856,576,1400002,entrenamiento
rio-cuarto,2024-25,0,-64.7454,-33.896086,5912,1475,2900007,entrenamiento
rio-cuarto,2024-25,0,-64.145236,-33.632789,4935,3702,2400018,entrenamiento
rio-cuarto,2024-25,0,-64.762918,-32.853142,2042,1410,1000007,entrenamiento
rio-cuarto,2024-25,0,-64.866673,-32.898686,2211,1025,1100005,entrenamiento
rio-cuarto,2024-25,0,-65.079035,-33.292687,3673,237,1800001,entrenamiento
rio-cuarto,2024-25,0,-64.513635,-33.409109,4105,2335,2000011,entrenamiento
rio-cuarto,2024-25,0,-64.124754,-33.44064,4222,3778,2100018,entrenamiento
rio-cuarto,2024-25,0,-63.929101,-33.398868,4067,4504,2000022,entrenamiento
rio-cuarto,2024-25,0,-64.810618,-32.903268,2228,1233,1100006,entrenamiento
rio-cuarto,2024-25,0,-64.945365,-33.490496,4407,733,2200003,entrenamiento
rio-cuarto,2024-25,0,-65.030256,-33.900667,5929,418,2900002,entrenamiento
rio-cuarto,2024-25,0,-64.933238,-32.772563,1743,778,800003,entrenamiento
rio-cuarto,2024-25,0,-64.403681,-33.067929,2839,2743,1400013,entrenamiento
rio-cuarto,2024-25,0,-64.82544,-32.817838,1911,1178,900005,entrenamiento
rio-cuarto,2024-25,0,-64.369186,-32.674197,1378,2871,600014,entrenamiento
rio-cuarto,2024-25,0,-64.861283,-33.593982,4791,1045,2300005,entrenamiento
rio-cuarto,2024-25,0,-64.151165,-33.815776,5614,3680,2800018,entrenamiento
rio-cuarto,2024-25,0,-64.674793,-34.058591,6515,1737,3200008,entrenamiento
rio-cuarto,2024-25,0,-64.255998,-34.14429,6833,3291,3400016,entrenamiento
rio-cuarto,2024-25,0,-64.197248,-33.540083,4591,3509,2200017,entrenamiento
rio-cuarto,2024-25,0,-64.177845,-33.691809,5154,3581,2500017,entrenamiento
rio-cuarto,2024-25,0,-64.153321,-33.920879,6004,3672,3000018,entrenamiento
rio-cuarto,2024-25,0,-64.354633,-33.898242,5920,2925,2900014,entrenamiento
rio-cuarto,2024-25,0,-65.049929,-33.39779,4063,345,2000001,entrenamiento
rio-cuarto,2024-25,0,-65.008697,-33.885036,5871,498,2900002,entrenamiento
rio-cuarto,2024-25,0,-64.315018,-32.391497,329,3072,100015,entrenamiento
rio-cuarto,2024-25,0,-64.576427,-33.907943,5956,2102,2900010,entrenamiento
rio-cuarto,2024-25,0,-64.640836,-33.563529,4678,1863,2300009,entrenamiento
rio-cuarto,2024-25,0,-64.882034,-33.033164,2710,968,1300004,entrenamiento
rio-cuarto,2024-25,0,-64.911948,-33.805805,5577,857,2700004,entrenamiento
rio-cuarto,2024-25,0,-64.821398,-33.11536,3015,1193,1500005,entrenamiento
rio-cuarto,2024-25,0,-64.214496,-33.246065,3500,3445,1700017,entrenamiento
rio-cuarto,2024-25,0,-64.415,-33.123984,3047,2701,1500013,entrenamiento
rio-cuarto,2024-25,0,-64.422546,-33.950254,6113,2673,3000013,entrenamiento
rio-cuarto,2024-25,0,-65.117572,-33.734928,5314,94,2600000,entrenamiento
rio-cuarto,2024-25,0,-64.982825,-32.936146,2350,594,1100002,entrenamiento
rio-cuarto,2024-25,0,-65.027561,-33.561373,4670,428,2300002,entrenamiento
rio-cuarto,2024-25,0,-64.935394,-33.145274,3126,770,1500003,entrenamiento
rio-cuarto,2024-25,0,-64.453807,-33.966693,6174,2557,3000012,entrenamiento
rio-cuarto,2024-25,0,-65.060709,-33.144735,3124,305,1500001,entrenamiento
rio-cuarto,2024-25,0,-64.301273,-32.584995,1047,3123,500015,entrenamiento
rio-cuarto,2024-25,0,-64.865864,-32.60359,1116,1028,500005,entrenamiento
rio-cuarto,2024-25,0,-64.952642,-33.143657,3120,706,1500003,entrenamiento
rio-cuarto,2024-25,0,-64.478331,-33.654888,5017,2466,2500012,entrenamiento
rio-cuarto,2024-25,0,-64.710366,-33.742474,5342,1605,2600008,entrenamiento
rio-cuarto,2024-25,0,-64.709558,-33.710673,5224,1608,2600008,entrenamiento
rio-cuarto,2024-25,0,-64.184852,-33.773196,5456,3555,2700017,entrenamiento
rio-cuarto,2024-25,0,-64.247644,-33.678065,5103,3322,2500016,entrenamiento
rio-cuarto,2024-25,0,-64.92138,-32.91782,2282,822,1100004,entrenamiento
rio-cuarto,2024-25,0,-64.154129,-33.533885,4568,3669,2200018,entrenamiento
rio-cuarto,2024-25,0,-64.191319,-34.191452,7008,3531,3500017,entrenamiento
rio-cuarto,2024-25,0,-64.579661,-33.277057,3615,2090,1800010,entrenamiento
rio-cuarto,2024-25,0,-64.74001,-32.639163,1248,1495,600007,entrenamiento
rio-cuarto,2024-25,0,-64.792562,-32.622724,1187,1300,500006,entrenamiento
rio-cuarto,2024-25,0,-64.28699,-32.622454,1186,3176,500015,entrenamiento
rio-cuarto,2024-25,0,-64.288877,-32.614369,1156,3169,500015,entrenamiento
rio-cuarto,2024-25,0,-64.296422,-32.468034,613,3141,300015,entrenamiento
rio-cuarto,2024-25,0,-64.645148,-32.631887,1221,1847,600009,entrenamiento
rio-cuarto,2024-25,0,-64.354364,-33.599372,4811,2926,2400014,entrenamiento
rio-cuarto,2024-25,0,-64.925423,-33.0302,2699,807,1300004,entrenamiento
rio-cuarto,2024-25,0,-64.145236,-33.83491,5685,3702,2800018,entrenamiento
rio-cuarto,2024-25,0,-64.653772,-34.062094,6528,1815,3200009,entrenamiento
rio-cuarto,2024-25,0,-64.851581,-32.800051,1845,1081,900005,entrenamiento
rio-cuarto,2024-25,0,-63.892989,-33.480795,4371,4638,2100023,entrenamiento
rio-cuarto,2024-25,0,-64.178114,-33.745169,5352,3580,2600017,entrenamiento
rio-cuarto,2024-25,0,-64.861822,-32.70492,1492,1043,700005,entrenamiento
rio-cuarto,2024-25,0,-64.460006,-33.564338,4681,2534,2300012,entrenamiento
rio-cuarto,2024-25,0,-64.236864,-32.895991,2201,3362,1100016,entrenamiento
rio-cuarto,2024-25,0,-65.061518,-33.386741,4022,302,2000001,entrenamiento
rio-cuarto,2024-25,0,-65.062326,-33.274901,3607,299,1800001,entrenamiento
rio-cuarto,2024-25,0,-65.034029,-34.000919,6301,404,3100002,entrenamiento
rio-cuarto,2024-25,0,-64.343853,-33.470015,4331,2965,2100014,entrenamiento
rio-cuarto,2024-25,0,-64.918955,-32.893835,2193,831,1000004,entrenamiento
rio-cuarto,2024-25,0,-64.769655,-32.804363,1861,1385,900006,entrenamiento
rio-cuarto,2024-25,0,-64.94294,-33.892582,5899,742,2900003,entrenamiento
rio-cuarto,2024-25,0,-64.250608,-34.19226,7011,3311,3500016,entrenamiento
rio-cuarto,2024-25,0,-65.111374,-33.569189,4699,117,2300000,entrenamiento
rio-cuarto,2024-25,0,-64.162484,-33.892313,5898,3638,2900018,entrenamiento
rio-cuarto,2024-25,0,-64.991449,-33.625513,4908,562,2400002,entrenamiento
rio-cuarto,2024-25,0,-64.711175,-32.63,1214,1602,600008,entrenamiento
rio-cuarto,2024-25,0,-64.238481,-33.649229,4996,3356,2400016,entrenamiento
rio-cuarto,2024-25,0,-64.848347,-32.595235,1085,1093,500005,entrenamiento
rio-cuarto,2024-25,0,-64.130953,-32.697643,1465,3755,700018,entrenamiento
rio-cuarto,2024-25,0,-64.811427,-32.991662,2556,1230,1200006,entrenamiento
rio-cuarto,2024-25,0,-64.920033,-33.388088,4027,827,2000004,entrenamiento
rio-cuarto,2024-25,0,-65.054511,-33.982593,6233,328,3100001,entrenamiento
rio-cuarto,2024-25,0,-65.034568,-33.471362,4336,402,2100002,entrenamiento
rio-cuarto,2024-25,0,-64.755372,-34.082845,6605,1438,3300007,entrenamiento
rio-cuarto,2024-25,0,-64.266508,-32.663956,1340,3252,600016,entrenamiento
rio-cuarto,2024-25,0,-64.190781,-32.436503,496,3533,200017,entrenamiento
rio-cuarto,2024-25,0,-64.260041,-33.593443,4789,3276,2300016,entrenamiento
rio-cuarto,2024-25,0,-64.316904,-32.586881,1054,3065,500015,entrenamiento
rio-cuarto,2024-25,0,-64.87368,-32.714891,1529,999,700004,entrenamiento
rio-cuarto,2024-25,0,-64.783938,-32.921593,2296,1332,1100006,entrenamiento
rio-cuarto,2024-25,0,-64.907906,-32.868233,2098,872,1000004,entrenamiento
rio-cuarto,2024-25,0,-64.816008,-32.908927,2249,1213,1100006,entrenamiento
rio-cuarto,2024-25,0,-64.038247,-34.100902,6672,4099,3300020,entrenamiento
rio-cuarto,2024-25,0,-64.118825,-33.827095,5656,3800,2800019,entrenamiento
rio-cuarto,2024-25,0,-64.278097,-32.939649,2363,3209,1100016,entrenamiento
rio-cuarto,2024-25,0,-64.929196,-33.048256,2766,793,1300003,entrenamiento
rio-cuarto,2024-25,0,-64.864786,-32.946926,2390,1032,1100005,entrenamiento
rio-cuarto,2024-25,0,-64.512018,-33.958069,6142,2341,3000011,entrenamiento
rio-cuarto,2024-25,0,-64.401795,-33.106467,2982,2750,1400013,entrenamiento
rio-cuarto,2024-25,0,-64.283756,-32.985733,2534,3188,1200015,entrenamiento
rio-cuarto,2024-25,0,-64.35652,-33.506127,4465,2918,2200014,entrenamiento
rio-cuarto,2024-25,0,-64.689615,-32.637007,1240,1682,600008,entrenamiento
rio-cuarto,2024-25,0,-64.316095,-33.541161,4595,3068,2200015,entrenamiento
rio-cuarto,2024-25,0,-64.708749,-33.411804,4115,1611,2000008,entrenamiento
rio-cuarto,2024-25,0,-64.921919,-33.096495,2945,820,1400004,entrenamiento
rio-cuarto,2024-25,0,-64.443566,-32.674197,1378,2595,600012,entrenamiento
rio-cuarto,2024-25,0,-64.13796,-33.784784,5499,3729,2700018,entrenamiento
rio-cuarto,2024-25,0,-65.00142,-33.145543,3127,525,1500002,entrenamiento
rio-cuarto,2024-25,0,-64.202099,-34.121653,6749,3491,3300017,entrenamiento
rio-cuarto,2024-25,0,-65.007349,-33.102694,2968,503,1400002,entrenamiento
rio-cuarto,2024-25,0,-64.184852,-32.44863,541,3555,200017,entrenamiento
rio-cuarto,2024-25,0,-64.151434,-34.084732,6612,3679,3300018,entrenamiento
rio-cuarto,2024-25,0,-64.572115,-33.380543,3999,2118,1900010,entrenamiento
rio-cuarto,2024-25,0,-65.083347,-33.287836,3655,221,1800001,entrenamiento
rio-cuarto,2024-25,0,-64.119634,-33.295652,3684,3797,1800018,entrenamiento
rio-cuarto,2024-25,0,-64.162753,-33.362486,3932,3637,1900018,entrenamiento
rio-cuarto,2024-25,0,-64.351938,-33.514751,4497,2935,2200014,entrenamiento
rio-cuarto,2024-25,0,-65.030526,-33.100538,2960,417,1400002,entrenamiento
rio-cuarto,2024-25,0,-64.730578,-33.9896,6259,1530,3100007,entrenamiento
rio-cuarto,2024-25,0,-64.267586,-33.291609,3669,3248,1800016,entrenamiento
rio-cuarto,2024-25,0,-65.047504,-33.698546,5179,354,2500001,entrenamiento
rio-cuarto,2024-25,0,-64.865595,-33.565955,4687,1029,2300005,entrenamiento
rio-cuarto,2024-25,0,-64.981208,-33.049603,2771,600,1300003,entrenamiento
rio-cuarto,2024-25,0,-64.693388,-32.833469,1969,1668,900008,entrenamiento
rio-cuarto,2024-25,0,-64.222042,-33.775891,5466,3417,2700017,entrenamiento
rio-cuarto,2024-25,0,-64.417425,-33.883958,5867,2692,2900013,entrenamiento
rio-cuarto,2024-25,0,-65.050468,-33.160365,3182,343,1500001,entrenamiento
rio-cuarto,2024-25,0,-64.822476,-32.707615,1502,1189,700005,entrenamiento
rio-cuarto,2024-25,0,-64.904672,-33.787479,5509,884,2700004,entrenamiento
rio-cuarto,2024-25,0,-64.158441,-33.628208,4918,3653,2400018,entrenamiento
rio-cuarto,2024-25,0,-64.910331,-33.985288,6243,863,3100004,entrenamiento
rio-cuarto,2024-25,0,-64.854815,-32.631348,1219,1069,600005,entrenamiento
rio-cuarto,2024-25,0,-64.371342,-33.085446,2904,2863,1400014,entrenamiento
rio-cuarto,2024-25,0,-64.368916,-33.051759,2779,2872,1300014,entrenamiento
rio-cuarto,2024-25,0,-64.844844,-32.650212,1289,1106,600005,entrenamiento
rio-cuarto,2024-25,0,-63.921016,-33.266546,3576,4534,1700022,entrenamiento
rio-cuarto,2024-25,0,-64.380774,-33.938935,6071,2828,3000014,entrenamiento
rio-cuarto,2024-25,0,-64.420659,-34.201962,7047,2680,3500013,entrenamiento
rio-cuarto,2024-25,0,-64.934047,-33.802032,5563,775,2700003,entrenamiento
rio-cuarto,2024-25,0,-64.90009,-33.025079,2680,901,1300004,entrenamiento
rio-cuarto,2024-25,0,-64.372689,-33.254958,3533,2858,1700014,entrenamiento
rio-cuarto,2024-25,0,-64.535195,-33.758913,5403,2255,2700011,entrenamiento
rio-cuarto,2024-25,0,-64.416078,-33.97909,6220,2697,3100013,entrenamiento
rio-cuarto,2024-25,0,-64.781243,-32.791697,1814,1342,900006,entrenamiento
rio-cuarto,2024-25,0,-64.965577,-32.995974,2572,658,1200003,entrenamiento
rio-cuarto,2024-25,0,-64.755102,-32.645631,1272,1439,600007,entrenamiento
rio-cuarto,2024-25,0,-64.272437,-33.145543,3127,3230,1500016,entrenamiento
rio-cuarto,2024-25,0,-64.460545,-33.969119,6183,2532,3000012,entrenamiento
rio-cuarto,2024-25,0,-64.84161,-32.922671,2300,1118,1100005,entrenamiento
rio-cuarto,2024-25,0,-64.609036,-32.622185,1185,1981,500009,entrenamiento
rio-cuarto,2024-25,0,-64.205603,-33.588592,4771,3478,2300017,entrenamiento
rio-cuarto,2024-25,0,-64.916799,-33.082751,2894,839,1400004,entrenamiento
rio-cuarto,2024-25,0,-64.346279,-32.407667,389,2956,100014,entrenamiento
rio-cuarto,2024-25,0,-64.55891,-33.927078,6027,2167,3000010,entrenamiento
rio-cuarto,2024-25,0,-64.898473,-33.545473,4611,907,2300004,entrenamiento
rio-cuarto,2024-25,0,-64.973662,-33.009449,2622,628,1300003,entrenamiento
rio-cuarto,2024-25,0,-64.567534,-33.437136,4209,2135,2100010,entrenamiento
rio-cuarto,2024-25,0,-64.424702,-33.181117,3259,2665,1600013,entrenamiento
rio-cuarto,2024-25,0,-65.047234,-33.782628,5491,355,2700001,entrenamiento
rio-cuarto,2024-25,0,-64.779626,-32.603051,1114,1348,500006,entrenamiento
rio-cuarto,2024-25,0,-64.754024,-32.769329,1731,1443,800007,entrenamiento
rio-cuarto,2024-25,0,-65.048043,-33.170876,3221,352,1600001,entrenamiento
rio-cuarto,2024-25,0,-64.642453,-33.559487,4663,1857,2300009,entrenamiento
rio-cuarto,2024-25,0,-64.807923,-32.988428,2544,1243,1200006,entrenamiento
rio-cuarto,2024-25,0,-64.778548,-33.875604,5836,1352,2900006,entrenamiento
rio-cuarto,2024-25,0,-64.277827,-33.951332,6117,3210,3000016,entrenamiento
rio-cuarto,2024-25,0,-64.176228,-34.147794,6846,3587,3400017,entrenamiento
rio-cuarto,2024-25,0,-64.158441,-33.814429,5609,3653,2800018,entrenamiento
rio-cuarto,2024-25,0,-64.160328,-33.882611,5862,3646,2900018,entrenamiento
rio-cuarto,2024-25,0,-64.354633,-33.100538,2960,2925,1400014,entrenamiento
rio-cuarto,2024-25,0,-64.347357,-32.898686,2211,2952,1100014,entrenamiento
rio-cuarto,2024-25,0,-64.387781,-34.20843,7071,2802,3500014,entrenamiento
rio-cuarto,2024-25,0,-64.167604,-33.112126,3003,3619,1500018,entrenamiento
rio-cuarto,2024-25,0,-64.845383,-33.942978,6086,1104,3000005,entrenamiento
rio-cuarto,2024-25,0,-65.085233,-33.42447,4162,214,2000001,entrenamiento
rio-cuarto,2024-25,0,-64.819511,-33.311282,3742,1200,1800006,entrenamiento
rio-cuarto,2024-25,0,-65.021363,-33.070893,2850,451,1400002,entrenamiento
rio-cuarto,2024-25,0,-65.098169,-33.464086,4309,166,2100000,entrenamiento
rio-cuarto,2024-25,0,-65.091162,-33.958339,6143,192,3000000,entrenamiento
rio-cuarto,2024-25,0,-64.648652,-33.660547,5038,1834,2500009,entrenamiento
rio-cuarto,2024-25,0,-64.724919,-33.330417,3813,1551,1900007,entrenamiento
rio-cuarto,2024-25,0,-64.937011,-33.166833,3206,764,1600003,entrenamiento
rio-cuarto,2024-25,0,-64.504472,-33.054724,2790,2369,1300011,entrenamiento
rio-cuarto,2024-25,0,-65.010583,-33.609343,4848,491,2400002,entrenamiento
rio-cuarto,2024-25,0,-63.989199,-33.338232,3842,4281,1900021,entrenamiento
rio-cuarto,2024-25,0,-64.775853,-34.084732,6612,1362,3300006,entrenamiento
rio-cuarto,2024-25,0,-64.933777,-32.979265,2510,776,1200003,entrenamiento
rio-cuarto,2024-25,0,-64.047679,-33.19513,3311,4064,1600020,entrenamiento
rio-cuarto,2024-25,0,-64.342775,-33.043135,2747,2969,1300014,entrenamiento
rio-cuarto,2024-25,0,-64.178384,-33.642222,4970,3579,2400017,entrenamiento
rio-cuarto,2024-25,0,-64.728422,-32.969294,2473,1538,1200007,entrenamiento
rio-cuarto,2024-25,0,-64.92165,-32.745613,1643,821,800004,entrenamiento
rio-cuarto,2024-25,0,-64.184043,-34.034336,6425,3558,3200017,entrenamiento
rio-cuarto,2024-25,0,-64.331726,-33.081134,2888,3010,1400015,entrenamiento
rio-cuarto,2024-25,0,-64.732195,-33.988253,6254,1524,3100007,entrenamiento
rio-cuarto,2024-25,0,-64.386973,-33.091105,2925,2805,1400014,entrenamiento
rio-cuarto,2024-25,0,-64.331187,-32.406589,385,3012,100015,entrenamiento
rio-cuarto,2024-25,0,-64.178923,-33.265468,3572,3577,1700017,entrenamiento
rio-cuarto,2024-25,0,-65.119728,-33.520949,4520,86,2200000,entrenamiento
rio-cuarto,2024-25,0,-64.997378,-33.001633,2593,540,1200002,entrenamiento
rio-cuarto,2024-25,0,-64.875027,-33.561373,4670,994,2300004,entrenamiento
rio-cuarto,2024-25,0,-64.865056,-32.870928,2108,1031,1000005,entrenamiento
rio-cuarto,2024-25,0,-64.833256,-33.544665,4608,1149,2300005,entrenamiento
rio-cuarto,2024-25,0,-64.000248,-33.399946,4071,4240,2000021,entrenamiento
rio-cuarto,2024-25,0,-64.312053,-32.585534,1049,3083,500015,entrenamiento
rio-cuarto,2024-25,0,-64.85212,-32.685247,1419,1079,700005,entrenamiento
rio-cuarto,2024-25,0,-64.533039,-34.076917,6583,2263,3200011,entrenamiento
rio-cuarto,2024-25,0,-64.270012,-34.137283,6807,3239,3400016,entrenamiento
rio-cuarto,2024-25,0,-64.197518,-33.687497,5138,3508,2500017,entrenamiento
rio-cuarto,2024-25,0,-64.279714,-32.584456,1045,3203,500016,entrenamiento
rio-cuarto,2024-25,0,-64.07894,-33.612847,4861,3948,2400019,entrenamiento
rio-cuarto,2024-25,0,-64.307472,-33.076014,2869,3100,1400015,entrenamiento
rio-cuarto,2024-25,0,-64.808462,-32.618951,1173,1241,500006,entrenamiento
rio-cuarto,2024-25,0,-65.094665,-33.798529,5550,179,2700000,entrenamiento
rio-cuarto,2024-25,0,-64.200213,-33.790444,5520,3498,2700017,entrenamiento
rio-cuarto,2024-25,0,-64.641106,-34.038918,6442,1862,3200009,entrenamiento
rio-cuarto,2024-25,0,-65.112991,-33.394826,4052,111,2000000,entrenamiento
rio-cuarto,2024-25,0,-64.879609,-33.015647,2645,977,1300004,entrenamiento
rio-cuarto,2024-25,0,-64.17488,-33.785054,5500,3592,2700017,entrenamiento
rio-cuarto,2024-25,0,-64.280253,-32.641858,1258,3201,600016,entrenamiento
rio-cuarto,2024-25,0,-64.866673,-33.565146,4684,1025,2300005,entrenamiento
rio-cuarto,2024-25,0,-64.758875,-32.912969,2264,1425,1100007,entrenamiento
rio-cuarto,2024-25,0,-64.418234,-33.217768,3395,2689,1600013,entrenamiento
rio-cuarto,2024-25,0,-65.105984,-33.46166,4300,137,2100000,entrenamiento
rio-cuarto,2024-25,0,-64.833525,-32.874971,2123,1148,1000005,entrenamiento
rio-cuarto,2024-25,0,-64.832178,-32.714082,1526,1153,700005,entrenamiento
rio-cuarto,2024-25,0,-65.011392,-34.005231,6317,488,3100002,entrenamiento
rio-cuarto,2024-25,0,-64.734082,-32.748847,1655,1517,800007,entrenamiento
rio-cuarto,2024-25,0,-64.35086,-33.53631,4577,2939,2200014,entrenamiento
rio-cuarto,2024-25,0,-65.067446,-33.132877,3080,280,1500001,entrenamiento
rio-cuarto,2024-25,0,-64.979052,-33.896894,5915,608,2900003,entrenamiento
rio-cuarto,2024-25,0,-64.466743,-32.69387,1451,2509,700012,validacion_mnc
rio-cuarto,2024-25,0,-64.842688,-33.71795,5251,1114,2600005,validacion_mnc
rio-cuarto,2024-25,0,-64.519564,-33.842995,5715,2313,2800011,validacion_mnc
rio-cuarto,2024-25,0,-64.263275,-33.465164,4313,3264,2100016,validacion_mnc
rio-cuarto,2024-25,0,-65.077418,-33.947829,6104,243,3000001,validacion_mnc
rio-cuarto,2024-25,0,-64.785555,-33.510978,4483,1326,2200006,validacion_mnc
rio-cuarto,2024-25,0,-64.388051,-34.02167,6378,2801,3100014,validacion_mnc
rio-cuarto,2024-25,0,-64.250339,-33.763225,5419,3312,2700016,validacion_mnc
rio-cuarto,2024-25,0,-64.839723,-33.720106,5259,1125,2600005,validacion_mnc
rio-cuarto,2024-25,0,-64.814391,-32.744535,1639,1219,800006,validacion_mnc
rio-cuarto,2024-25,0,-64.516599,-34.132971,6791,2324,3300011,validacion_mnc
rio-cuarto,2024-25,0,-64.304238,-34.211125,7081,3112,3500015,validacion_mnc
rio-cuarto,2024-25,0,-64.279983,-32.567747,983,3202,400016,validacion_mnc
rio-cuarto,2024-25,0,-64.943209,-32.835355,1976,741,900003,validacion_mnc
rio-cuarto,2024-25,0,-65.016512,-33.209413,3364,469,1600002,validacion_mnc
rio-cuarto,2024-25,0,-64.312323,-32.67824,1393,3082,600015,validacion_mnc
rio-cuarto,2024-25,0,-64.198596,-33.128835,3065,3504,1500017,validacion_mnc
rio-cuarto,2024-25,0,-64.869637,-32.779031,1767,1014,800005,validacion_mnc
rio-cuarto,2024-25,0,-64.928657,-32.870389,2106,795,1000003,validacion_mnc
rio-cuarto,2024-25,0,-64.150626,-33.17384,3232,3682,1600018,validacion_mnc
rio-cuarto,2024-25,0,-64.979322,-33.846768,5729,607,2800003,validacion_mnc
rio-cuarto,2024-25,0,-64.11101,-32.937763,2356,3829,1100019,validacion_mnc
rio-cuarto,2024-25,0,-64.290494,-32.55535,937,3163,400015,validacion_mnc
rio-cuarto,2024-25,0,-64.824632,-33.721184,5263,1181,2600005,validacion_mnc
rio-cuarto,2024-25,0,-64.172994,-32.819455,1917,3599,900017,validacion_mnc
rio-cuarto,2024-25,0,-64.927579,-33.094339,2937,799,1400003,validacion_mnc
rio-cuarto,2024-25,0,-64.283756,-32.525167,825,3188,400015,validacion_mnc
rio-cuarto,2024-25,0,-64.195631,-33.029661,2697,3515,1300017,validacion_mnc
rio-cuarto,2024-25,0,-64.193745,-33.967232,6176,3522,3000017,validacion_mnc
rio-cuarto,2024-25,0,-64.66051,-33.295113,3682,1790,1800008,validacion_mnc
rio-cuarto,2024-25,0,-64.247105,-33.827904,5659,3324,2800016,validacion_mnc
rio-cuarto,2024-25,0,-64.768577,-32.669616,1361,1389,600006,validacion_mnc
rio-cuarto,2024-25,0,-65.024866,-33.396173,4057,438,2000002,validacion_mnc
rio-cuarto,2024-25,0,-64.298578,-33.794756,5536,3133,2700015,validacion_mnc
rio-cuarto,2024-25,0,-64.936742,-32.922671,2300,765,1100003,validacion_mnc
rio-cuarto,2024-25,0,-64.333613,-33.390244,4035,3003,2000015,validacion_mnc
rio-cuarto,2024-25,0,-64.977705,-32.894913,2197,613,1000003,validacion_mnc
rio-cuarto,2024-25,0,-64.306124,-33.817124,5619,3105,2800015,validacion_mnc
rio-cuarto,2024-25,0,-64.744322,-33.674022,5088,1479,2500007,validacion_mnc
rio-cuarto,2024-25,0,-64.481296,-33.64869,4994,2455,2400012,validacion_mnc
rio-cuarto,2024-25,0,-64.14847,-33.978282,6217,3690,3100018,validacion_mnc
rio-cuarto,2024-25,0,-64.744861,-33.768076,5437,1477,2700007,validacion_mnc
rio-cuarto,2024-25,0,-64.348435,-33.98421,6239,2948,3100014,validacion_mnc
rio-cuarto,2024-25,0,-64.782052,-32.745344,1642,1339,800006,validacion_mnc
rio-cuarto,2024-25,0,-64.942401,-32.905963,2238,744,1100003,validacion_mnc
rio-cuarto,2024-25,0,-64.150895,-33.666746,5061,3681,2500018,validacion_mnc
rio-cuarto,2024-25,0,-64.450573,-32.96579,2460,2569,1200012,validacion_mnc
rio-cuarto,2024-25,0,-65.06017,-33.939205,6072,307,3000001,validacion_mnc
rio-cuarto,2024-25,0,-64.916529,-32.832121,1964,840,900004,validacion_mnc
rio-cuarto,2024-25,0,-64.322833,-34.052123,6491,3043,3200015,validacion_mnc
rio-cuarto,2024-25,0,-64.242793,-33.707709,5213,3340,2600016,validacion_mnc
rio-cuarto,2024-25,0,-64.196709,-33.935971,6060,3511,3000017,validacion_mnc
rio-cuarto,2024-25,0,-64.299117,-34.031911,6416,3131,3200015,validacion_mnc
rio-cuarto,2024-25,0,-64.854546,-33.27005,3589,1070,1700005,validacion_mnc
rio-cuarto,2024-25,0,-64.392362,-34.158843,6887,2785,3400013,validacion_mnc
rio-cuarto,2024-25,0,-64.944826,-32.882786,2152,735,1000003,validacion_mnc
rio-cuarto,2024-25,0,-64.498543,-33.845421,5724,2391,2800011,validacion_mnc
rio-cuarto,2024-25,0,-64.23929,-33.751098,5374,3353,2600016,validacion_mnc
rio-cuarto,2024-25,0,-64.293727,-33.839222,5701,3151,2800015,validacion_mnc
rio-cuarto,2024-25,0,-64.530344,-33.470015,4331,2273,2100011,validacion_mnc
rio-cuarto,2024-25,0,-64.637064,-33.407492,4099,1877,2000009,validacion_mnc
rio-cuarto,2024-25,0,-64.261658,-33.227739,3432,3270,1700016,validacion_mnc
rio-cuarto,2024-25,0,-64.500969,-33.592904,4787,2382,2300011,validacion_mnc
rio-cuarto,2024-25,0,-64.658623,-33.046369,2759,1797,1300008,validacion_mnc
rio-cuarto,2024-25,0,-64.683147,-33.961034,6153,1706,3000008,validacion_mnc
rio-cuarto,2024-25,0,-64.187816,-33.954836,6130,3544,3000017,validacion_mnc
rio-cuarto,2024-25,0,-64.890658,-32.822419,1928,936,900004,validacion_mnc
rio-cuarto,2024-25,0,-64.732195,-32.693601,1450,1524,700007,validacion_mnc
rio-cuarto,2024-25,0,-64.920033,-32.814873,1900,827,900004,validacion_mnc
rio-cuarto,2024-25,0,-64.149817,-32.979535,2511,3685,1200018,validacion_mnc
rio-cuarto,2024-25,0,-64.674793,-33.891235,5894,1737,2900008,validacion_mnc
rio-cuarto,2024-25,0,-64.359484,-33.363834,3937,2907,1900014,validacion_mnc
rio-cuarto,2024-25,0,-65.002498,-33.170067,3218,521,1600002,validacion_mnc
rio-cuarto,2024-25,0,-64.410149,-34.109256,6703,2719,3300013,validacion_mnc
rio-cuarto,2024-25,0,-64.309089,-33.793139,5530,3094,2700015,validacion_mnc
rio-cuarto,2024-25,0,-64.780435,-32.690097,1437,1345,700006,validacion_mnc
rio-cuarto,2024-25,0,-64.772619,-32.787385,1798,1374,800006,validacion_mnc
rio-cuarto,2024-25,0,-64.786094,-32.654255,1304,1324,600006,validacion_mnc
rio-cuarto,2024-25,0,-64.724919,-32.698452,1468,1551,700007,validacion_mnc
rio-cuarto,2024-25,0,-65.072567,-33.239866,3477,261,1700001,validacion_mnc
rio-cuarto,2024-25,0,-65.019476,-33.488879,4401,458,2200002,validacion_mnc
rio-cuarto,2024-25,0,-64.781513,-32.740493,1624,1341,800006,validacion_mnc
rio-cuarto,2024-25,0,-64.847808,-33.109431,2993,1095,1400005,validacion_mnc
rio-cuarto,2024-25,0,-64.93216,-33.103233,2970,782,1400003,validacion_mnc
rio-cuarto,2024-25,0,-64.242523,-34.120575,6745,3341,3300016,validacion_mnc
rio-cuarto,2024-25,0,-64.832178,-32.735642,1606,1153,800005,validacion_mnc
rio-cuarto,2024-25,0,-65.027292,-33.386202,4020,429,2000002,validacion_mnc
rio-cuarto,2024-25,0,-64.518216,-33.824939,5648,2318,2800011,validacion_mnc
rio-cuarto,2024-25,0,-64.802803,-32.631348,1219,1262,600006,validacion_mnc
rio-cuarto,2024-25,0,-64.946174,-33.847038,5730,730,2800003,validacion_mnc
rio-cuarto,2024-25,0,-65.071489,-33.242831,3488,265,1700001,validacion_mnc
rio-cuarto,2024-25,0,-65.098708,-33.370032,3960,164,1900000,validacion_mnc
rio-cuarto,2024-25,0,-64.872332,-33.325296,3794,1004,1800005,validacion_mnc
rio-cuarto,2024-25,0,-64.141732,-33.174649,3235,3715,1600018,validacion_mnc
rio-cuarto,2024-25,0,-64.539237,-33.815776,5614,2240,2800011,validacion_mnc
rio-cuarto,2024-25,0,-65.008158,-33.534154,4569,500,2200002,validacion_mnc
rio-cuarto,2024-25,0,-65.016781,-33.500737,4445,468,2200002,validacion_mnc
rio-cuarto,2024-25,0,-65.070141,-33.96319,6161,270,3000001,validacion_mnc
rio-cuarto,2024-25,0,-64.120442,-34.019784,6371,3794,3100018,validacion_mnc
rio-cuarto,2024-25,0,-64.410688,-33.595869,4798,2717,2300013,validacion_mnc
rio-cuarto,2024-25,0,-64.716295,-33.800415,5557,1583,2700007,validacion_mnc
rio-cuarto,2024-25,0,-64.209915,-33.163869,3195,3462,1500017,validacion_mnc
rio-cuarto,2024-25,0,-64.267317,-32.496331,718,3249,300016,validacion_mnc
rio-cuarto,2024-25,0,-65.06044,-33.335267,3831,306,1900001,validacion_mnc
rio-cuarto,2024-25,0,-64.25519,-32.562896,965,3294,400016,validacion_mnc
rio-cuarto,2024-25,0,-64.822745,-34.005501,6318,1188,3100005,validacion_mnc
rio-cuarto,2024-25,0,-65.038071,-33.23286,3451,389,1700001,validacion_mnc
rio-cuarto,2024-25,0,-64.144697,-33.186506,3279,3704,1600018,validacion_mnc
rio-cuarto,2024-25,0,-64.842418,-33.865363,5798,1115,2800005,validacion_mnc
rio-cuarto,2024-25,0,-64.157363,-33.997416,6288,3657,3100018,validacion_mnc
rio-cuarto,2024-25,0,-64.239559,-32.514656,786,3352,300016,validacion_mnc
rio-cuarto,2024-25,0,-65.055858,-33.247143,3504,323,1700001,validacion_mnc
rio-cuarto,2024-25,0,-64.97474,-32.883056,2153,624,1000003,validacion_mnc
rio-cuarto,2024-25,0,-64.781513,-32.718933,1544,1341,700006,validacion_mnc
rio-cuarto,2024-25,0,-64.807923,-32.721628,1554,1243,700006,validacion_mnc
rio-cuarto,2024-25,0,-64.87341,-32.980343,2514,1000,1200005,validacion_mnc
rio-cuarto,2024-25,0,-64.930543,-34.013316,6347,788,3100003,validacion_mnc
rio-cuarto,2024-25,0,-64.799838,-32.765825,1718,1273,800006,validacion_mnc
rio-cuarto,2024-25,0,-64.910331,-32.818916,1915,863,900004,validacion_mnc
rio-cuarto,2024-25,0,-64.250339,-33.71795,5251,3312,2600016,validacion_mnc
rio-cuarto,2024-25,0,-64.27621,-33.820358,5631,3216,2800016,validacion_mnc
rio-cuarto,2024-25,0,-64.979591,-33.842187,5712,606,2800003,validacion_mnc
rio-cuarto,2024-25,0,-64.619546,-34.110603,6708,1942,3300009,validacion_mnc
rio-cuarto,2024-25,0,-64.938358,-32.836163,1979,759,900003,validacion_mnc
rio-cuarto,2024-25,0,-64.913026,-32.807867,1874,853,900004,validacion_mnc
rio-cuarto,2024-25,0,-64.689884,-33.114282,3011,1681,1500008,validacion_mnc
rio-cuarto,2024-25,0,-64.301273,-33.777508,5472,3123,2700015,validacion_mnc
rio-cuarto,2024-25,0,-64.702281,-33.913333,5976,1635,2900008,validacion_mnc
rio-cuarto,2024-25,0,-64.934586,-32.925905,2312,773,1100003,validacion_mnc
rio-cuarto,2024-25,0,-64.263005,-33.869675,5814,3265,2900016,validacion_mnc
rio-cuarto,2024-25,0,-64.272437,-32.490132,695,3230,300016,validacion_mnc
rio-cuarto,2024-25,0,-64.963152,-34.009812,6334,667,3100003,validacion_mnc
rio-cuarto,2024-25,0,-64.128797,-34.011968,6342,3763,3100018,validacion_mnc
rio-cuarto,2024-25,0,-63.914818,-33.598294,4807,4557,2400022,validacion_mnc
rio-cuarto,2024-25,0,-64.846461,-33.394017,4049,1100,2000005,validacion_mnc
rio-cuarto,2024-25,0,-64.209645,-32.922132,2298,3463,1100017,validacion_mnc
rio-cuarto,2024-25,0,-64.270281,-33.761069,5411,3238,2700016,validacion_mnc
rio-cuarto,2024-25,0,-64.347626,-32.714891,1529,2951,700014,validacion_mnc
rio-cuarto,2024-25,0,-64.103734,-33.021306,2666,3856,1300019,validacion_mnc
rio-cuarto,2024-25,0,-64.232283,-32.526245,829,3379,400016,validacion_mnc
rio-cuarto,2024-25,0,-64.306663,-33.901476,5932,3103,2900015,validacion_mnc
rio-cuarto,2024-25,0,-64.377001,-34.02733,6399,2842,3100014,validacion_mnc
rio-cuarto,2024-25,0,-64.355442,-32.447552,537,2922,200014,validacion_mnc
rio-cuarto,2024-25,0,-64.405298,-33.569458,4700,2737,2300013,validacion_mnc
rio-cuarto,2024-25,0,-64.995491,-33.5417,4597,547,2200002,validacion_mnc
rio-cuarto,2024-25,0,-64.738932,-32.695757,1458,1499,700007,validacion_mnc
rio-cuarto,2024-25,0,-64.629787,-33.415038,4127,1904,2000009,validacion_mnc
rio-cuarto,2024-25,0,-64.038786,-34.16558,6912,4097,3400020,validacion_mnc
rio-cuarto,2024-25,0,-64.932969,-33.557331,4655,779,2300003,validacion_mnc
rio-cuarto,2024-25,0,-64.531422,-33.518254,4510,2269,2200011,validacion_mnc
rio-cuarto,2024-25,0,-64.237673,-33.795295,5538,3359,2700016,validacion_mnc
rio-cuarto,2024-25,0,-64.298578,-34.205735,7061,3133,3500015,validacion_mnc
rio-cuarto,2024-25,0,-64.268934,-32.487707,686,3243,300016,validacion_mnc
rio-cuarto,2024-25,0,-64.22851,-33.727921,5288,3393,2600016,validacion_mnc
rio-cuarto,2024-25,0,-64.927579,-33.088141,2914,799,1400003,validacion_mnc
rio-cuarto,2024-25,0,-65.082269,-33.933815,6052,225,3000001,validacion_mnc
rio-cuarto,2024-25,0,-64.956954,-32.794122,1823,690,900003,validacion_mnc
rio-cuarto,2024-25,0,-64.76696,-32.744535,1639,1395,800006,validacion_mnc
rio-cuarto,2024-25,0,-64.682608,-33.114821,3013,1708,1500008,validacion_mnc
rio-cuarto,2024-25,0,-64.413653,-33.655427,5019,2706,2500013,validacion_mnc
rio-cuarto,2024-25,0,-64.86317,-32.75801,1689,1038,800005,validacion_mnc
rio-cuarto,2024-25,0,-64.334152,-33.789096,5515,3001,2700015,validacion_mnc
rio-cuarto,2024-25,0,-64.938897,-32.897878,2208,757,1100003,validacion_mnc
rio-cuarto,2024-25,0,-64.394249,-34.16019,6892,2778,3400013,validacion_mnc
rio-cuarto,2024-25,0,-64.332535,-32.546726,905,3007,400015,validacion_mnc
rio-cuarto,2024-25,0,-64.967464,-32.918898,2286,651,1100003,validacion_mnc
rio-cuarto,2024-25,0,-64.336577,-32.411171,402,2992,200014,validacion_mnc
rio-cuarto,2024-25,0,-64.949677,-32.940997,2368,717,1100003,validacion_mnc
rio-cuarto,2024-25,0,-64.301812,-33.785323,5501,3121,2700015,validacion_mnc
rio-cuarto,2024-25,0,-65.042383,-33.225853,3425,373,1700001,validacion_mnc
rio-cuarto,2024-25,0,-64.816816,-32.637546,1242,1210,600006,validacion_mnc
rio-cuarto,2024-25,0,-64.973662,-33.927886,6030,628,3000003,validacion_mnc
rio-cuarto,2024-25,0,-64.529535,-33.580777,4742,2276,2300011,validacion_mnc
rio-cuarto,2024-25,0,-64.277288,-32.538372,874,3212,400016,validacion_mnc
rio-cuarto,2024-25,0,-64.789867,-33.740048,5333,1310,2600006,validacion_mnc
rio-cuarto,2024-25,0,-65.060979,-33.247951,3507,304,1700001,validacion_mnc
rio-cuarto,2024-25,0,-64.281061,-33.265468,3572,3198,1700015,validacion_mnc
rio-cuarto,2024-25,0,-64.238481,-34.063442,6533,3356,3200016,validacion_mnc
rio-cuarto,2024-25,0,-64.869368,-32.952855,2412,1015,1200005,validacion_mnc
rio-cuarto,2024-25,0,-65.006271,-33.529034,4550,507,2200002,validacion_mnc
rio-cuarto,2024-25,0,-64.860205,-33.452228,4265,1049,2100005,validacion_mnc
rio-cuarto,2024-25,0,-64.414461,-33.558409,4659,2703,2300013,validacion_mnc
rio-cuarto,2024-25,0,-64.245218,-32.50226,740,3331,300016,validacion_mnc
rio-cuarto,2024-25,0,-64.737585,-33.782089,5489,1504,2700007,validacion_mnc
rio-cuarto,2024-25,0,-64.343045,-33.671866,5080,2968,2500014,validacion_mnc
rio-cuarto,2024-25,0,-64.076515,-32.946117,2387,3957,1100019,validacion_mnc
rio-cuarto,2024-25,0,-65.013278,-33.206449,3353,481,1600002,validacion_mnc
rio-cuarto,2024-25,0,-64.645418,-33.394017,4049,1846,2000009,validacion_mnc
rio-cuarto,2024-25,0,-64.969889,-33.107814,2987,642,1400003,validacion_mnc
rio-cuarto,2024-25,0,-64.517138,-34.114376,6722,2322,3300011,validacion_mnc
rio-cuarto,2024-25,0,-65.122423,-33.605301,4833,76,2400000,validacion_mnc
rio-cuarto,2024-25,0,-64.654311,-32.95528,2421,1813,1200009,validacion_mnc
rio-cuarto,2024-25,0,-64.728692,-33.96858,6181,1537,3000007,validacion_mnc
rio-cuarto,2024-25,0,-64.234439,-33.836258,5690,3371,2800016,validacion_mnc
rio-cuarto,2024-25,0,-64.098074,-32.909197,2250,3877,1100019,validacion_mnc
rio-cuarto,2024-25,0,-64.886885,-33.923574,6014,950,3000004,validacion_mnc
rio-cuarto,2024-25,0,-64.263544,-32.552925,928,3263,400016,validacion_mnc
rio-cuarto,2024-25,0,-65.019746,-33.511517,4485,457,2200002,validacion_mnc
rio-cuarto,2024-25,0,-64.968003,-32.898417,2210,649,1100003,validacion_mnc
rio-cuarto,2024-25,0,-64.818972,-33.981785,6230,1202,3100006,validacion_mnc
rio-cuarto,2024-25,0,-64.020729,-32.893296,2191,4164,1000020,validacion_mnc
rio-cuarto,2024-25,0,-64.305316,-33.891235,5894,3108,2900015,validacion_mnc
rio-cuarto,2024-25,0,-64.952642,-32.899764,2215,706,1100003,validacion_mnc
rio-cuarto,2024-25,0,-64.190242,-33.954566,6129,3535,3000017,validacion_mnc
rio-cuarto,2024-25,0,-64.949677,-32.893566,2192,717,1000003,validacion_mnc
rio-cuarto,2024-25,0,-64.363527,-32.717855,1540,2892,700014,validacion_mnc
rio-cuarto,2024-25,0,-63.896492,-33.313708,3751,4625,1800023,validacion_mnc
rio-cuarto,2024-25,0,-64.07355,-32.877127,2131,3968,1000019,validacion_mnc
rio-cuarto,2024-25,0,-64.972584,-32.825923,1941,632,900003,validacion_mnc
rio-cuarto,2024-25,0,-64.850234,-33.107006,2984,1086,1400005,validacion_mnc
rio-cuarto,2024-25,0,-64.817894,-34.006848,6323,1206,3100006,validacion_mnc
rio-cuarto,2024-25,0,-64.71899,-33.275979,3611,1573,1800007,validacion_mnc
rio-cuarto,2024-25,0,-64.520911,-33.199173,3326,2308,1600011,validacion_mnc
rio-cuarto,2024-25,0,-64.125832,-33.986097,6246,3774,3100018,validacion_mnc
rio-cuarto,2024-25,0,-64.231474,-33.753254,5382,3382,2600016,validacion_mnc
rio-cuarto,2024-25,0,-64.416347,-32.655872,1310,2696,600013,validacion_mnc
rio-cuarto,2024-25,0,-65.122962,-33.605032,4832,74,2400000,validacion_mnc
rio-cuarto,2024-25,0,-64.45785,-33.753793,5384,2542,2600012,validacion_mnc
rio-cuarto,2024-25,0,-64.448417,-33.745438,5353,2577,2600012,validacion_mnc
rio-cuarto,2024-25,0,-64.651077,-33.789905,5518,1825,2700009,validacion_mnc
rio-cuarto,2024-25,0,-65.057206,-33.251724,3521,318,1700001,validacion_mnc
rio-cuarto,2024-25,0,-64.369994,-33.356288,3909,2868,1900014,validacion_mnc
rio-cuarto,2024-25,0,-65.085233,-33.951871,6119,214,3000001,validacion_mnc
rio-cuarto,2024-25,0,-64.747556,-32.729444,1583,1467,700007,validacion_mnc
rio-cuarto,2024-25,0,-64.44707,-33.616081,4873,2582,2400012,validacion_mnc
rio-cuarto,2024-25,0,-65.055858,-33.246873,3503,323,1700001,validacion_mnc
rio-cuarto,2024-25,0,-65.055589,-33.236632,3465,324,1700001,validacion_mnc
rio-cuarto,2024-25,0,-64.113436,-32.85961,2066,3820,1000019,validacion_mnc
rio-cuarto,2024-25,0,-64.813044,-32.701955,1481,1224,700006,validacion_mnc
rio-cuarto,2024-25,0,-64.944826,-32.888176,2172,735,1000003,validacion_mnc
rio-cuarto,2024-25,0,-64.200213,-33.02993,2698,3498,1300017,validacion_mnc
rio-cuarto,2024-25,0,-64.347357,-33.984749,6241,2952,3100014,validacion_mnc
rio-cuarto,2024-25,0,-64.900899,-33.33904,3845,898,1900004,validacion_mnc
rio-cuarto,2024-25,0,-64.168143,-32.979535,2511,3617,1200018,validacion_mnc
rio-cuarto,2024-25,0,-64.346548,-32.41683,423,2955,200014,validacion_mnc
rio-cuarto,2024-25,0,-64.662666,-33.567302,4692,1782,2300008,validacion_mnc
rio-cuarto,2024-25,0,-64.158441,-34.009812,6334,3653,3100018,validacion_mnc
rio-cuarto,2024-25,0,-64.46836,-32.94989,2401,2503,1200012,validacion_mnc
rio-cuarto,2024-25,0,-64.838645,-32.740493,1624,1129,800005,validacion_mnc
rio-cuarto,2024-25,0,-64.31367,-33.817932,5622,3077,2800015,validacion_mnc
rio-cuarto,2024-25,0,-64.765073,-32.681743,1406,1402,700007,validacion_mnc
rio-cuarto,2024-25,0,-64.041211,-34.136475,6804,4088,3400020,validacion_mnc
rio-cuarto,2024-25,0,-63.921825,-33.577813,4731,4531,2300022,validacion_mnc
rio-cuarto,2024-25,0,-64.935394,-32.943961,2379,770,1100003,validacion_mnc
rio-cuarto,2024-25,0,-64.527918,-33.557331,4655,2282,2300011,validacion_mnc
rio-cuarto,2024-25,0,-63.912662,-33.595869,4798,4565,2300022,validacion_mnc
rio-cuarto,2024-25,0,-64.949408,-32.942075,2372,718,1100003,validacion_mnc
rio-cuarto,2024-25,0,-64.944287,-33.097034,2947,737,1400003,validacion_mnc
rio-cuarto,2024-25,0,-64.930274,-33.543317,4603,789,2300003,validacion_mnc
rio-cuarto,2024-25,0,-64.286721,-33.86159,5784,3177,2800015,validacion_mnc
rio-cuarto,2024-25,0,-64.146314,-32.494983,713,3698,300018,validacion_mnc
rio-cuarto,2024-25,0,-64.696352,-33.116168,3018,1657,1500008,validacion_mnc
rio-cuarto,2024-25,0,-64.228779,-32.542684,890,3392,400016,validacion_mnc
rio-cuarto,2024-25,0,-64.251417,-33.232321,3449,3308,1700016,validacion_mnc
rio-cuarto,2024-25,0,-64.910062,-33.35009,3886,864,1900004,validacion_mnc
rio-cuarto,2024-25,0,-64.194553,-33.133147,3081,3519,1500017,validacion_mnc
rio-cuarto,2024-25,0,-64.929196,-33.588323,4770,793,2300003,validacion_mnc
rio-cuarto,2024-25,0,-64.641106,-33.408301,4102,1862,2000009,validacion_mnc
rio-cuarto,2024-25,0,-64.751868,-33.421775,4152,1451,2000007,validacion_mnc
rio-cuarto,2024-25,0,-64.77774,-32.629461,1212,1355,600006,validacion_mnc
rio-cuarto,2024-25,0,-64.831908,-32.780378,1772,1154,800005,validacion_mnc
rio-cuarto,2024-25,0,-64.762918,-32.702494,1483,1410,700007,validacion_mnc
rio-cuarto,2024-25,0,-64.14308,-33.193244,3304,3710,1600018,validacion_mnc
rio-cuarto,2024-25,0,-64.339811,-33.795025,5537,2980,2700014,validacion_mnc
rio-cuarto,2024-25,0,-64.835681,-32.770676,1736,1140,800005,validacion_mnc
rio-cuarto,2024-25,0,-64.077054,-33.047447,2763,3955,1300019,validacion_mnc
rio-cuarto,2024-25,0,-64.929735,-33.581586,4745,791,2300003,validacion_mnc
rio-cuarto,2024-25,0,-64.15359,-33.426626,4170,3671,2000018,validacion_mnc
rio-cuarto,2024-25,0,-64.927848,-32.883325,2154,798,1000003,validacion_mnc
rio-cuarto,2024-25,0,-64.763726,-32.719742,1547,1407,700007,validacion_mnc
rio-cuarto,2024-25,0,-64.393171,-33.498312,4436,2782,2200013,validacion_mnc
rio-cuarto,2024-25,0,-64.934316,-32.943961,2379,774,1100003,validacion_mnc
rio-cuarto,2024-25,0,-64.098344,-33.99499,6279,3876,3100019,validacion_mnc
rio-cuarto,2024-25,0,-64.784477,-33.370571,3962,1330,1900006,validacion_mnc
rio-cuarto,2024-25,0,-64.800916,-32.760705,1699,1269,800006,validacion_mnc
rio-cuarto,2024-25,0,-64.080288,-33.926269,6024,3943,3000019,validacion_mnc
rio-cuarto,2024-25,0,-64.964769,-32.883864,2156,661,1000003,validacion_mnc
rio-cuarto,2024-25,0,-64.94294,-32.919437,2288,742,1100003,validacion_mnc
rio-cuarto,2024-25,0,-65.063943,-33.939205,6072,293,3000001,validacion_mnc
rio-cuarto,2024-25,0,-64.933777,-32.80625,1868,776,900003,validacion_mnc
rio-cuarto,2024-25,0,-64.524145,-33.561104,4669,2296,2300011,validacion_mnc
rio-cuarto,2024-25,0,-64.971776,-32.898417,2210,635,1100003,validacion_mnc
rio-cuarto,2024-25,0,-63.92964,-33.474327,4347,4502,2100022,validacion_mnc
rio-cuarto,2024-25,0,-64.373767,-33.775622,5465,2854,2700014,validacion_mnc
rio-cuarto,2024-25,0,-64.323911,-33.857548,5769,3039,2800015,validacion_mnc
rio-cuarto,2024-25,0,-64.475097,-33.618506,4882,2478,2400012,validacion_mnc
rio-cuarto,2024-25,0,-64.785016,-32.702225,1482,1328,700006,validacion_mnc
rio-cuarto,2024-25,0,-63.947966,-33.473249,4343,4434,2100022,validacion_mnc
rio-cuarto,2024-25,0,-64.307472,-32.677431,1390,3100,600015,validacion_mnc
rio-cuarto,2024-25,0,-64.253573,-33.788557,5513,3300,2700016,validacion_mnc
rio-cuarto,2024-25,0,-64.443566,-32.969024,2472,2595,1200012,validacion_mnc
rio-cuarto,2024-25,0,-64.848347,-32.959592,2437,1093,1200005,validacion_mnc
rio-cuarto,2024-25,0,-64.543818,-33.198095,3322,2223,1600011,validacion_mnc
rio-cuarto,2024-25,0,-64.846461,-33.444682,4237,1100,2100005,validacion_mnc
rio-cuarto,2024-25,0,-64.147661,-34.193877,7017,3693,3500018,validacion_mnc
rio-cuarto,2024-25,0,-65.107601,-33.6274,4915,131,2400000,validacion_mnc
rio-cuarto,2024-25,0,-64.129605,-33.997146,6287,3760,3100018,validacion_mnc
rio-cuarto,2024-25,0,-64.829483,-33.46705,4320,1163,2100005,validacion_mnc
rio-cuarto,2024-25,0,-65.094126,-33.628208,4918,181,2400000,validacion_mnc
rio-cuarto,2024-25,0,-64.70282,-34.024365,6388,1633,3100008,validacion_mnc
rio-cuarto,2024-25,1,-64.064927,-32.722167,1556,4000,700020,entrenamiento
rio-cuarto,2024-25,1,-64.061154,-33.947829,6104,4014,3000020,entrenamiento
rio-cuarto,2024-25,1,-64.485338,-33.15794,3173,2440,1500012,entrenamiento
rio-cuarto,2024-25,1,-64.426319,-33.996877,6286,2659,3100013,entrenamiento
rio-cuarto,2024-25,1,-64.552712,-33.295921,3685,2190,1800010,entrenamiento
rio-cuarto,2024-25,1,-64.061154,-33.429321,4180,4014,2000020,entrenamiento
rio-cuarto,2024-25,1,-64.1005,-32.675814,1384,3868,600019,entrenamiento
rio-cuarto,2024-25,1,-64.127988,-33.790713,5521,3766,2700018,entrenamiento
rio-cuarto,2024-25,1,-64.441141,-33.166294,3204,2604,1600013,entrenamiento
rio-cuarto,2024-25,1,-64.865056,-33.874257,5831,1031,2900005,entrenamiento
rio-cuarto,2024-25,1,-64.485069,-33.017803,2653,2441,1300012,entrenamiento
rio-cuarto,2024-25,1,-63.949044,-33.419889,4145,4430,2000022,entrenamiento
rio-cuarto,2024-25,1,-64.192128,-33.202137,3337,3528,1600017,entrenamiento
rio-cuarto,2024-25,1,-64.143888,-32.331131,105,3707,18,entrenamiento
rio-cuarto,2024-25,1,-64.802533,-33.866441,5802,1263,2900006,entrenamiento
rio-cuarto,2024-25,1,-64.483452,-32.64078,1254,2447,600012,entrenamiento
rio-cuarto,2024-25,1,-64.679374,-33.527148,4543,1720,2200008,entrenamiento
rio-cuarto,2024-25,1,-64.359754,-32.473424,633,2906,300014,entrenamiento
rio-cuarto,2024-25,1,-63.985695,-32.403355,373,4294,100021,entrenamiento
rio-cuarto,2024-25,1,-64.710905,-33.064964,2828,1603,1400008,entrenamiento
rio-cuarto,2024-25,1,-64.771541,-33.405336,4091,1378,2000006,entrenamiento
rio-cuarto,2024-25,1,-64.376193,-34.072605,6567,2845,3200014,entrenamiento
rio-cuarto,2024-25,1,-64.889849,-34.032989,6420,939,3200004,entrenamiento
rio-cuarto,2024-25,1,-64.616312,-33.122906,3043,1954,1500009,entrenamiento
rio-cuarto,2024-25,1,-64.225276,-32.891949,2186,3405,1000017,entrenamiento
rio-cuarto,2024-25,1,-64.06843,-33.099999,2958,3987,1400019,entrenamiento
rio-cuarto,2024-25,1,-64.539507,-32.667729,1354,2239,600011,entrenamiento
rio-cuarto,2024-25,1,-64.16976,-34.184714,6983,3611,3400018,entrenamiento
rio-cuarto,2024-25,1,-64.18566,-32.430305,473,3552,200017,entrenamiento
rio-cuarto,2024-25,1,-64.053608,-32.508189,762,4042,300020,entrenamiento
rio-cuarto,2024-25,1,-64.480487,-33.249299,3512,2458,1700012,entrenamiento
rio-cuarto,2024-25,1,-64.603646,-32.939649,2363,2001,1100010,entrenamiento
rio-cuarto,2024-25,1,-64.369186,-33.022654,2671,2871,1300014,entrenamiento
rio-cuarto,2024-25,1,-64.083791,-33.665937,5058,3930,2500019,entrenamiento
rio-cuarto,2024-25,1,-64.730578,-33.175457,3238,1530,1600007,entrenamiento
rio-cuarto,2024-25,1,-64.83083,-33.561643,4671,1158,2300005,entrenamiento
rio-cuarto,2024-25,1,-64.136612,-33.447916,4249,3734,2100018,entrenamiento
rio-cuarto,2024-25,1,-64.517947,-33.007023,2613,2319,1300011,entrenamiento
rio-cuarto,2024-25,1,-64.851851,-33.686149,5133,1080,2500005,entrenamiento
rio-cuarto,2024-25,1,-64.024233,-32.791697,1814,4151,900020,entrenamiento
rio-cuarto,2024-25,1,-65.004115,-33.649768,4998,515,2400002,entrenamiento
rio-cuarto,2024-25,1,-64.168143,-34.166119,6914,3617,3400018,entrenamiento
rio-cuarto,2024-25,1,-64.763457,-33.118863,3028,1408,1500007,entrenamiento
rio-cuarto,2024-25,1,-64.423354,-32.500373,733,2670,300013,entrenamiento
rio-cuarto,2024-25,1,-64.189164,-33.915759,5985,3539,2900017,entrenamiento
rio-cuarto,2024-25,1,-64.151973,-34.120844,6746,3677,3300018,entrenamiento
rio-cuarto,2024-25,1,-64.165718,-33.84596,5726,3626,2800018,entrenamiento
rio-cuarto,2024-25,1,-64.467821,-33.691539,5153,2505,2500012,entrenamiento
rio-cuarto,2024-25,1,-64.766151,-33.561912,4672,1398,2300006,entrenamiento
rio-cuarto,2024-25,1,-64.147661,-33.518254,4510,3693,2200018,entrenamiento
rio-cuarto,2024-25,1,-64.794179,-33.588053,4769,1294,2300006,entrenamiento
rio-cuarto,2024-25,1,-64.231744,-33.011335,2629,3381,1300016,entrenamiento
rio-cuarto,2024-25,1,-64.078671,-33.259809,3551,3949,1700019,entrenamiento
rio-cuarto,2024-25,1,-64.523876,-33.756757,5395,2297,2600011,entrenamiento
rio-cuarto,2024-25,1,-64.065196,-32.971989,2483,3999,1200019,entrenamiento
rio-cuarto,2024-25,1,-64.069238,-32.593888,1080,3984,500019,entrenamiento
rio-cuarto,2024-25,1,-64.035552,-33.410726,4111,4109,2000020,entrenamiento
rio-cuarto,2024-25,1,-64.438177,-32.586881,1054,2615,500013,entrenamiento
rio-cuarto,2024-25,1,-64.212879,-32.438928,505,3451,200017,entrenamiento
rio-cuarto,2024-25,1,-64.069508,-33.73358,5309,3983,2600019,entrenamiento
rio-cuarto,2024-25,1,-64.588555,-34.044038,6461,2057,3200010,entrenamiento
rio-cuarto,2024-25,1,-64.336847,-34.18148,6971,2991,3400014,entrenamiento
rio-cuarto,2024-25,1,-64.110741,-33.672136,5081,3830,2500019,entrenamiento
rio-cuarto,2024-25,1,-64.70309,-32.735642,1606,1632,800008,entrenamiento
rio-cuarto,2024-25,1,-64.994144,-33.697468,5175,552,2500002,entrenamiento
rio-cuarto,2024-25,1,-64.498274,-34.031102,6413,2392,3200011,entrenamiento
rio-cuarto,2024-25,1,-64.044445,-32.435156,491,4076,200020,entrenamiento
rio-cuarto,2024-25,1,-64.217191,-32.543223,892,3435,400017,entrenamiento
rio-cuarto,2024-25,1,-64.243871,-33.126409,3056,3336,1500016,entrenamiento
rio-cuarto,2024-25,1,-64.181348,-33.077092,2873,3568,1400017,entrenamiento
rio-cuarto,2024-25,1,-64.475097,-33.954027,6127,2478,3000012,entrenamiento
rio-cuarto,2024-25,1,-64.284565,-33.931389,6043,3185,3000015,entrenamiento
rio-cuarto,2024-25,1,-64.973932,-33.284063,3641,627,1800003,entrenamiento
rio-cuarto,2024-25,1,-64.754833,-33.470284,4332,1440,2100007,entrenamiento
rio-cuarto,2024-25,1,-64.975279,-33.875874,5837,622,2900003,entrenamiento
rio-cuarto,2024-25,1,-64.27082,-32.847482,2021,3236,1000016,entrenamiento
rio-cuarto,2024-25,1,-64.466743,-33.186237,3278,2509,1600012,entrenamiento
rio-cuarto,2024-25,1,-64.27621,-32.820802,1922,3216,900016,entrenamiento
rio-cuarto,2024-25,1,-64.158441,-32.894644,2196,3653,1000018,entrenamiento
rio-cuarto,2024-25,1,-63.917782,-33.491305,4410,4546,2200022,entrenamiento
rio-cuarto,2024-25,1,-64.072203,-33.447377,4247,3973,2100019,entrenamiento
rio-cuarto,2024-25,1,-64.767768,-33.455193,4276,1392,2100006,entrenamiento
rio-cuarto,2024-25,1,-65.091431,-33.305893,3722,191,1800000,entrenamiento
rio-cuarto,2024-25,1,-64.106698,-33.660008,5036,3845,2500019,entrenamiento
rio-cuarto,2024-25,1,-64.959379,-33.277057,3615,681,1800003,entrenamiento
rio-cuarto,2024-25,1,-64.087834,-33.122367,3041,3915,1500019,entrenamiento
rio-cuarto,2024-25,1,-64.055225,-33.901476,5932,4036,2900020,entrenamiento
rio-cuarto,2024-25,1,-64.582356,-33.089488,2919,2080,1400010,entrenamiento
rio-cuarto,2024-25,1,-64.454616,-33.861051,5782,2554,2800012,entrenamiento
rio-cuarto,2024-25,1,-64.098883,-32.581222,1033,3874,500019,entrenamiento
rio-cuarto,2024-25,1,-64.619546,-32.660723,1328,1942,600009,entrenamiento
rio-cuarto,2024-25,1,-64.452729,-33.653271,5011,2561,2500012,entrenamiento
rio-cuarto,2024-25,1,-64.485608,-33.516907,4505,2439,2200012,entrenamiento
rio-cuarto,2024-25,1,-64.550556,-34.144829,6835,2198,3400010,entrenamiento
rio-cuarto,2024-25,1,-64.914912,-34.038918,6442,846,3200004,entrenamiento
rio-cuarto,2024-25,1,-64.245757,-32.668807,1358,3329,600016,entrenamiento
rio-cuarto,2024-25,1,-64.945096,-33.536041,4576,734,2200003,entrenamiento
rio-cuarto,2024-25,1,-64.944018,-33.88315,5864,738,2900003,entrenamiento
rio-cuarto,2024-25,1,-64.661318,-32.870659,2107,1787,1000008,entrenamiento
rio-cuarto,2024-25,1,-64.064657,-32.979804,2512,4001,1200020,entrenamiento
rio-cuarto,2024-25,1,-64.354094,-33.725226,5278,2927,2600014,entrenamiento
rio-cuarto,2024-25,1,-64.615504,-32.637007,1240,1957,600009,entrenamiento
rio-cuarto,2024-25,1,-64.415808,-32.462913,594,2698,200013,entrenamiento
rio-cuarto,2024-25,1,-64.754563,-33.578621,4734,1441,2300007,entrenamiento
rio-cuarto,2024-25,1,-64.067621,-33.51502,4498,3990,2200019,entrenamiento
rio-cuarto,2024-25,1,-64.089181,-32.840745,1996,3910,900019,entrenamiento
rio-cuarto,2024-25,1,-64.371072,-32.988158,2543,2864,1200014,entrenamiento
rio-cuarto,2024-25,1,-64.293458,-32.915664,2274,3152,1100015,entrenamiento
rio-cuarto,2024-25,1,-64.216921,-32.596852,1091,3436,500017,entrenamiento
rio-cuarto,2024-25,1,-64.620624,-34.139978,6817,1938,3400009,entrenamiento
rio-cuarto,2024-25,1,-64.507167,-33.316672,3762,2359,1800011,entrenamiento
rio-cuarto,2024-25,1,-63.957398,-33.316403,3761,4399,1800021,entrenamiento
rio-cuarto,2024-25,1,-64.079479,-34.059938,6520,3946,3200019,entrenamiento
rio-cuarto,2024-25,1,-63.942307,-33.526339,4540,4455,2200022,entrenamiento
rio-cuarto,2024-25,1,-64.508245,-33.298077,3693,2355,1800011,entrenamiento
rio-cuarto,2024-25,1,-64.109663,-32.513848,783,3834,300019,entrenamiento
rio-cuarto,2024-25,1,-64.033935,-33.485106,4387,4115,2100020,entrenamiento
rio-cuarto,2024-25,1,-64.071125,-33.264121,3567,3977,1700019,entrenamiento
rio-cuarto,2024-25,1,-64.038516,-33.78182,5488,4098,2700020,entrenamiento
rio-cuarto,2024-25,1,-64.173802,-32.618951,1173,3596,500017,entrenamiento
rio-cuarto,2024-25,1,-63.98327,-33.377039,3986,4303,1900021,entrenamiento
rio-cuarto,2024-25,1,-64.545166,-33.988253,6254,2218,3100011,entrenamiento
rio-cuarto,2024-25,1,-64.22851,-33.045291,2755,3393,1300016,entrenamiento
rio-cuarto,2024-25,1,-64.636794,-32.707345,1501,1878,700009,entrenamiento
rio-cuarto,2024-25,1,-63.961171,-33.455462,4277,4385,2100021,entrenamiento
rio-cuarto,2024-25,1,-64.938089,-33.28568,3647,760,1800003,entrenamiento
rio-cuarto,2024-25,1,-64.109932,-33.065234,2829,3833,1400019,entrenamiento
rio-cuarto,2024-25,1,-64.006446,-32.839397,1991,4217,900021,entrenamiento
rio-cuarto,2024-25,1,-64.644609,-33.149316,3141,1849,1500009,entrenamiento
rio-cuarto,2024-25,1,-64.718181,-33.639257,4959,1576,2400007,entrenamiento
rio-cuarto,2024-25,1,-64.705246,-33.062,2817,1624,1400008,entrenamiento
rio-cuarto,2024-25,1,-64.816008,-32.973606,2489,1213,1200006,entrenamiento
rio-cuarto,2024-25,1,-64.661588,-33.688575,5142,1786,2500008,entrenamiento
rio-cuarto,2024-25,1,-64.131761,-33.362756,3933,3752,1900018,entrenamiento
rio-cuarto,2024-25,1,-64.331457,-34.1389,6813,3011,3400015,entrenamiento
rio-cuarto,2024-25,1,-64.04175,-33.405606,4092,4086,2000020,entrenamiento
rio-cuarto,2024-25,1,-64.218269,-32.860149,2068,3431,1000017,entrenamiento
rio-cuarto,2024-25,1,-64.352747,-33.639527,4960,2932,2400014,entrenamiento
rio-cuarto,2024-25,1,-64.140116,-33.704745,5202,3721,2600018,entrenamiento
rio-cuarto,2024-25,1,-64.904402,-33.890157,5890,885,2900004,entrenamiento
rio-cuarto,2024-25,1,-64.071125,-33.792061,5526,3977,2700019,entrenamiento
rio-cuarto,2024-25,1,-64.669942,-33.411804,4115,1755,2000008,entrenamiento
rio-cuarto,2024-25,1,-64.210454,-33.40857,4103,3460,2000017,entrenamiento
rio-cuarto,2024-25,1,-65.098708,-33.51502,4498,164,2200000,entrenamiento
rio-cuarto,2024-25,1,-64.158441,-32.905154,2235,3653,1100018,entrenamiento
rio-cuarto,2024-25,1,-64.238751,-33.087602,2912,3355,1400016,entrenamiento
rio-cuarto,2024-25,1,-64.045792,-32.754237,1675,4071,800020,entrenamiento
rio-cuarto,2024-25,1,-63.970064,-33.46732,4321,4352,2100021,entrenamiento
rio-cuarto,2024-25,1,-64.549747,-33.772118,5452,2201,2700011,entrenamiento
rio-cuarto,2024-25,1,-64.353825,-32.790888,1811,2928,900014,entrenamiento
rio-cuarto,2024-25,1,-64.064388,-33.344969,3867,4002,1900020,entrenamiento
rio-cuarto,2024-25,1,-64.592327,-33.265738,3573,2043,1700010,entrenamiento
rio-cuarto,2024-25,1,-64.488842,-34.179594,6964,2427,3400012,entrenamiento
rio-cuarto,2024-25,1,-64.34547,-34.188218,6996,2959,3400014,entrenamiento
rio-cuarto,2024-25,1,-64.167065,-33.278674,3621,3621,1800018,entrenamiento
rio-cuarto,2024-25,1,-64.581817,-33.14177,3113,2082,1500010,entrenamiento
rio-cuarto,2024-25,1,-64.07921,-34.05374,6497,3947,3200019,entrenamiento
rio-cuarto,2024-25,1,-64.12691,-34.06991,6557,3770,3200018,entrenamiento
rio-cuarto,2024-25,1,-64.01534,-32.758819,1692,4184,800020,entrenamiento
rio-cuarto,2024-25,1,-64.494501,-34.141595,6823,2406,3400012,entrenamiento
rio-cuarto,2024-25,1,-64.30316,-34.019245,6369,3116,3100015,entrenamiento
rio-cuarto,2024-25,1,-64.45246,-34.131624,6786,2562,3300012,entrenamiento
rio-cuarto,2024-25,1,-64.43629,-33.780742,5484,2622,2700013,entrenamiento
rio-cuarto,2024-25,1,-64.490728,-33.95268,6122,2420,3000012,entrenamiento
rio-cuarto,2024-25,1,-64.594483,-33.491574,4411,2035,2200010,entrenamiento
rio-cuarto,2024-25,1,-63.945271,-33.197017,3318,4444,1600022,entrenamiento
rio-cuarto,2024-25,1,-64.19105,-33.635484,4945,3532,2400017,entrenamiento
rio-cuarto,2024-25,1,-64.613348,-32.812717,1892,1965,900009,entrenamiento
rio-cuarto,2024-25,1,-64.176497,-33.367876,3952,3586,1900017,entrenamiento
rio-cuarto,2024-25,1,-64.591249,-33.416655,4133,2047,2000010,entrenamiento
rio-cuarto,2024-25,1,-64.880956,-33.198903,3325,972,1600004,entrenamiento
rio-cuarto,2024-25,1,-63.890564,-33.403989,4086,4647,2000023,entrenamiento
rio-cuarto,2024-25,1,-64.775314,-33.387819,4026,1364,2000006,entrenamiento
rio-cuarto,2024-25,1,-64.243601,-32.671502,1368,3337,600016,entrenamiento
rio-cuarto,2024-25,1,-65.048851,-33.853775,5755,349,2800001,entrenamiento
rio-cuarto,2024-25,1,-64.53223,-33.374883,3978,2266,1900011,entrenamiento
rio-cuarto,2024-25,1,-64.643801,-33.16333,3193,1852,1500009,entrenamiento
rio-cuarto,2024-25,1,-63.984617,-33.207258,3356,4298,1600021,entrenamiento
rio-cuarto,2024-25,1,-64.67641,-32.707615,1502,1731,700008,entrenamiento
rio-cuarto,2024-25,1,-64.698508,-33.76026,5408,1649,2700008,entrenamiento
rio-cuarto,2024-25,1,-64.744861,-33.254419,3531,1477,1700007,entrenamiento
rio-cuarto,2024-25,1,-64.306394,-33.73924,5330,3104,2600015,entrenamiento
rio-cuarto,2024-25,1,-64.514174,-32.681743,1406,2333,700011,entrenamiento
rio-cuarto,2024-25,1,-63.984617,-33.531999,4561,4298,2200021,entrenamiento
rio-cuarto,2024-25,1,-64.017495,-33.202137,3337,4176,1600020,entrenamiento
rio-cuarto,2024-25,1,-64.07921,-34.154531,6871,3947,3400019,entrenamiento
rio-cuarto,2024-25,1,-64.967733,-33.617698,4879,650,2400003,entrenamiento
rio-cuarto,2024-25,1,-64.787981,-33.049064,2769,1317,1300006,entrenamiento
rio-cuarto,2024-25,1,-64.437099,-33.171684,3224,2619,1600013,entrenamiento
rio-cuarto,2024-25,1,-64.477253,-33.783976,5496,2470,2700012,entrenamiento
rio-cuarto,2024-25,1,-64.779087,-33.959956,6149,1350,3000006,entrenamiento
rio-cuarto,2024-25,1,-64.432517,-33.779125,5478,2636,2700013,entrenamiento
rio-cuarto,2024-25,1,-64.07355,-33.91495,5982,3968,2900019,entrenamiento
rio-cuarto,2024-25,1,-64.447878,-32.893835,2193,2579,1000012,entrenamiento
rio-cuarto,2024-25,1,-64.088103,-32.977648,2504,3914,1200019,entrenamiento
rio-cuarto,2024-25,1,-64.579122,-33.320715,3777,2092,1800010,entrenamiento
rio-cuarto,2024-25,1,-64.5325,-33.997685,6289,2265,3100011,entrenamiento
rio-cuarto,2024-25,1,-64.545435,-32.819455,1917,2217,900011,entrenamiento
rio-cuarto,2024-25,1,-65.027561,-33.637101,4951,428,2400002,entrenamiento
rio-cuarto,2024-25,1,-64.291571,-32.790349,1809,3159,900015,entrenamiento
rio-cuarto,2024-25,1,-64.163831,-32.409284,395,3633,100018,entrenamiento
rio-cuarto,2024-25,1,-64.763457,-33.556523,4652,1408,2300007,entrenamiento
rio-cuarto,2024-25,1,-64.699317,-33.174918,3236,1646,1600008,entrenamiento
rio-cuarto,2024-25,1,-65.032412,-33.65893,5032,410,2500002,entrenamiento
rio-cuarto,2024-25,1,-64.059267,-32.728096,1578,4021,700020,entrenamiento
rio-cuarto,2024-25,1,-64.700934,-33.253341,3527,1640,1700008,entrenamiento
rio-cuarto,2024-25,1,-64.389668,-34.046733,6471,2795,3200013,entrenamiento
rio-cuarto,2024-25,1,-64.438716,-33.375692,3981,2613,1900013,entrenamiento
rio-cuarto,2024-25,1,-64.375654,-33.405606,4092,2847,2000014,entrenamiento
rio-cuarto,2024-25,1,-64.691771,-33.002711,2597,1674,1200008,entrenamiento
rio-cuarto,2024-25,1,-64.371881,-33.022384,2670,2861,1300014,entrenamiento
rio-cuarto,2024-25,1,-64.30289,-34.115454,6726,3117,3300015,entrenamiento
rio-cuarto,2024-25,1,-64.361101,-33.719567,5257,2901,2600014,entrenamiento
rio-cuarto,2024-25,1,-64.559449,-32.705998,1496,2165,700010,entrenamiento
rio-cuarto,2024-25,1,-64.620624,-32.817029,1908,1938,900009,entrenamiento
rio-cuarto,2024-25,1,-64.28699,-33.149316,3141,3176,1500015,entrenamiento
rio-cuarto,2024-25,1,-64.374306,-32.799512,1843,2852,900014,entrenamiento
rio-cuarto,2024-25,1,-64.941053,-33.245526,3498,749,1700003,entrenamiento
rio-cuarto,2024-25,1,-64.636794,-33.159826,3180,1878,1500009,entrenamiento
rio-cuarto,2024-25,1,-64.274324,-32.838319,1987,3223,900016,entrenamiento
rio-cuarto,2024-25,1,-64.755911,-33.352246,3894,1436,1900007,entrenamiento
rio-cuarto,2024-25,1,-64.722224,-32.760975,1700,1561,800007,entrenamiento
rio-cuarto,2024-25,1,-65.063943,-33.592365,4785,293,2300001,entrenamiento
rio-cuarto,2024-25,1,-65.007619,-33.823053,5641,502,2800002,entrenamiento
rio-cuarto,2024-25,1,-64.492075,-32.634043,1229,2415,600012,entrenamiento
rio-cuarto,2024-25,1,-65.096821,-33.872909,5826,171,2900000,entrenamiento
rio-cuarto,2024-25,1,-64.130683,-32.714891,1529,3756,700018,entrenamiento
rio-cuarto,2024-25,1,-64.304777,-33.29107,3667,3110,1800015,entrenamiento
rio-cuarto,2024-25,1,-63.890025,-33.448186,4250,4649,2100023,entrenamiento
rio-cuarto,2024-25,1,-65.115686,-33.300233,3701,101,1800000,entrenamiento
rio-cuarto,2024-25,1,-64.077323,-33.329339,3809,3954,1900019,entrenamiento
rio-cuarto,2024-25,1,-65.136976,-33.302389,3709,22,1800000,entrenamiento
rio-cuarto,2024-25,1,-64.495579,-32.649673,1287,2402,600012,entrenamiento
rio-cuarto,2024-25,1,-64.034743,-33.049064,2769,4112,1300020,entrenamiento
rio-cuarto,2024-25,1,-64.781513,-33.593713,4790,1341,2300006,entrenamiento
rio-cuarto,2024-25,1,-64.078132,-33.127757,3061,3951,1500019,entrenamiento
rio-cuarto,2024-25,1,-64.213957,-33.261426,3557,3447,1700017,entrenamiento
rio-cuarto,2024-25,1,-64.331187,-32.803016,1856,3012,900015,entrenamiento
rio-cuarto,2024-25,1,-64.047948,-32.517351,796,4063,300020,entrenamiento
rio-cuarto,2024-25,1,-64.973932,-33.249568,3513,627,1700003,entrenamiento
rio-cuarto,2024-25,1,-64.403142,-34.014933,6353,2745,3100013,entrenamiento
rio-cuarto,2024-25,1,-65.112452,-33.198364,3323,113,1600000,entrenamiento
rio-cuarto,2024-25,1,-64.412305,-33.363564,3936,2711,1900013,entrenamiento
rio-cuarto,2024-25,1,-64.59098,-33.93112,6042,2048,3000010,entrenamiento
rio-cuarto,2024-25,1,-64.218269,-34.126504,6767,3431,3300017,entrenamiento
rio-cuarto,2024-25,1,-64.357598,-33.722531,5268,2914,2600014,entrenamiento
rio-cuarto,2024-25,1,-64.306124,-32.774988,1752,3105,800015,entrenamiento
rio-cuarto,2024-25,1,-64.308819,-34.113568,6719,3095,3300015,entrenamiento
rio-cuarto,2024-25,1,-64.054416,-32.647248,1278,4039,600020,entrenamiento
rio-cuarto,2024-25,1,-64.458389,-34.044577,6463,2540,3200012,entrenamiento
rio-cuarto,2024-25,1,-64.131492,-32.440276,510,3753,200018,entrenamiento
rio-cuarto,2024-25,1,-64.002943,-33.312899,3748,4230,1800021,entrenamiento
rio-cuarto,2024-25,1,-64.326336,-33.315864,3759,3030,1800015,entrenamiento
rio-cuarto,2024-25,1,-64.20183,-33.298077,3693,3492,1800017,entrenamiento
rio-cuarto,2024-25,1,-64.626014,-33.853775,5755,1918,2800009,entrenamiento
rio-cuarto,2024-25,1,-64.712792,-33.635754,4946,1596,2400007,entrenamiento
rio-cuarto,2024-25,1,-64.27648,-33.32341,3787,3215,1800016,entrenamiento
rio-cuarto,2024-25,1,-64.320407,-32.718933,1544,3052,700015,entrenamiento
rio-cuarto,2024-25,1,-64.246027,-33.946481,6099,3328,3000016,entrenamiento
rio-cuarto,2024-25,1,-64.742166,-33.194861,3310,1487,1600007,entrenamiento
rio-cuarto,2024-25,1,-64.075437,-32.580144,1029,3961,500019,entrenamiento
rio-cuarto,2024-25,1,-64.45758,-33.46732,4321,2543,2100012,entrenamiento
rio-cuarto,2024-25,1,-64.02558,-32.668268,1356,4146,600020,entrenamiento
rio-cuarto,2024-25,1,-64.062771,-33.346856,3874,4008,1900020,entrenamiento
rio-cuarto,2024-25,1,-64.115861,-33.157132,3170,3811,1500019,entrenamiento
rio-cuarto,2024-25,1,-64.161406,-32.454559,563,3642,200018,entrenamiento
rio-cuarto,2024-25,1,-64.643801,-33.454654,4274,1852,2100009,entrenamiento
rio-cuarto,2024-25,1,-64.099422,-33.3447,3866,3872,1900019,entrenamiento
rio-cuarto,2024-25,1,-64.319329,-33.710673,5224,3056,2600015,entrenamiento
rio-cuarto,2024-25,1,-64.549478,-33.769962,5444,2202,2700011,entrenamiento
rio-cuarto,2024-25,1,-64.459467,-32.88602,2164,2536,1000012,entrenamiento
rio-cuarto,2024-25,1,-64.086756,-33.677256,5100,3919,2500019,entrenamiento
rio-cuarto,2024-25,1,-64.163831,-34.164233,6907,3633,3400018,entrenamiento
rio-cuarto,2024-25,1,-64.616582,-33.657313,5026,1953,2500009,entrenamiento
rio-cuarto,2024-25,1,-64.791753,-33.587245,4766,1303,2300006,entrenamiento
rio-cuarto,2024-25,1,-64.35625,-34.152375,6863,2919,3400014,entrenamiento
rio-cuarto,2024-25,1,-64.117747,-33.603145,4825,3804,2400019,entrenamiento
rio-cuarto,2024-25,1,-64.283756,-33.508552,4474,3188,2200015,entrenamiento
rio-cuarto,2024-25,1,-64.162214,-34.157765,6883,3639,3400018,entrenamiento
rio-cuarto,2024-25,1,-64.116131,-33.894199,5905,3810,2900019,entrenamiento
rio-cuarto,2024-25,1,-64.027197,-32.807597,1873,4140,900020,entrenamiento
rio-cuarto,2024-25,1,-64.613079,-33.138267,3100,1966,1500009,entrenamiento
rio-cuarto,2024-25,1,-64.16464,-33.449803,4256,3630,2100018,entrenamiento
rio-cuarto,2024-25,1,-64.055494,-32.493366,707,4035,300020,entrenamiento
rio-cuarto,2024-25,1,-64.415808,-33.380543,3999,2698,1900013,entrenamiento
rio-cuarto,2024-25,1,-64.711444,-34.051315,6488,1601,3200008,entrenamiento
rio-cuarto,2024-25,1,-64.358945,-34.142404,6826,2909,3400014,entrenamiento
rio-cuarto,2024-25,1,-63.996475,-33.054185,2788,4254,1300021,entrenamiento
rio-cuarto,2024-25,1,-64.987407,-34.009812,6334,577,3100002,entrenamiento
rio-cuarto,2024-25,1,-64.216113,-32.716238,1534,3439,700017,entrenamiento
rio-cuarto,2024-25,1,-65.097091,-33.527417,4544,170,2200000,entrenamiento
rio-cuarto,2024-25,1,-63.91374,-33.408839,4104,4561,2000022,entrenamiento
rio-cuarto,2024-25,1,-64.360293,-34.138361,6811,2904,3400014,entrenamiento
rio-cuarto,2024-25,1,-64.927848,-33.492922,4416,798,2200003,entrenamiento
rio-cuarto,2024-25,1,-64.019651,-32.428688,467,4168,200020,entrenamiento
rio-cuarto,2024-25,1,-64.113436,-33.581047,4743,3820,2300019,entrenamiento
rio-cuarto,2024-25,1,-64.327684,-33.058227,2803,3025,1400015,entrenamiento
rio-cuarto,2024-25,1,-64.757258,-32.995435,2570,1431,1200007,entrenamiento
rio-cuarto,2024-25,1,-64.402873,-33.225314,3423,2746,1700013,entrenamiento
rio-cuarto,2024-25,1,-64.225815,-34.049698,6482,3403,3200017,entrenamiento
rio-cuarto,2024-25,1,-64.468899,-34.106291,6692,2501,3300012,entrenamiento
rio-cuarto,2024-25,1,-64.438985,-33.239597,3476,2612,1700013,entrenamiento
rio-cuarto,2024-25,1,-64.333882,-32.616795,1165,3002,500015,entrenamiento
rio-cuarto,2024-25,1,-64.64973,-33.996338,6284,1830,3100009,entrenamiento
rio-cuarto,2024-25,1,-64.168412,-33.490766,4408,3616,2200018,entrenamiento
rio-cuarto,2024-25,1,-64.645148,-34.012238,6343,1847,3100009,entrenamiento
rio-cuarto,2024-25,1,-65.07607,-33.806344,5579,248,2700001,entrenamiento
rio-cuarto,2024-25,1,-64.07355,-33.575387,4722,3968,2300019,entrenamiento
rio-cuarto,2024-25,1,-64.500699,-32.692523,1446,2383,700011,entrenamiento
rio-cuarto,2024-25,1,-64.071664,-33.265738,3573,3975,1700019,entrenamiento
rio-cuarto,2024-25,1,-64.277827,-32.864191,2083,3210,1000016,entrenamiento
rio-cuarto,2024-25,1,-64.324989,-32.748847,1655,3035,800015,entrenamiento
rio-cuarto,2024-25,1,-64.458389,-33.938127,6068,2540,3000012,entrenamiento
rio-cuarto,2024-25,1,-64.16437,-33.574309,4718,3631,2300018,entrenamiento
rio-cuarto,2024-25,1,-64.706863,-32.907849,2245,1618,1100008,entrenamiento
rio-cuarto,2024-25,1,-64.015609,-32.792775,1818,4183,900020,entrenamiento
rio-cuarto,2024-25,1,-64.093493,-32.516004,791,3894,300019,entrenamiento
rio-cuarto,2024-25,1,-64.074089,-33.447377,4247,3966,2100019,entrenamiento
rio-cuarto,2024-25,1,-64.388859,-34.052393,6492,2798,3200013,entrenamiento
rio-cuarto,2024-25,1,-64.938628,-33.503971,4457,758,2200003,entrenamiento
rio-cuarto,2024-25,1,-64.928657,-34.034336,6425,795,3200003,entrenamiento
rio-cuarto,2024-25,1,-64.452729,-34.129199,6777,2561,3300012,entrenamiento
rio-cuarto,2024-25,1,-64.545974,-33.806883,5581,2215,2700011,entrenamiento
rio-cuarto,2024-25,1,-64.683417,-33.80338,5568,1705,2700008,entrenamiento
rio-cuarto,2024-25,1,-64.300195,-33.568111,4695,3127,2300015,entrenamiento
rio-cuarto,2024-25,1,-64.70309,-33.757835,5399,1632,2600008,entrenamiento
rio-cuarto,2024-25,1,-64.090259,-33.518793,4512,3906,2200019,entrenamiento
rio-cuarto,2024-25,1,-64.650269,-32.841014,1997,1828,900009,entrenamiento
rio-cuarto,2024-25,1,-64.7454,-32.808406,1876,1475,900007,entrenamiento
rio-cuarto,2024-25,1,-64.265431,-32.810023,1882,3256,900016,entrenamiento
rio-cuarto,2024-25,1,-64.075167,-33.002442,2596,3962,1200019,entrenamiento
rio-cuarto,2024-25,1,-64.613887,-32.708154,1504,1963,700009,entrenamiento
rio-cuarto,2024-25,1,-64.545166,-32.818916,1915,2218,900011,entrenamiento
rio-cuarto,2024-25,1,-64.463779,-33.435789,4204,2520,2100012,entrenamiento
rio-cuarto,2024-25,1,-64.794448,-33.911447,5969,1293,2900006,entrenamiento
rio-cuarto,2024-25,1,-64.522798,-34.075839,6579,2301,3200011,entrenamiento
rio-cuarto,2024-25,1,-64.486147,-33.15821,3174,2437,1500012,entrenamiento
rio-cuarto,2024-25,1,-64.049835,-32.568286,985,4056,400020,entrenamiento
rio-cuarto,2024-25,1,-64.143888,-33.157132,3170,3707,1500018,entrenamiento
rio-cuarto,2024-25,1,-63.955242,-33.261695,3558,4407,1700022,entrenamiento
rio-cuarto,2024-25,1,-64.186469,-32.499834,731,3549,300017,entrenamiento
rio-cuarto,2024-25,1,-64.413383,-34.053471,6496,2707,3200013,entrenamiento
rio-cuarto,2024-25,1,-64.576427,-34.043499,6459,2102,3200010,entrenamiento
rio-cuarto,2024-25,1,-65.029448,-33.97909,6220,421,3100002,entrenamiento
rio-cuarto,2024-25,1,-64.477523,-34.066137,6543,2469,3200012,entrenamiento
rio-cuarto,2024-25,1,-64.762918,-33.876143,5838,1410,2900007,entrenamiento
rio-cuarto,2024-25,1,-64.37215,-33.636562,4949,2860,2400014,entrenamiento
rio-cuarto,2024-25,1,-64.709019,-33.635484,4945,1610,2400008,entrenamiento
rio-cuarto,2024-25,1,-64.373498,-32.809753,1881,2855,900014,entrenamiento
rio-cuarto,2024-25,1,-64.257346,-33.291879,3670,3286,1800016,entrenamiento
rio-cuarto,2024-25,1,-64.578314,-33.291609,3669,2095,1800010,entrenamiento
rio-cuarto,2024-25,1,-64.204255,-32.708962,1507,3483,700017,entrenamiento
rio-cuarto,2024-25,1,-64.931082,-33.639257,4959,786,2400003,entrenamiento
rio-cuarto,2024-25,1,-64.645418,-32.786576,1795,1846,800009,entrenamiento
rio-cuarto,2024-25,1,-64.026658,-33.416116,4131,4142,2000020,entrenamiento
rio-cuarto,2024-25,1,-64.085139,-33.656775,5024,3925,2500019,entrenamiento
rio-cuarto,2024-25,1,-64.396405,-34.197381,7030,2770,3500013,entrenamiento
rio-cuarto,2024-25,1,-64.320138,-34.131624,6786,3053,3300015,entrenamiento
rio-cuarto,2024-25,1,-64.06304,-33.422045,4153,4007,2000020,entrenamiento
rio-cuarto,2024-25,1,-64.024233,-33.08356,2897,4151,1400020,entrenamiento
rio-cuarto,2024-25,1,-64.083791,-32.669346,1360,3930,600019,entrenamiento
rio-cuarto,2024-25,1,-64.723571,-33.479447,4366,1556,2100007,entrenamiento
rio-cuarto,2024-25,1,-64.371072,-33.739779,5332,2864,2600014,entrenamiento
rio-cuarto,2024-25,1,-64.176228,-33.386202,4020,3587,2000017,entrenamiento
rio-cuarto,2024-25,1,-64.578583,-32.686863,1425,2094,700010,entrenamiento
rio-cuarto,2024-25,1,-64.337925,-34.152106,6862,2987,3400014,entrenamiento
rio-cuarto,2024-25,1,-64.552442,-33.653271,5011,2191,2500010,entrenamiento
rio-cuarto,2024-25,1,-64.597987,-34.09632,6655,2022,3300010,entrenamiento
rio-cuarto,2024-25,1,-64.076784,-33.827365,5657,3956,2800019,entrenamiento
rio-cuarto,2024-25,1,-64.937281,-34.030563,6411,763,3200003,entrenamiento
rio-cuarto,2024-25,1,-64.103464,-33.661086,5040,3857,2500019,entrenamiento
rio-cuarto,2024-25,1,-64.77774,-33.309126,3734,1355,1800006,entrenamiento
rio-cuarto,2024-25,1,-64.579392,-33.521219,4521,2091,2200010,entrenamiento
rio-cuarto,2024-25,1,-64.429822,-33.895008,5908,2646,2900013,entrenamiento
rio-cuarto,2024-25,1,-64.61766,-33.647342,4989,1949,2400009,entrenamiento
rio-cuarto,2024-25,1,-64.588824,-33.930851,6041,2056,3000010,entrenamiento
rio-cuarto,2024-25,1,-64.205872,-32.869042,2101,3477,1000017,entrenamiento
rio-cuarto,2024-25,1,-64.560258,-32.639432,1249,2162,600010,entrenamiento
rio-cuarto,2024-25,1,-64.412575,-32.56586,976,2710,400013,entrenamiento
rio-cuarto,2024-25,1,-64.084061,-32.334634,118,3929,19,entrenamiento
rio-cuarto,2024-25,1,-64.678296,-33.526878,4542,1724,2200008,entrenamiento
rio-cuarto,2024-25,1,-64.375654,-33.422853,4156,2847,2000014,entrenamiento
rio-cuarto,2024-25,1,-64.08972,-33.744091,5348,3908,2600019,entrenamiento
rio-cuarto,2024-25,1,-64.903324,-34.013585,6348,889,3100004,entrenamiento
rio-cuarto,2024-25,1,-64.300465,-34.147794,6846,3126,3400015,entrenamiento
rio-cuarto,2024-25,1,-65.03861,-33.468937,4327,387,2100001,entrenamiento
rio-cuarto,2024-25,1,-64.093223,-32.822958,1930,3895,900019,entrenamiento
rio-cuarto,2024-25,1,-64.668864,-34.053471,6496,1759,3200008,entrenamiento
rio-cuarto,2024-25,1,-64.213149,-33.638179,4955,3450,2400017,entrenamiento
rio-cuarto,2024-25,1,-63.989468,-32.74184,1629,4280,800021,entrenamiento
rio-cuarto,2024-25,1,-64.147661,-32.557776,946,3693,400018,entrenamiento
rio-cuarto,2024-25,1,-64.731117,-33.092183,2929,1528,1400007,entrenamiento
rio-cuarto,2024-25,1,-64.090259,-33.716872,5247,3906,2600019,entrenamiento
rio-cuarto,2024-25,1,-64.207489,-33.895816,5911,3471,2900017,entrenamiento
rio-cuarto,2024-25,1,-64.744322,-33.198903,3325,1479,1600007,entrenamiento
rio-cuarto,2024-25,1,-64.733273,-33.183542,3268,1520,1600007,entrenamiento
rio-cuarto,2024-25,1,-64.629518,-33.59506,4795,1905,2300009,entrenamiento
rio-cuarto,2024-25,1,-65.011931,-33.865633,5799,486,2800002,entrenamiento
rio-cuarto,2024-25,1,-64.955337,-33.540083,4591,696,2200003,entrenamiento
rio-cuarto,2024-25,1,-64.431978,-32.506033,754,2638,300013,entrenamiento
rio-cuarto,2024-25,1,-64.305855,-32.860149,2068,3106,1000015,entrenamiento
rio-cuarto,2024-25,1,-64.403951,-32.420872,438,2742,200013,entrenamiento
rio-cuarto,2024-25,1,-64.444644,-33.83006,5667,2591,2800012,entrenamiento
rio-cuarto,2024-25,1,-64.492075,-34.042421,6455,2415,3200012,entrenamiento
rio-cuarto,2024-25,1,-64.761031,-33.917645,5992,1417,2900007,entrenamiento
rio-cuarto,2024-25,1,-64.52172,-32.604129,1118,2305,500011,entrenamiento
rio-cuarto,2024-25,1,-64.586938,-34.052393,6492,2063,3200010,entrenamiento
rio-cuarto,2024-25,1,-64.62305,-33.462199,4302,1929,2100009,entrenamiento
rio-cuarto,2024-25,1,-64.995222,-33.466781,4319,548,2100002,entrenamiento
rio-cuarto,2024-25,1,-64.046331,-33.788018,5511,4069,2700020,entrenamiento
rio-cuarto,2024-25,1,-64.61227,-32.710849,1514,1969,700009,entrenamiento
rio-cuarto,2024-25,1,-64.009411,-32.7475,1650,4206,800021,entrenamiento
rio-cuarto,2024-25,1,-65.134012,-33.203754,3343,33,1600000,entrenamiento
rio-cuarto,2024-25,1,-64.344931,-33.820627,5632,2961,2800014,entrenamiento
rio-cuarto,2024-25,1,-64.044714,-32.802477,1854,4075,900020,entrenamiento
rio-cuarto,2024-25,1,-64.579931,-33.692078,5155,2089,2500010,entrenamiento
rio-cuarto,2024-25,1,-64.063579,-32.947195,2391,4005,1100020,entrenamiento
rio-cuarto,2024-25,1,-64.111819,-33.077092,2873,3826,1400019,entrenamiento
rio-cuarto,2024-25,1,-64.54813,-32.838858,1989,2207,900011,entrenamiento
rio-cuarto,2024-25,1,-63.943654,-33.525261,4536,4450,2200022,entrenamiento
rio-cuarto,2024-25,1,-64.638681,-33.450881,4260,1871,2100009,entrenamiento
rio-cuarto,2024-25,1,-64.058728,-32.532443,852,4023,400020,entrenamiento
rio-cuarto,2024-25,1,-64.583973,-33.185967,3277,2074,1600010,entrenamiento
rio-cuarto,2024-25,1,-64.485877,-34.06964,6556,2438,3200012,entrenamiento
rio-cuarto,2024-25,1,-64.083522,-33.903093,5938,3931,2900019,entrenamiento
rio-cuarto,2024-25,1,-64.911679,-33.563529,4678,858,2300004,entrenamiento
rio-cuarto,2024-25,1,-64.590441,-33.193513,3305,2050,1600010,entrenamiento
rio-cuarto,2024-25,1,-64.069777,-32.793314,1820,3982,900019,entrenamiento
rio-cuarto,2024-25,1,-64.066544,-33.366529,3947,3994,1900019,entrenamiento
rio-cuarto,2024-25,1,-65.104906,-33.923035,6012,141,3000000,entrenamiento
rio-cuarto,2024-25,1,-64.362718,-34.191991,7010,2895,3500014,entrenamiento
rio-cuarto,2024-25,1,-64.631135,-33.235824,3462,1899,1700009,entrenamiento
rio-cuarto,2024-25,1,-64.794718,-33.002711,2597,1292,1200006,entrenamiento
rio-cuarto,2024-25,1,-64.413114,-32.492288,703,2708,300013,entrenamiento
rio-cuarto,2024-25,1,-64.033935,-33.334189,3827,4115,1900020,entrenamiento
rio-cuarto,2024-25,1,-64.405298,-34.051584,6489,2737,3200013,entrenamiento
rio-cuarto,2024-25,1,-64.858588,-33.145813,3128,1055,1500005,entrenamiento
rio-cuarto,2024-25,1,-64.925153,-33.402102,4079,808,2000004,entrenamiento
rio-cuarto,2024-25,1,-64.732195,-33.134763,3087,1524,1500007,entrenamiento
rio-cuarto,2024-25,1,-64.022077,-33.397251,4061,4159,2000020,entrenamiento
rio-cuarto,2024-25,1,-64.496118,-32.669077,1359,2400,600012,entrenamiento
rio-cuarto,2024-25,1,-64.019651,-33.390244,4035,4168,2000020,entrenamiento
rio-cuarto,2024-25,1,-64.186738,-33.390514,4036,3548,2000017,entrenamiento
rio-cuarto,2024-25,1,-63.896762,-33.246873,3503,4624,1700023,entrenamiento
rio-cuarto,2024-25,1,-64.178384,-33.454115,4272,3579,2100017,entrenamiento
rio-cuarto,2024-25,1,-64.204255,-33.002981,2598,3483,1200017,entrenamiento
rio-cuarto,2024-25,1,-64.951833,-33.246873,3503,709,1700003,entrenamiento
rio-cuarto,2024-25,1,-64.018573,-32.467764,612,4172,300020,entrenamiento
rio-cuarto,2024-25,1,-64.270551,-32.439737,508,3237,200016,entrenamiento
rio-cuarto,2024-25,1,-64.414192,-33.145004,3125,2704,1500013,entrenamiento
rio-cuarto,2024-25,1,-64.174611,-32.647787,1280,3593,600017,entrenamiento
rio-cuarto,2024-25,1,-64.495848,-33.164947,3199,2401,1500012,entrenamiento
rio-cuarto,2024-25,1,-64.054416,-32.534599,860,4039,400020,entrenamiento
rio-cuarto,2024-25,1,-64.265969,-32.894374,2195,3254,1000016,entrenamiento
rio-cuarto,2024-25,1,-64.625475,-33.571884,4709,1920,2300009,entrenamiento
rio-cuarto,2024-25,1,-64.165718,-33.070893,2850,3626,1400018,entrenamiento
rio-cuarto,2024-25,1,-64.103734,-32.800321,1846,3856,900019,entrenamiento
rio-cuarto,2024-25,1,-64.506089,-33.27544,3609,2363,1800011,entrenamiento
rio-cuarto,2024-25,1,-64.320946,-32.786846,1796,3050,800015,entrenamiento
rio-cuarto,2024-25,1,-64.090529,-33.753523,5383,3905,2600019,entrenamiento
rio-cuarto,2024-25,1,-65.096821,-33.916298,5987,171,2900000,entrenamiento
rio-cuarto,2024-25,1,-64.080557,-32.778761,1766,3942,800019,entrenamiento
rio-cuarto,2024-25,1,-64.469977,-32.667729,1354,2497,600012,entrenamiento
rio-cuarto,2024-25,1,-64.467012,-33.199712,3328,2508,1600012,entrenamiento
rio-cuarto,2024-25,1,-64.184852,-33.540353,4592,3555,2200017,entrenamiento
rio-cuarto,2024-25,1,-64.488842,-33.95753,6140,2427,3000012,entrenamiento
rio-cuarto,2024-25,1,-64.162214,-32.386108,309,3639,100018,entrenamiento
rio-cuarto,2024-25,1,-63.953895,-33.364642,3940,4412,1900022,entrenamiento
rio-cuarto,2024-25,1,-64.049026,-33.802032,5563,4059,2700020,entrenamiento
rio-cuarto,2024-25,1,-63.964944,-32.452673,556,4371,200021,entrenamiento
rio-cuarto,2024-25,1,-64.115861,-33.454654,4274,3811,2100019,entrenamiento
rio-cuarto,2024-25,1,-64.141463,-32.549152,914,3716,400018,entrenamiento
rio-cuarto,2024-25,1,-64.403412,-33.222888,3414,2744,1700013,entrenamiento
rio-cuarto,2024-25,1,-64.391823,-32.852603,2040,2787,1000013,entrenamiento
rio-cuarto,2024-25,1,-64.483452,-33.261426,3557,2447,1700012,entrenamiento
rio-cuarto,2024-25,1,-64.109393,-32.639702,1250,3835,600019,entrenamiento
rio-cuarto,2024-25,1,-64.197248,-32.488785,690,3509,300017,entrenamiento
rio-cuarto,2024-25,1,-64.188894,-32.731869,1592,3540,700017,entrenamiento
rio-cuarto,2024-25,1,-64.560797,-33.529843,4553,2160,2200010,entrenamiento
rio-cuarto,2024-25,1,-64.981208,-33.540622,4593,600,2200003,entrenamiento
rio-cuarto,2024-25,1,-64.077323,-33.892582,5899,3954,2900019,entrenamiento
rio-cuarto,2024-25,1,-64.057381,-33.256845,3540,4028,1700020,entrenamiento
rio-cuarto,2024-25,1,-64.47348,-33.338501,3843,2484,1900012,entrenamiento
rio-cuarto,2024-25,1,-63.986234,-33.210491,3368,4292,1600021,entrenamiento
rio-cuarto,2024-25,1,-64.509054,-33.321523,3780,2352,1800011,entrenamiento
rio-cuarto,2024-25,1,-64.050643,-33.592365,4785,4053,2300020,entrenamiento
rio-cuarto,2024-25,1,-65.100055,-33.748403,5364,159,2600000,entrenamiento
rio-cuarto,2024-25,1,-64.371611,-34.14995,6854,2862,3400014,entrenamiento
rio-cuarto,2024-25,1,-64.931352,-33.115629,3016,785,1500003,entrenamiento
rio-cuarto,2024-25,1,-64.545705,-33.668363,5067,2216,2500011,entrenamiento
rio-cuarto,2024-25,1,-64.246296,-33.66971,5072,3327,2500016,entrenamiento
rio-cuarto,2024-25,1,-64.582087,-33.341735,3855,2081,1900010,entrenamiento
rio-cuarto,2024-25,1,-64.434673,-33.872101,5823,2628,2900013,entrenamiento
rio-cuarto,2024-25,1,-64.464318,-32.514656,786,2518,300012,entrenamiento
rio-cuarto,2024-25,1,-64.733273,-33.486993,4394,1520,2100007,entrenamiento
rio-cuarto,2024-25,1,-65.021632,-33.983132,6235,450,3100002,entrenamiento
rio-cuarto,2024-25,1,-64.151973,-32.330592,103,3677,18,entrenamiento
rio-cuarto,2024-25,1,-64.519564,-32.627036,1203,2313,600011,entrenamiento
rio-cuarto,2024-25,1,-63.974915,-33.50963,4478,4334,2200021,entrenamiento
rio-cuarto,2024-25,1,-64.556215,-33.674022,5088,2177,2500010,entrenamiento
rio-cuarto,2024-25,1,-64.872871,-33.202407,3338,1002,1600005,validacion_mnc
rio-cuarto,2024-25,1,-64.285912,-33.005945,2609,3180,1300015,validacion_mnc
rio-cuarto,2024-25,1,-64.299926,-34.042152,6454,3128,3200015,validacion_mnc
rio-cuarto,2024-25,1,-64.461353,-33.431477,4188,2529,2000012,validacion_mnc
rio-cuarto,2024-25,1,-64.422546,-34.173126,6940,2673,3400013,validacion_mnc
rio-cuarto,2024-25,1,-64.509593,-33.218846,3399,2350,1600011,validacion_mnc
rio-cuarto,2024-25,1,-64.03097,-32.338138,131,4126,20,validacion_mnc
rio-cuarto,2024-25,1,-64.293458,-33.186506,3279,3152,1600015,validacion_mnc
rio-cuarto,2024-25,1,-64.224467,-32.407937,390,3408,100017,validacion_mnc
rio-cuarto,2024-25,1,-64.042019,-32.370477,251,4085,100020,validacion_mnc
rio-cuarto,2024-25,1,-64.458389,-32.625688,1198,2540,500012,validacion_mnc
rio-cuarto,2024-25,1,-64.445183,-32.759358,1694,2589,800012,validacion_mnc
rio-cuarto,2024-25,1,-64.427666,-32.763939,1711,2654,800013,validacion_mnc
rio-cuarto,2024-25,1,-64.406376,-34.134858,6798,2733,3300013,validacion_mnc
rio-cuarto,2024-25,1,-64.282678,-33.437945,4212,3192,2100015,validacion_mnc
rio-cuarto,2024-25,1,-64.516869,-32.954472,2418,2323,1200011,validacion_mnc
rio-cuarto,2024-25,1,-64.047679,-33.706631,5209,4064,2600020,validacion_mnc
rio-cuarto,2024-25,1,-64.469707,-32.725671,1569,2498,700012,validacion_mnc
rio-cuarto,2024-25,1,-64.327145,-33.330686,3814,3027,1900015,validacion_mnc
rio-cuarto,2024-25,1,-64.346548,-32.697643,1465,2955,700014,validacion_mnc
rio-cuarto,2024-25,1,-64.904672,-33.733041,5307,884,2600004,validacion_mnc
rio-cuarto,2024-25,1,-64.1482,-32.575293,1011,3691,500018,validacion_mnc
rio-cuarto,2024-25,1,-64.708749,-33.944595,6092,1611,3000008,validacion_mnc
rio-cuarto,2024-25,1,-64.270281,-34.0912,6636,3238,3300016,validacion_mnc
rio-cuarto,2024-25,1,-64.92138,-33.462469,4303,822,2100004,validacion_mnc
rio-cuarto,2024-25,1,-64.474019,-33.601528,4819,2482,2400012,validacion_mnc
rio-cuarto,2024-25,1,-64.455424,-33.428513,4177,2551,2000012,validacion_mnc
rio-cuarto,2024-25,1,-64.834064,-33.29134,3668,1146,1800005,validacion_mnc
rio-cuarto,2024-25,1,-64.514444,-33.575657,4723,2332,2300011,validacion_mnc
rio-cuarto,2024-25,1,-64.456772,-33.381621,4003,2546,2000012,validacion_mnc
rio-cuarto,2024-25,1,-64.161406,-33.054724,2790,3642,1300018,validacion_mnc
rio-cuarto,2024-25,1,-64.848886,-33.324488,3791,1091,1800005,validacion_mnc
rio-cuarto,2024-25,1,-64.705785,-33.130182,3070,1622,1500008,validacion_mnc
rio-cuarto,2024-25,1,-64.510401,-33.185159,3274,2347,1600011,validacion_mnc
rio-cuarto,2024-25,1,-64.150356,-32.822419,1928,3683,900018,validacion_mnc
rio-cuarto,2024-25,1,-64.62305,-33.426896,4171,1929,2000009,validacion_mnc
rio-cuarto,2024-25,1,-64.295075,-33.403989,4086,3146,2000015,validacion_mnc
rio-cuarto,2024-25,1,-64.620085,-32.908658,2248,1940,1100009,validacion_mnc
rio-cuarto,2024-25,1,-64.217999,-33.111856,3002,3432,1500017,validacion_mnc
rio-cuarto,2024-25,1,-64.684764,-33.565685,4686,1700,2300008,validacion_mnc
rio-cuarto,2024-25,1,-64.517138,-33.219924,3403,2322,1700011,validacion_mnc
rio-cuarto,2024-25,1,-64.136882,-32.628114,1207,3733,600018,validacion_mnc
rio-cuarto,2024-25,1,-64.787442,-33.178422,3249,1319,1600006,validacion_mnc
rio-cuarto,2024-25,1,-64.61227,-33.800415,5557,1969,2700009,validacion_mnc
rio-cuarto,2024-25,1,-64.626823,-34.09093,6635,1915,3300009,validacion_mnc
rio-cuarto,2024-25,1,-64.42578,-34.13917,6814,2661,3400013,validacion_mnc
rio-cuarto,2024-25,1,-64.572924,-33.009988,2624,2115,1300010,validacion_mnc
rio-cuarto,2024-25,1,-64.860205,-33.479447,4366,1049,2100005,validacion_mnc
rio-cuarto,2024-25,1,-64.471055,-32.995165,2569,2493,1200012,validacion_mnc
rio-cuarto,2024-25,1,-64.754563,-34.056704,6508,1441,3200007,validacion_mnc
rio-cuarto,2024-25,1,-64.694735,-33.018611,2656,1663,1300008,validacion_mnc
rio-cuarto,2024-25,1,-64.317443,-34.215706,7098,3063,3500015,validacion_mnc
rio-cuarto,2024-25,1,-64.018573,-32.372902,260,4172,100020,validacion_mnc
rio-cuarto,2024-25,1,-64.065196,-33.970466,6188,3999,3000019,validacion_mnc
rio-cuarto,2024-25,1,-64.637064,-33.73924,5330,1877,2600009,validacion_mnc
rio-cuarto,2024-25,1,-65.006541,-33.716602,5246,506,2600002,validacion_mnc
rio-cuarto,2024-25,1,-64.001865,-33.559217,4662,4234,2300021,validacion_mnc
rio-cuarto,2024-25,1,-64.16976,-32.621107,1181,3611,500018,validacion_mnc
rio-cuarto,2024-25,1,-64.096457,-32.845326,2013,3883,1000019,validacion_mnc
rio-cuarto,2024-25,1,-64.166526,-32.647248,1278,3623,600018,validacion_mnc
rio-cuarto,2024-25,1,-64.32418,-33.486454,4392,3038,2100015,validacion_mnc
rio-cuarto,2024-25,1,-64.411227,-32.783882,1785,2715,800013,validacion_mnc
rio-cuarto,2024-25,1,-64.13769,-33.219385,3401,3730,1700018,validacion_mnc
rio-cuarto,2024-25,1,-64.192936,-34.015741,6356,3525,3100017,validacion_mnc
rio-cuarto,2024-25,1,-64.247374,-33.3288,3807,3323,1900016,validacion_mnc
rio-cuarto,2024-25,1,-64.134187,-33.402641,4081,3743,2000018,validacion_mnc
rio-cuarto,2024-25,1,-64.154668,-33.010526,2626,3667,1300018,validacion_mnc
rio-cuarto,2024-25,1,-64.257076,-34.081498,6600,3287,3300016,validacion_mnc
rio-cuarto,2024-25,1,-64.630596,-33.737892,5325,1901,2600009,validacion_mnc
rio-cuarto,2024-25,1,-64.955067,-33.586975,4765,697,2300003,validacion_mnc
rio-cuarto,2024-25,1,-64.677218,-33.448455,4251,1728,2100008,validacion_mnc
rio-cuarto,2024-25,1,-64.223659,-33.944325,6091,3411,3000017,validacion_mnc
rio-cuarto,2024-25,1,-64.235786,-33.19001,3292,3366,1600016,validacion_mnc
rio-cuarto,2024-25,1,-64.460545,-32.625688,1198,2532,500012,validacion_mnc
rio-cuarto,2024-25,1,-64.203447,-33.156323,3167,3486,1500017,validacion_mnc
rio-cuarto,2024-25,1,-64.497196,-33.540083,4591,2396,2200011,validacion_mnc
rio-cuarto,2024-25,1,-64.708749,-33.58994,4776,1611,2300008,validacion_mnc
rio-cuarto,2024-25,1,-64.677757,-33.593982,4791,1726,2300008,validacion_mnc
rio-cuarto,2024-25,1,-64.339272,-33.691,5151,2982,2500014,validacion_mnc
rio-cuarto,2024-25,1,-64.902785,-33.66971,5072,891,2500004,validacion_mnc
rio-cuarto,2024-25,1,-64.678296,-33.923305,6013,1724,3000008,validacion_mnc
rio-cuarto,2024-25,1,-64.459736,-33.635754,4946,2535,2400012,validacion_mnc
rio-cuarto,2024-25,1,-64.150356,-33.249029,3511,3683,1700018,validacion_mnc
rio-cuarto,2024-25,1,-64.28699,-33.837875,5696,3176,2800015,validacion_mnc
rio-cuarto,2024-25,1,-64.160058,-32.673928,1377,3647,600018,validacion_mnc
rio-cuarto,2024-25,1,-64.717912,-34.049967,6483,1577,3200007,validacion_mnc
rio-cuarto,2024-25,1,-64.528457,-32.986272,2536,2280,1200011,validacion_mnc
rio-cuarto,2024-25,1,-65.021902,-33.229356,3438,449,1700002,validacion_mnc
rio-cuarto,2024-25,1,-64.957762,-34.020592,6374,687,3100003,validacion_mnc
rio-cuarto,2024-25,1,-63.940151,-32.394462,340,4463,100022,validacion_mnc
rio-cuarto,2024-25,1,-64.303968,-33.256306,3538,3113,1700015,validacion_mnc
rio-cuarto,2024-25,1,-64.604724,-33.066042,2832,1997,1400009,validacion_mnc
rio-cuarto,2024-25,1,-64.98552,-33.380004,3997,584,1900002,validacion_mnc
rio-cuarto,2024-25,1,-64.432248,-32.761783,1703,2637,800013,validacion_mnc
rio-cuarto,2024-25,1,-64.879339,-33.452767,4267,978,2100004,validacion_mnc
rio-cuarto,2024-25,1,-64.839454,-33.489418,4403,1126,2200005,validacion_mnc
rio-cuarto,2024-25,1,-64.211532,-32.341371,143,3456,17,validacion_mnc
rio-cuarto,2024-25,1,-64.512557,-33.15821,3174,2339,1500011,validacion_mnc
rio-cuarto,2024-25,1,-64.580739,-33.743282,5345,2086,2600010,validacion_mnc
rio-cuarto,2024-25,1,-64.476445,-33.623896,4902,2473,2400012,validacion_mnc
rio-cuarto,2024-25,1,-63.999978,-32.476119,643,4241,300021,validacion_mnc
rio-cuarto,2024-25,1,-64.845113,-33.751637,5376,1105,2600005,validacion_mnc
rio-cuarto,2024-25,1,-64.647035,-32.931834,2334,1840,1100009,validacion_mnc
rio-cuarto,2024-25,1,-64.659971,-33.565955,4687,1792,2300008,validacion_mnc
rio-cuarto,2024-25,1,-64.536542,-34.100093,6669,2250,3300011,validacion_mnc
rio-cuarto,2024-25,1,-64.274054,-34.101441,6674,3224,3300016,validacion_mnc
rio-cuarto,2024-25,1,-64.707941,-33.553019,4639,1614,2300008,validacion_mnc
rio-cuarto,2024-25,1,-64.915451,-33.480256,4369,844,2100004,validacion_mnc
rio-cuarto,2024-25,1,-64.362988,-32.433808,486,2894,200014,validacion_mnc
rio-cuarto,2024-25,1,-64.175419,-34.018706,6367,3590,3100017,validacion_mnc
rio-cuarto,2024-25,1,-64.715217,-34.080959,6598,1587,3200007,validacion_mnc
rio-cuarto,2024-25,1,-65.026214,-33.519871,4516,433,2200002,validacion_mnc
rio-cuarto,2024-25,1,-64.481026,-32.73645,1609,2456,800012,validacion_mnc
rio-cuarto,2024-25,1,-64.849425,-33.436328,4206,1089,2100005,validacion_mnc
rio-cuarto,2024-25,1,-64.051721,-33.746516,5357,4049,2600020,validacion_mnc
rio-cuarto,2024-25,1,-64.662396,-33.042057,2743,1783,1300008,validacion_mnc
rio-cuarto,2024-25,1,-64.222311,-32.821611,1925,3416,900017,validacion_mnc
rio-cuarto,2024-25,1,-64.924345,-33.68561,5131,811,2500004,validacion_mnc
rio-cuarto,2024-25,1,-64.120981,-32.83266,1966,3792,900018,validacion_mnc
rio-cuarto,2024-25,1,-64.055225,-33.990948,6264,4036,3100020,validacion_mnc
rio-cuarto,2024-25,1,-64.128797,-32.581761,1035,3763,500018,validacion_mnc
rio-cuarto,2024-25,1,-64.490728,-33.708517,5216,2420,2600012,validacion_mnc
rio-cuarto,2024-25,1,-64.368377,-33.313977,3752,2874,1800014,validacion_mnc
rio-cuarto,2024-25,1,-64.107237,-33.389436,4032,3843,2000019,validacion_mnc
rio-cuarto,2024-25,1,-64.180001,-32.926983,2316,3573,1100017,validacion_mnc
rio-cuarto,2024-25,1,-64.469707,-33.726304,5282,2498,2600012,validacion_mnc
rio-cuarto,2024-25,1,-64.865864,-33.18974,3291,1028,1600005,validacion_mnc
rio-cuarto,2024-25,1,-64.325258,-33.76565,5428,3034,2700015,validacion_mnc
rio-cuarto,2024-25,1,-64.997647,-33.33904,3845,539,1900002,validacion_mnc
rio-cuarto,2024-25,1,-64.50016,-32.740762,1625,2385,800011,validacion_mnc
rio-cuarto,2024-25,1,-64.671289,-34.011699,6341,1750,3100008,validacion_mnc
rio-cuarto,2024-25,1,-64.858319,-33.534424,4570,1056,2200005,validacion_mnc
rio-cuarto,2024-25,1,-64.251147,-33.198634,3324,3309,1600016,validacion_mnc
rio-cuarto,2024-25,1,-64.47348,-33.416655,4133,2484,2000012,validacion_mnc
rio-cuarto,2024-25,1,-64.432517,-33.656505,5023,2636,2500013,validacion_mnc
rio-cuarto,2024-25,1,-65.042922,-33.336615,3836,371,1900001,validacion_mnc
rio-cuarto,2024-25,1,-64.423624,-34.135666,6801,2669,3400013,validacion_mnc
rio-cuarto,2024-25,1,-64.657006,-33.350359,3887,1803,1900009,validacion_mnc
rio-cuarto,2024-25,1,-64.816008,-34.013855,6349,1213,3100006,validacion_mnc
rio-cuarto,2024-25,1,-64.689345,-33.338232,3842,1683,1900008,validacion_mnc
rio-cuarto,2024-25,1,-64.391823,-33.416655,4133,2787,2000013,validacion_mnc
rio-cuarto,2024-25,1,-64.272707,-33.175996,3240,3229,1600016,validacion_mnc
rio-cuarto,2024-25,1,-64.438716,-34.137822,6809,2613,3400013,validacion_mnc
rio-cuarto,2024-25,1,-64.465665,-32.60332,1115,2513,500012,validacion_mnc
rio-cuarto,2024-25,1,-64.890119,-33.745708,5354,938,2600004,validacion_mnc
rio-cuarto,2024-25,1,-64.431709,-32.7634,1709,2639,800013,validacion_mnc
rio-cuarto,2024-25,1,-64.153321,-34.189296,7000,3672,3500018,validacion_mnc
rio-cuarto,2024-25,1,-64.683686,-33.556523,4652,1704,2300008,validacion_mnc
rio-cuarto,2024-25,1,-64.077323,-34.010621,6337,3954,3100019,validacion_mnc
rio-cuarto,2024-25,1,-64.416617,-33.405067,4090,2695,2000013,validacion_mnc
rio-cuarto,2024-25,1,-64.238212,-32.561279,959,3357,400016,validacion_mnc
rio-cuarto,2024-25,1,-64.24953,-33.479178,4365,3315,2100016,validacion_mnc
rio-cuarto,2024-25,1,-64.764265,-33.289992,3663,1405,1800007,validacion_mnc
rio-cuarto,2024-25,1,-64.357867,-33.331225,3816,2913,1900014,validacion_mnc
rio-cuarto,2024-25,1,-64.054416,-32.363739,226,4039,100020,validacion_mnc
rio-cuarto,2024-25,1,-65.075531,-33.739779,5332,250,2600001,validacion_mnc
rio-cuarto,2024-25,1,-64.595292,-33.007832,2616,2032,1300010,validacion_mnc
rio-cuarto,2024-25,1,-64.084061,-32.454829,564,3929,200019,validacion_mnc
rio-cuarto,2024-25,1,-64.55918,-33.728999,5292,2166,2600010,validacion_mnc
rio-cuarto,2024-25,1,-64.559719,-32.950968,2405,2164,1200010,validacion_mnc
rio-cuarto,2024-25,1,-64.374576,-33.979629,6222,2851,3100014,validacion_mnc
rio-cuarto,2024-25,1,-64.617929,-33.708787,5217,1948,2600009,validacion_mnc
rio-cuarto,2024-25,1,-64.295344,-33.194052,3307,3145,1600015,validacion_mnc
rio-cuarto,2024-25,1,-64.976088,-33.561373,4670,619,2300003,validacion_mnc
rio-cuarto,2024-25,1,-64.620894,-33.726035,5281,1937,2600009,validacion_mnc
rio-cuarto,2024-25,1,-65.000881,-33.332303,3820,527,1900002,validacion_mnc
rio-cuarto,2024-25,1,-64.32984,-33.895547,5910,3017,2900015,validacion_mnc
rio-cuarto,2024-25,1,-64.488842,-32.765556,1717,2427,800012,validacion_mnc
rio-cuarto,2024-25,1,-64.506898,-33.524183,4532,2360,2200011,validacion_mnc
rio-cuarto,2024-25,1,-64.145236,-32.509267,766,3702,300018,validacion_mnc
rio-cuarto,2024-25,1,-64.135804,-33.210761,3369,3737,1600018,validacion_mnc
rio-cuarto,2024-25,1,-64.800647,-33.758104,5400,1270,2700006,validacion_mnc
rio-cuarto,2024-25,1,-65.104906,-33.354671,3903,141,1900000,validacion_mnc
rio-cuarto,2024-25,1,-64.195631,-32.810831,1885,3515,900017,validacion_mnc
rio-cuarto,2024-25,1,-64.075167,-33.026966,2687,3962,1300019,validacion_mnc
rio-cuarto,2024-25,1,-64.756719,-33.758913,5403,1433,2700007,validacion_mnc
rio-cuarto,2024-25,1,-64.133378,-33.433363,4195,3746,2000018,validacion_mnc
rio-cuarto,2024-25,1,-64.656737,-34.093356,6644,1804,3300009,validacion_mnc
rio-cuarto,2024-25,1,-64.871524,-33.306701,3725,1007,1800005,validacion_mnc
rio-cuarto,2024-25,1,-63.926137,-33.444413,4236,4515,2100022,validacion_mnc
rio-cuarto,2024-25,1,-64.371881,-33.80338,5568,2861,2700014,validacion_mnc
rio-cuarto,2024-25,1,-64.61766,-32.97118,2480,1949,1200009,validacion_mnc
rio-cuarto,2024-25,1,-63.964136,-33.586436,4763,4374,2300021,validacion_mnc
rio-cuarto,2024-25,1,-64.301004,-34.214898,7095,3124,3500015,validacion_mnc
rio-cuarto,2024-25,1,-64.626553,-32.953933,2416,1916,1200009,validacion_mnc
rio-cuarto,2024-25,1,-64.4309,-33.833293,5679,2642,2800013,validacion_mnc
rio-cuarto,2024-25,1,-64.290763,-33.359252,3920,3162,1900015,validacion_mnc
rio-cuarto,2024-25,1,-64.762648,-33.806613,5580,1411,2700007,validacion_mnc
rio-cuarto,2024-25,1,-64.462701,-33.395095,4053,2524,2000012,validacion_mnc
rio-cuarto,2024-25,1,-65.014625,-33.745977,5355,476,2600002,validacion_mnc
rio-cuarto,2024-25,1,-64.4468,-33.610421,4852,2583,2400012,validacion_mnc
rio-cuarto,2024-25,1,-64.770194,-33.196208,3315,1383,1600006,validacion_mnc
rio-cuarto,2024-25,1,-64.161675,-32.471268,625,3641,300018,validacion_mnc
rio-cuarto,2024-25,1,-64.8629,-33.756218,5393,1039,2600005,validacion_mnc
rio-cuarto,2024-25,1,-64.994683,-33.294035,3678,550,1800002,validacion_mnc
rio-cuarto,2024-25,1,-63.938803,-32.371824,256,4468,100022,validacion_mnc
rio-cuarto,2024-25,1,-64.635447,-33.380273,3998,1883,1900009,validacion_mnc
rio-cuarto,2024-25,1,-64.884729,-33.665398,5056,958,2500004,validacion_mnc
rio-cuarto,2024-25,1,-64.920841,-33.719297,5256,824,2600004,validacion_mnc
rio-cuarto,2024-25,1,-64.140116,-33.20052,3331,3721,1600018,validacion_mnc
rio-cuarto,2024-25,1,-64.246296,-32.572059,999,3327,400016,validacion_mnc
rio-cuarto,2024-25,1,-64.681261,-33.309126,3734,1713,1800008,validacion_mnc
rio-cuarto,2024-25,1,-64.061423,-33.293496,3676,4013,1800020,validacion_mnc
rio-cuarto,2024-25,1,-64.187277,-32.345414,158,3546,17,validacion_mnc
rio-cuarto,2024-25,1,-64.021807,-32.621376,1182,4160,500020,validacion_mnc
rio-cuarto,2024-25,1,-64.462431,-32.535408,863,2525,400012,validacion_mnc
rio-cuarto,2024-25,1,-64.954259,-34.008465,6329,700,3100003,validacion_mnc
rio-cuarto,2024-25,1,-64.475097,-32.543762,894,2478,400012,validacion_mnc
rio-cuarto,2024-25,1,-64.337655,-32.535408,863,2988,400014,validacion_mnc
rio-cuarto,2024-25,1,-64.47887,-33.38216,4005,2464,2000012,validacion_mnc
rio-cuarto,2024-25,1,-64.691771,-33.033973,2713,1674,1300008,validacion_mnc
rio-cuarto,2024-25,1,-64.301004,-33.415577,4129,3124,2000015,validacion_mnc
rio-cuarto,2024-25,1,-64.723302,-33.290531,3665,1557,1800007,validacion_mnc
rio-cuarto,2024-25,1,-64.793101,-33.674561,5090,1298,2500006,validacion_mnc
rio-cuarto,2024-25,1,-64.683417,-33.590209,4777,1705,2300008,validacion_mnc
rio-cuarto,2024-25,1,-64.39883,-34.113029,6717,2761,3300013,validacion_mnc
rio-cuarto,2024-25,1,-64.460006,-33.420428,4147,2534,2000012,validacion_mnc
rio-cuarto,2024-25,1,-64.492614,-32.974953,2494,2413,1200012,validacion_mnc
rio-cuarto,2024-25,1,-64.204794,-32.307685,18,3481,17,validacion_mnc
rio-cuarto,2024-25,1,-64.22851,-33.212917,3377,3393,1600016,validacion_mnc
rio-cuarto,2024-25,1,-64.120981,-34.201423,7045,3792,3500018,validacion_mnc
rio-cuarto,2024-25,1,-64.75618,-33.683454,5123,1435,2500007,validacion_mnc
rio-cuarto,2024-25,1,-64.822206,-33.45115,4261,1190,2100005,validacion_mnc
rio-cuarto,2024-25,1,-64.310436,-33.170876,3221,3089,1600015,validacion_mnc
rio-cuarto,2024-25,1,-64.346009,-33.364642,3940,2957,1900014,validacion_mnc
rio-cuarto,2024-25,1,-64.312053,-33.879377,5850,3083,2900015,validacion_mnc
rio-cuarto,2024-25,1,-64.472402,-33.596677,4801,2488,2400012,validacion_mnc
rio-cuarto,2024-25,1,-63.982731,-33.542778,4601,4305,2300021,validacion_mnc
rio-cuarto,2024-25,1,-64.734082,-33.966424,6173,1517,3000007,validacion_mnc
rio-cuarto,2024-25,1,-64.309089,-33.444143,4235,3094,2100015,validacion_mnc
rio-cuarto,2024-25,1,-64.395327,-33.410995,4112,2774,2000013,validacion_mnc
rio-cuarto,2024-25,1,-64.605533,-33.088141,2914,1994,1400009,validacion_mnc
rio-cuarto,2024-25,1,-64.28187,-33.184081,3270,3195,1600015,validacion_mnc
rio-cuarto,2024-25,1,-64.569959,-32.96606,2461,2126,1200010,validacion_mnc
rio-cuarto,2024-25,1,-64.849425,-33.463816,4308,1089,2100005,validacion_mnc
rio-cuarto,2024-25,1,-64.770194,-33.79772,5547,1383,2700006,validacion_mnc
rio-cuarto,2024-25,1,-64.364335,-32.701686,1480,2889,700014,validacion_mnc
rio-cuarto,2024-25,1,-65.067446,-33.332842,3822,280,1900001,validacion_mnc
rio-cuarto,2024-25,1,-64.24414,-33.334728,3829,3335,1900016,validacion_mnc
rio-cuarto,2024-25,1,-64.489381,-32.966599,2463,2425,1200012,validacion_mnc
rio-cuarto,2024-25,1,-64.128797,-32.6459,1273,3763,600018,validacion_mnc
rio-cuarto,2024-25,1,-64.703629,-33.325296,3794,1630,1800008,validacion_mnc
rio-cuarto,2024-25,1,-64.490997,-32.962017,2446,2419,1200012,validacion_mnc
rio-cuarto,2024-25,1,-64.941323,-34.024635,6389,748,3100003,validacion_mnc
rio-cuarto,2024-25,1,-64.772619,-33.665129,5055,1374,2500006,validacion_mnc
rio-cuarto,2024-25,1,-64.948869,-33.593443,4789,720,2300003,validacion_mnc
rio-cuarto,2024-25,1,-64.150087,-32.965251,2458,3684,1200018,validacion_mnc
rio-cuarto,2024-25,1,-65.029717,-33.716872,5247,420,2600002,validacion_mnc
rio-cuarto,2024-25,1,-64.847539,-33.315864,3759,1096,1800005,validacion_mnc
rio-cuarto,2024-25,1,-64.49477,-32.905963,2238,2405,1100012,validacion_mnc
rio-cuarto,2024-25,1,-64.307472,-32.639432,1249,3100,600015,validacion_mnc
rio-cuarto,2024-25,1,-64.079749,-33.408031,4101,3945,2000019,validacion_mnc
rio-cuarto,2024-25,1,-64.867212,-33.415038,4127,1023,2000005,validacion_mnc
rio-cuarto,2024-25,1,-64.760223,-33.685341,5130,1420,2500007,validacion_mnc
rio-cuarto,2024-25,1,-64.363257,-34.114107,6721,2893,3300014,validacion_mnc
rio-cuarto,2024-25,1,-64.67102,-33.995799,6282,1751,3100008,validacion_mnc
rio-cuarto,2024-25,1,-64.61227,-34.135127,6799,1969,3300009,validacion_mnc
rio-cuarto,2024-25,1,-64.418773,-34.089852,6631,2687,3300013,validacion_mnc
rio-cuarto,2024-25,1,-64.117478,-32.433269,484,3805,200019,validacion_mnc
rio-cuarto,2024-25,1,-64.413653,-32.963095,2450,2706,1200013,validacion_mnc
rio-cuarto,2024-25,1,-64.195631,-33.988253,6254,3515,3100017,validacion_mnc
rio-cuarto,2024-25,1,-64.198057,-32.40632,384,3506,100017,validacion_mnc
rio-cuarto,2024-25,1,-64.479409,-32.972528,2485,2462,1200012,validacion_mnc
rio-cuarto,2024-25,1,-64.022885,-33.326644,3799,4156,1800020,validacion_mnc
rio-cuarto,2024-25,1,-64.679913,-33.45115,4261,1718,2100008,validacion_mnc
rio-cuarto,2024-25,1,-64.871254,-33.471632,4337,1008,2100005,validacion_mnc
rio-cuarto,2024-25,1,-64.105351,-32.881439,2147,3850,1000019,validacion_mnc
rio-cuarto,2024-25,1,-64.907097,-33.370841,3963,875,1900004,validacion_mnc
rio-cuarto,2024-25,1,-64.756719,-33.681838,5117,1433,2500007,validacion_mnc
rio-cuarto,2024-25,1,-64.758067,-33.862668,5788,1428,2800007,validacion_mnc
rio-cuarto,2024-25,1,-64.796335,-33.731155,5300,1286,2600006,validacion_mnc
rio-cuarto,2024-25,1,-64.616582,-33.802571,5565,1953,2700009,validacion_mnc
rio-cuarto,2024-25,1,-64.391015,-33.543048,4602,2790,2300013,validacion_mnc
rio-cuarto,2024-25,1,-64.377271,-33.370302,3961,2841,1900014,validacion_mnc
rio-cuarto,2024-25,1,-64.45758,-33.60072,4816,2543,2400012,validacion_mnc
rio-cuarto,2024-25,1,-64.144697,-33.67537,5093,3704,2500018,validacion_mnc
rio-cuarto,2024-25,1,-64.180809,-32.75262,1669,3570,800017,validacion_mnc
rio-cuarto,2024-25,1,-64.678027,-33.141231,3111,1725,1500008,validacion_mnc
rio-cuarto,2024-25,1,-64.440063,-33.855662,5762,2608,2800013,validacion_mnc
rio-cuarto,2024-25,1,-64.020999,-33.274362,3605,4163,1800020,validacion_mnc
rio-cuarto,2024-25,1,-64.98579,-33.804188,5571,583,2700002,validacion_mnc
rio-cuarto,2024-25,1,-64.725458,-33.283255,3638,1549,1800007,validacion_mnc
rio-cuarto,2024-25,1,-64.412305,-33.860782,5781,2711,2800013,validacion_mnc
rio-cuarto,2024-25,1,-64.873949,-33.676178,5096,998,2500004,validacion_mnc
rio-cuarto,2024-25,1,-64.267586,-33.19001,3292,3248,1600016,validacion_mnc
rio-cuarto,2024-25,1,-64.65512,-33.089488,2919,1810,1400009,validacion_mnc
rio-cuarto,2024-25,1,-64.866942,-33.282986,3637,1024,1800005,validacion_mnc
rio-cuarto,2024-25,1,-64.380774,-33.319367,3772,2828,1800014,validacion_mnc
rio-cuarto,2024-25,1,-64.868559,-33.990678,6263,1018,3100005,validacion_mnc
rio-cuarto,2024-25,1,-64.765343,-33.655966,5021,1401,2500007,validacion_mnc
rio-cuarto,2024-25,1,-64.462162,-33.388088,4027,2526,2000012,validacion_mnc
rio-cuarto,2024-25,1,-64.533578,-33.506127,4465,2261,2200011,validacion_mnc
rio-cuarto,2024-25,1,-64.906019,-33.740857,5336,879,2600004,validacion_mnc
rio-cuarto,2024-25,1,-64.288068,-33.837336,5694,3172,2800015,validacion_mnc
rio-cuarto,2024-25,1,-64.243062,-34.088774,6627,3339,3300016,validacion_mnc
rio-cuarto,2024-25,1,-64.501238,-33.864016,5793,2381,2800011,validacion_mnc
rio-cuarto,2024-25,1,-64.997378,-33.792061,5526,540,2700002,validacion_mnc
rio-cuarto,2024-25,1,-64.892005,-33.43525,4202,931,2100004,validacion_mnc
rio-cuarto,2024-25,1,-64.907367,-33.719836,5258,874,2600004,validacion_mnc
rio-cuarto,2024-25,1,-64.616043,-32.924288,2306,1955,1100009,validacion_mnc
rio-cuarto,2024-25,2,-64.211801,-32.681474,1405,3455,700017,entrenamiento
rio-cuarto,2024-25,2,-64.254112,-33.117516,3023,3298,1500016,entrenamiento
rio-cuarto,2024-25,2,-64.643801,-33.910638,5966,1852,2900009,entrenamiento
rio-cuarto,2024-25,2,-64.979322,-34.028408,6403,607,3200003,entrenamiento
rio-cuarto,2024-25,2,-64.112897,-33.860512,5780,3822,2800019,entrenamiento
rio-cuarto,2024-25,2,-64.566456,-34.108986,6702,2139,3300010,entrenamiento
rio-cuarto,2024-25,2,-64.373767,-32.91782,2282,2854,1100014,entrenamiento
rio-cuarto,2024-25,2,-64.188625,-34.200884,7043,3541,3500017,entrenamiento
rio-cuarto,2024-25,2,-63.912662,-33.336345,3835,4565,1900022,entrenamiento
rio-cuarto,2024-25,2,-64.848347,-34.054279,6499,1093,3200005,entrenamiento
rio-cuarto,2024-25,2,-64.560258,-34.005501,6318,2162,3100010,entrenamiento
rio-cuarto,2024-25,2,-64.04687,-32.690367,1438,4067,700020,entrenamiento
rio-cuarto,2024-25,2,-64.234439,-32.644553,1268,3371,600016,entrenamiento
rio-cuarto,2024-25,2,-64.065466,-32.349726,174,3998,19,entrenamiento
rio-cuarto,2024-25,2,-64.134456,-34.06991,6557,3742,3200018,entrenamiento
rio-cuarto,2024-25,2,-64.566725,-32.649134,1285,2138,600010,entrenamiento
rio-cuarto,2024-25,2,-64.336847,-33.428243,4176,2991,2000014,entrenamiento
rio-cuarto,2024-25,2,-64.712522,-32.798973,1841,1597,900007,entrenamiento
rio-cuarto,2024-25,2,-64.131222,-33.600989,4817,3754,2400018,entrenamiento
rio-cuarto,2024-25,2,-64.679374,-32.80598,1867,1720,900008,entrenamiento
rio-cuarto,2024-25,2,-64.256537,-32.658297,1319,3289,600016,entrenamiento
rio-cuarto,2024-25,2,-64.657815,-33.292148,3671,1800,1800009,entrenamiento
rio-cuarto,2024-25,2,-64.40422,-32.605746,1124,2741,500013,entrenamiento
rio-cuarto,2024-25,2,-64.950486,-33.198903,3325,714,1600003,entrenamiento
rio-cuarto,2024-25,2,-64.05792,-32.789541,1806,4026,900020,entrenamiento
rio-cuarto,2024-25,2,-64.33523,-33.822783,5640,2997,2800014,entrenamiento
rio-cuarto,2024-25,2,-64.256268,-33.05688,2798,3290,1300016,entrenamiento
rio-cuarto,2024-25,2,-64.044984,-33.061191,2814,4074,1400020,entrenamiento
rio-cuarto,2024-25,2,-64.963152,-33.217229,3393,667,1600003,entrenamiento
rio-cuarto,2024-25,2,-64.735429,-33.011065,2628,1512,1300007,entrenamiento
rio-cuarto,2024-25,2,-64.545974,-33.027235,2688,2215,1300011,entrenamiento
rio-cuarto,2024-25,2,-64.189703,-32.701147,1478,3537,700017,entrenamiento
rio-cuarto,2024-25,2,-64.204794,-32.622993,1188,3481,500017,entrenamiento
rio-cuarto,2024-25,2,-63.899726,-33.206449,3353,4613,1600023,entrenamiento
rio-cuarto,2024-25,2,-64.434673,-32.48097,661,2628,300013,entrenamiento
rio-cuarto,2024-25,2,-64.842418,-33.150664,3146,1115,1500005,entrenamiento
rio-cuarto,2024-25,2,-64.522528,-32.669616,1361,2302,600011,entrenamiento
rio-cuarto,2024-25,2,-64.18027,-33.858356,5772,3572,2800017,entrenamiento
rio-cuarto,2024-25,2,-64.449765,-32.666112,1348,2572,600012,entrenamiento
rio-cuarto,2024-25,2,-64.410419,-32.929139,2324,2718,1100013,entrenamiento
rio-cuarto,2024-25,2,-64.173263,-34.063981,6535,3598,3200017,entrenamiento
rio-cuarto,2024-25,2,-64.817086,-33.070354,2848,1209,1400006,entrenamiento
rio-cuarto,2024-25,2,-64.679374,-33.105119,2977,1720,1400008,entrenamiento
rio-cuarto,2024-25,2,-64.327145,-32.850447,2032,3027,1000015,entrenamiento
rio-cuarto,2024-25,2,-64.483721,-32.86446,2084,2446,1000012,entrenamiento
rio-cuarto,2024-25,2,-64.696083,-33.662703,5046,1658,2500008,entrenamiento
rio-cuarto,2024-25,2,-64.339272,-33.939205,6072,2982,3000014,entrenamiento
rio-cuarto,2024-25,2,-64.171107,-33.355749,3907,3606,1900018,entrenamiento
rio-cuarto,2024-25,2,-64.768577,-32.890871,2182,1389,1000006,entrenamiento
rio-cuarto,2024-25,2,-64.577775,-33.349551,3884,2097,1900010,entrenamiento
rio-cuarto,2024-25,2,-64.002404,-33.08329,2896,4232,1400021,entrenamiento
rio-cuarto,2024-25,2,-64.077054,-32.788193,1801,3955,900019,entrenamiento
rio-cuarto,2024-25,2,-64.391284,-32.948273,2395,2789,1100013,entrenamiento
rio-cuarto,2024-25,2,-64.998186,-34.00038,6299,537,3100002,entrenamiento
rio-cuarto,2024-25,2,-64.821667,-33.89905,5923,1192,2900005,entrenamiento
rio-cuarto,2024-25,2,-64.18027,-33.401833,4078,3572,2000017,entrenamiento
rio-cuarto,2024-25,2,-64.498813,-33.686419,5134,2390,2500011,entrenamiento
rio-cuarto,2024-25,2,-64.695544,-34.044308,6462,1660,3200008,entrenamiento
rio-cuarto,2024-25,2,-64.530883,-33.731694,5302,2271,2600011,entrenamiento
rio-cuarto,2024-25,2,-64.128258,-32.919707,2289,3765,1100018,entrenamiento
rio-cuarto,2024-25,2,-64.931891,-33.327722,3803,783,1900003,entrenamiento
rio-cuarto,2024-25,2,-64.649191,-33.294574,3680,1832,1800009,entrenamiento
rio-cuarto,2024-25,2,-64.450573,-33.316403,3761,2569,1800012,entrenamiento
rio-cuarto,2024-25,2,-64.910062,-34.025174,6391,864,3100004,entrenamiento
rio-cuarto,2024-25,2,-64.150626,-33.139614,3105,3682,1500018,entrenamiento
rio-cuarto,2024-25,2,-64.150895,-32.440545,511,3681,200018,entrenamiento
rio-cuarto,2024-25,2,-64.926231,-33.776969,5470,804,2700004,entrenamiento
rio-cuarto,2024-25,2,-65.013278,-33.654619,5016,481,2500002,entrenamiento
rio-cuarto,2024-25,2,-64.356789,-33.950524,6114,2917,3000014,entrenamiento
rio-cuarto,2024-25,2,-64.419042,-33.454115,4272,2686,2100013,entrenamiento
rio-cuarto,2024-25,2,-64.664552,-32.765556,1717,1775,800008,entrenamiento
rio-cuarto,2024-25,2,-64.188355,-33.260348,3553,3542,1700017,entrenamiento
rio-cuarto,2024-25,2,-64.493692,-33.793678,5532,2409,2700012,entrenamiento
rio-cuarto,2024-25,2,-64.050643,-33.49939,4440,4053,2200020,entrenamiento
rio-cuarto,2024-25,2,-64.20695,-32.564243,970,3473,400017,entrenamiento
rio-cuarto,2024-25,2,-64.090798,-34.197111,7029,3904,3500019,entrenamiento
rio-cuarto,2024-25,2,-64.289685,-34.182019,6973,3166,3400015,entrenamiento
rio-cuarto,2024-25,2,-64.66563,-33.662164,5044,1771,2500008,entrenamiento
rio-cuarto,2024-25,2,-64.082983,-33.686149,5133,3933,2500019,entrenamiento
rio-cuarto,2024-25,2,-64.519833,-33.9419,6082,2312,3000011,entrenamiento
rio-cuarto,2024-25,2,-63.890564,-33.432825,4193,4647,2000023,entrenamiento
rio-cuarto,2024-25,2,-64.014801,-33.219115,3400,4186,1700020,entrenamiento
rio-cuarto,2024-25,2,-64.10589,-32.805711,1866,3848,900019,entrenamiento
rio-cuarto,2024-25,2,-64.68719,-33.744091,5348,1691,2600008,entrenamiento
rio-cuarto,2024-25,2,-64.66024,-33.385124,4016,1791,2000008,entrenamiento
rio-cuarto,2024-25,2,-64.071394,-33.559487,4663,3976,2300019,entrenamiento
rio-cuarto,2024-25,2,-64.401256,-32.45402,561,2752,200013,entrenamiento
rio-cuarto,2024-25,2,-64.427127,-33.457349,4284,2656,2100013,entrenamiento
rio-cuarto,2024-25,2,-64.366221,-34.168814,6924,2882,3400014,entrenamiento
rio-cuarto,2024-25,2,-64.819511,-33.142579,3116,1200,1500006,entrenamiento
rio-cuarto,2024-25,2,-64.087564,-33.22208,3411,3916,1700019,entrenamiento
rio-cuarto,2024-25,2,-63.901613,-33.234207,3456,4606,1700023,entrenamiento
rio-cuarto,2024-25,2,-64.334421,-33.546012,4613,3000,2300015,entrenamiento
rio-cuarto,2024-25,2,-65.001959,-33.687766,5139,523,2500002,entrenamiento
rio-cuarto,2024-25,2,-64.787442,-33.079787,2883,1319,1400006,entrenamiento
rio-cuarto,2024-25,2,-64.087834,-33.287567,3654,3915,1800019,entrenamiento
rio-cuarto,2024-25,2,-64.523067,-33.655158,5018,2300,2500011,entrenamiento
rio-cuarto,2024-25,2,-64.33496,-34.20843,7071,2998,3500014,entrenamiento
rio-cuarto,2024-25,2,-64.614157,-33.46705,4320,1962,2100009,entrenamiento
rio-cuarto,2024-25,2,-64.150087,-32.396348,347,3684,100018,entrenamiento
rio-cuarto,2024-25,2,-64.752677,-32.974414,2492,1448,1200007,entrenamiento
rio-cuarto,2024-25,2,-64.112088,-33.63252,4934,3825,2400019,entrenamiento
rio-cuarto,2024-25,2,-63.974107,-33.428243,4176,4337,2000021,entrenamiento
rio-cuarto,2024-25,2,-64.17488,-32.489593,693,3592,300017,entrenamiento
rio-cuarto,2024-25,2,-64.689615,-32.736989,1611,1682,800008,entrenamiento
rio-cuarto,2024-25,2,-64.598526,-32.815682,1903,2020,900010,entrenamiento
rio-cuarto,2024-25,2,-64.680991,-32.802746,1855,1714,900008,entrenamiento
rio-cuarto,2024-25,2,-64.351399,-32.511153,773,2937,300014,entrenamiento
rio-cuarto,2024-25,2,-64.209915,-32.661262,1330,3462,600017,entrenamiento
rio-cuarto,2024-25,2,-64.603107,-32.813526,1895,2003,900010,entrenamiento
rio-cuarto,2024-25,2,-64.358406,-32.593079,1077,2911,500014,entrenamiento
rio-cuarto,2024-25,2,-64.709558,-32.836972,1982,1608,900008,entrenamiento
rio-cuarto,2024-25,2,-64.698239,-32.963904,2453,1650,1200008,entrenamiento
rio-cuarto,2024-25,2,-64.23929,-34.183097,6977,3353,3400016,entrenamiento
rio-cuarto,2024-25,2,-64.446261,-33.841378,5709,2585,2800012,entrenamiento
rio-cuarto,2024-25,2,-65.006002,-33.692348,5156,508,2500002,entrenamiento
rio-cuarto,2024-25,2,-64.524954,-33.624974,4906,2293,2400011,entrenamiento
rio-cuarto,2024-25,2,-64.333613,-33.594252,4792,3003,2300015,entrenamiento
rio-cuarto,2024-25,2,-64.471324,-33.284063,3641,2492,1800012,entrenamiento
rio-cuarto,2024-25,2,-64.071125,-32.988158,2543,3977,1200019,entrenamiento
rio-cuarto,2024-25,2,-64.548939,-33.348473,3880,2204,1900011,entrenamiento
rio-cuarto,2024-25,2,-64.203986,-33.82979,5666,3484,2800017,entrenamiento
rio-cuarto,2024-25,2,-64.309897,-32.978187,2506,3091,1200015,entrenamiento
rio-cuarto,2024-25,2,-64.480218,-33.982324,6232,2459,3100012,entrenamiento
rio-cuarto,2024-25,2,-64.122059,-32.942883,2375,3788,1100018,entrenamiento
rio-cuarto,2024-25,2,-63.991894,-33.303198,3712,4271,1800021,entrenamiento
rio-cuarto,2024-25,2,-64.151704,-33.142579,3116,3678,1500018,entrenamiento
rio-cuarto,2024-25,2,-64.213149,-32.465878,605,3450,300017,entrenamiento
rio-cuarto,2024-25,2,-64.497735,-33.795295,5538,2394,2700011,entrenamiento
rio-cuarto,2024-25,2,-64.096188,-33.090836,2924,3884,1400019,entrenamiento
rio-cuarto,2024-25,2,-63.892181,-33.422584,4155,4641,2000023,entrenamiento
rio-cuarto,2024-25,2,-64.019382,-32.417638,426,4169,200020,entrenamiento
rio-cuarto,2024-25,2,-63.903499,-33.236632,3465,4599,1700022,entrenamiento
rio-cuarto,2024-25,2,-63.995936,-33.281099,3630,4256,1800021,entrenamiento
rio-cuarto,2024-25,2,-64.562953,-34.023287,6384,2152,3100010,entrenamiento
rio-cuarto,2024-25,2,-64.368647,-33.646264,4985,2873,2400014,entrenamiento
rio-cuarto,2024-25,2,-64.717103,-33.107814,2987,1580,1400007,entrenamiento
rio-cuarto,2024-25,2,-64.097266,-33.08841,2915,3880,1400019,entrenamiento
rio-cuarto,2024-25,2,-65.025136,-33.974509,6203,437,3100002,entrenamiento
rio-cuarto,2024-25,2,-64.104812,-33.708248,5215,3852,2600019,entrenamiento
rio-cuarto,2024-25,2,-64.914643,-33.876413,5839,847,2900004,entrenamiento
rio-cuarto,2024-25,2,-64.196979,-33.585897,4761,3510,2300017,entrenamiento
rio-cuarto,2024-25,2,-64.742705,-33.346317,3872,1485,1900007,entrenamiento
rio-cuarto,2024-25,2,-63.918052,-33.371919,3967,4545,1900022,entrenamiento
rio-cuarto,2024-25,2,-64.42551,-32.82188,1926,2662,900013,entrenamiento
rio-cuarto,2024-25,2,-64.415539,-32.825923,1941,2699,900013,entrenamiento
rio-cuarto,2024-25,2,-65.112452,-33.652732,5009,113,2500000,entrenamiento
rio-cuarto,2024-25,2,-64.283487,-33.580777,4742,3189,2300015,entrenamiento
rio-cuarto,2024-25,2,-64.966925,-34.033797,6423,653,3200003,entrenamiento
rio-cuarto,2024-25,2,-64.227701,-33.001094,2591,3396,1200016,entrenamiento
rio-cuarto,2024-25,2,-64.258963,-33.405336,4091,3280,2000016,entrenamiento
rio-cuarto,2024-25,2,-64.370803,-33.231512,3446,2865,1700014,entrenamiento
rio-cuarto,2024-25,2,-64.42551,-32.594427,1082,2662,500013,entrenamiento
rio-cuarto,2024-25,2,-64.405837,-32.852603,2040,2735,1000013,entrenamiento
rio-cuarto,2024-25,2,-64.821398,-33.565955,4687,1193,2300005,entrenamiento
rio-cuarto,2024-25,2,-64.693388,-33.194861,3310,1668,1600008,entrenamiento
rio-cuarto,2024-25,2,-64.114244,-32.468034,613,3817,300019,entrenamiento
rio-cuarto,2024-25,2,-64.481296,-32.505763,753,2455,300012,entrenamiento
rio-cuarto,2024-25,2,-64.880148,-33.596677,4801,975,2400004,entrenamiento
rio-cuarto,2024-25,2,-64.041211,-33.494269,4421,4088,2200020,entrenamiento
rio-cuarto,2024-25,2,-64.34547,-33.732502,5305,2959,2600014,entrenamiento
rio-cuarto,2024-25,2,-65.055858,-33.611769,4857,323,2400001,entrenamiento
rio-cuarto,2024-25,2,-64.163831,-32.334634,118,3633,18,entrenamiento
rio-cuarto,2024-25,2,-64.369455,-33.271397,3594,2870,1700014,entrenamiento
rio-cuarto,2024-25,2,-64.103464,-32.569903,991,3857,400019,entrenamiento
rio-cuarto,2024-25,2,-64.182426,-33.423123,4157,3564,2000017,entrenamiento
rio-cuarto,2024-25,2,-64.403681,-33.445491,4240,2743,2100013,entrenamiento
rio-cuarto,2024-25,2,-64.80981,-34.061825,6527,1236,3200006,entrenamiento
rio-cuarto,2024-25,2,-64.583434,-34.046464,6470,2076,3200010,entrenamiento
rio-cuarto,2024-25,2,-64.322024,-33.001364,2592,3046,1200015,entrenamiento
rio-cuarto,2024-25,2,-64.656198,-33.152281,3152,1806,1500009,entrenamiento
rio-cuarto,2024-25,2,-63.989468,-33.059844,2809,4280,1400021,entrenamiento
rio-cuarto,2024-25,2,-64.939975,-33.393209,4046,753,2000003,entrenamiento
rio-cuarto,2024-25,2,-64.477523,-33.473249,4343,2469,2100012,entrenamiento
rio-cuarto,2024-25,2,-64.038516,-33.951602,6118,4098,3000020,entrenamiento
rio-cuarto,2024-25,2,-64.290763,-32.863921,2082,3162,1000015,entrenamiento
rio-cuarto,2024-25,2,-64.237134,-32.703572,1487,3361,700016,entrenamiento
rio-cuarto,2024-25,2,-64.612809,-33.858626,5773,1967,2800009,entrenamiento
rio-cuarto,2024-25,2,-64.130414,-33.127218,3059,3757,1500018,entrenamiento
rio-cuarto,2024-25,2,-64.755372,-33.107814,2987,1438,1400007,entrenamiento
rio-cuarto,2024-25,2,-64.82005,-33.379734,3996,1198,1900005,entrenamiento
rio-cuarto,2024-25,2,-64.079479,-32.732947,1596,3946,700019,entrenamiento
rio-cuarto,2024-25,2,-64.348165,-33.523914,4531,2949,2200014,entrenamiento
rio-cuarto,2024-25,2,-64.045792,-32.538372,874,4071,400020,entrenamiento
rio-cuarto,2024-25,2,-64.66051,-34.119766,6742,1790,3300008,entrenamiento
rio-cuarto,2024-25,2,-64.666438,-33.522027,4524,1768,2200008,entrenamiento
rio-cuarto,2024-25,2,-64.198596,-34.170162,6929,3504,3400017,entrenamiento
rio-cuarto,2024-25,2,-64.960188,-34.028947,6405,678,3200003,entrenamiento
rio-cuarto,2024-25,2,-64.435482,-32.924019,2305,2625,1100013,entrenamiento
rio-cuarto,2024-25,2,-64.723841,-32.883595,2155,1555,1000007,entrenamiento
rio-cuarto,2024-25,2,-64.347357,-32.915125,2272,2952,1100014,entrenamiento
rio-cuarto,2024-25,2,-64.607689,-33.671058,5077,1986,2500009,entrenamiento
rio-cuarto,2024-25,2,-64.126102,-33.102694,2968,3773,1400018,entrenamiento
rio-cuarto,2024-25,2,-64.726266,-33.037745,2727,1546,1300007,entrenamiento
rio-cuarto,2024-25,2,-64.966116,-33.354132,3901,656,1900003,entrenamiento
rio-cuarto,2024-25,2,-64.584243,-32.920515,2292,2073,1100010,entrenamiento
rio-cuarto,2024-25,2,-64.424432,-32.524628,823,2666,400013,entrenamiento
rio-cuarto,2024-25,2,-64.588016,-32.928331,2321,2059,1100010,entrenamiento
rio-cuarto,2024-25,2,-64.786903,-33.29673,3688,1321,1800006,entrenamiento
rio-cuarto,2024-25,2,-64.416886,-32.819724,1918,2694,900013,entrenamiento
rio-cuarto,2024-25,2,-64.826788,-33.950254,6113,1173,3000005,entrenamiento
rio-cuarto,2024-25,2,-64.950755,-33.213456,3379,713,1600003,entrenamiento
rio-cuarto,2024-25,2,-64.803881,-33.24876,3510,1258,1700006,entrenamiento
rio-cuarto,2024-25,2,-64.71899,-33.617428,4878,1573,2400007,entrenamiento
rio-cuarto,2024-25,2,-64.215305,-33.175188,3237,3442,1600017,entrenamiento
rio-cuarto,2024-25,2,-64.195631,-33.066851,2835,3515,1400017,entrenamiento
rio-cuarto,2024-25,2,-65.131586,-33.390244,4035,42,2000000,entrenamiento
rio-cuarto,2024-25,2,-64.099691,-32.784421,1787,3871,800019,entrenamiento
rio-cuarto,2024-25,2,-64.129336,-32.452942,557,3761,200018,entrenamiento
rio-cuarto,2024-25,2,-64.610384,-33.475674,4352,1976,2100009,entrenamiento
rio-cuarto,2024-25,2,-64.117478,-32.4648,601,3805,300019,entrenamiento
rio-cuarto,2024-25,2,-64.591249,-32.794122,1823,2047,900010,entrenamiento
rio-cuarto,2024-25,2,-64.064388,-32.789541,1806,4002,900020,entrenamiento
rio-cuarto,2024-25,2,-65.061787,-33.203215,3341,301,1600001,entrenamiento
rio-cuarto,2024-25,2,-64.71899,-32.772024,1741,1573,800007,entrenamiento
rio-cuarto,2024-25,2,-64.235247,-34.1389,6813,3368,3400016,entrenamiento
rio-cuarto,2024-25,2,-64.768577,-33.890965,5893,1389,2900006,entrenamiento
rio-cuarto,2024-25,2,-64.43117,-33.009988,2624,2641,1300013,entrenamiento
rio-cuarto,2024-25,2,-64.574271,-33.258731,3547,2110,1700010,entrenamiento
rio-cuarto,2024-25,2,-64.448956,-34.070988,6561,2575,3200012,entrenamiento
rio-cuarto,2024-25,2,-64.277019,-32.716238,1534,3213,700016,entrenamiento
rio-cuarto,2024-25,2,-64.577236,-32.773371,1746,2099,800010,entrenamiento
rio-cuarto,2024-25,2,-64.243332,-32.607363,1130,3338,500016,entrenamiento
rio-cuarto,2024-25,2,-64.207489,-32.728096,1578,3471,700017,entrenamiento
rio-cuarto,2024-25,2,-65.059092,-33.81362,5606,311,2800001,entrenamiento
rio-cuarto,2024-25,2,-64.264353,-33.950254,6113,3260,3000016,entrenamiento
rio-cuarto,2024-25,2,-64.589632,-33.256845,3540,2053,1700010,entrenamiento
rio-cuarto,2024-25,2,-64.523067,-34.02194,6379,2300,3100011,entrenamiento
rio-cuarto,2024-25,2,-64.294536,-33.295113,3682,3148,1800015,entrenamiento
rio-cuarto,2024-25,2,-64.547052,-33.032356,2707,2211,1300011,entrenamiento
rio-cuarto,2024-25,2,-64.419851,-33.032625,2708,2683,1300013,entrenamiento
rio-cuarto,2024-25,2,-64.082174,-33.14204,3114,3936,1500019,entrenamiento
rio-cuarto,2024-25,2,-64.16464,-32.883595,2155,3630,1000018,entrenamiento
rio-cuarto,2024-25,2,-64.192128,-32.674736,1380,3528,600017,entrenamiento
rio-cuarto,2024-25,2,-64.787981,-33.028852,2694,1317,1300006,entrenamiento
rio-cuarto,2024-25,2,-64.962344,-33.869136,5812,670,2900003,entrenamiento
rio-cuarto,2024-25,2,-64.23929,-32.833469,1969,3353,900016,entrenamiento
rio-cuarto,2024-25,2,-64.433595,-32.592271,1074,2632,500013,entrenamiento
rio-cuarto,2024-25,2,-64.125832,-33.614464,4867,3774,2400018,entrenamiento
rio-cuarto,2024-25,2,-64.296961,-32.767173,1723,3139,800015,entrenamiento
rio-cuarto,2024-25,2,-64.136612,-33.603954,4828,3734,2400018,entrenamiento
rio-cuarto,2024-25,2,-64.500699,-33.703667,5198,2383,2500011,entrenamiento
rio-cuarto,2024-25,2,-64.097535,-34.190374,7004,3879,3500019,entrenamiento
rio-cuarto,2024-25,2,-63.936647,-33.522566,4526,4476,2200022,entrenamiento
rio-cuarto,2024-25,2,-64.509323,-33.332573,3821,2351,1900011,entrenamiento
rio-cuarto,2024-25,2,-64.004829,-32.406859,386,4223,100021,entrenamiento
rio-cuarto,2024-25,2,-64.51633,-33.889887,5889,2325,2900011,entrenamiento
rio-cuarto,2024-25,2,-65.051277,-33.303198,3712,340,1800001,entrenamiento
rio-cuarto,2024-25,2,-64.241984,-32.772563,1743,3343,800016,entrenamiento
rio-cuarto,2024-25,2,-64.835142,-33.361139,3927,1142,1900005,entrenamiento
rio-cuarto,2024-25,2,-64.785555,-33.875335,5835,1326,2900006,entrenamiento
rio-cuarto,2024-25,2,-64.172185,-34.113837,6720,3602,3300018,entrenamiento
rio-cuarto,2024-25,2,-64.179462,-32.977648,2504,3575,1200017,entrenamiento
rio-cuarto,2024-25,2,-64.744861,-33.076014,2869,1477,1400007,entrenamiento
rio-cuarto,2024-25,2,-64.949677,-33.264121,3567,717,1700003,entrenamiento
rio-cuarto,2024-25,2,-64.114783,-33.375692,3981,3815,1900019,entrenamiento
rio-cuarto,2024-25,2,-64.223389,-33.23259,3450,3412,1700017,entrenamiento
rio-cuarto,2024-25,2,-64.399908,-33.212378,3375,2757,1600013,entrenamiento
rio-cuarto,2024-25,2,-64.952103,-33.610421,4852,708,2400003,entrenamiento
rio-cuarto,2024-25,2,-64.136612,-34.076378,6581,3734,3200018,entrenamiento
rio-cuarto,2024-25,2,-64.607419,-33.60611,4836,1987,2400009,entrenamiento
rio-cuarto,2024-25,2,-64.317443,-33.993104,6272,3063,3100015,entrenamiento
rio-cuarto,2024-25,2,-64.382391,-32.654524,1305,2822,600014,entrenamiento
rio-cuarto,2024-25,2,-64.126641,-34.028677,6404,3771,3200018,entrenamiento
rio-cuarto,2024-25,2,-64.029623,-32.481239,662,4131,300020,entrenamiento
rio-cuarto,2024-25,2,-64.395866,-33.457349,4284,2772,2100013,entrenamiento
rio-cuarto,2024-25,2,-64.096996,-33.324218,3790,3881,1800019,entrenamiento
rio-cuarto,2024-25,2,-64.893892,-33.41396,4123,924,2000004,entrenamiento
rio-cuarto,2024-25,2,-64.380505,-33.63791,4954,2829,2400014,entrenamiento
rio-cuarto,2024-25,2,-64.627092,-33.224236,3419,1914,1700009,entrenamiento
rio-cuarto,2024-25,2,-64.061962,-33.447377,4247,4011,2100020,entrenamiento
rio-cuarto,2024-25,2,-64.524415,-33.634406,4941,2295,2400011,entrenamiento
rio-cuarto,2024-25,2,-64.724919,-34.022209,6380,1551,3100007,entrenamiento
rio-cuarto,2024-25,2,-64.29238,-32.845326,2013,3156,1000015,entrenamiento
rio-cuarto,2024-25,2,-64.353555,-32.921324,2295,2929,1100014,entrenamiento
rio-cuarto,2024-25,2,-64.419851,-32.793853,1822,2683,900013,entrenamiento
rio-cuarto,2024-25,2,-64.747826,-33.517176,4506,1466,2200007,entrenamiento
rio-cuarto,2024-25,2,-63.996744,-32.552925,928,4253,400021,entrenamiento
rio-cuarto,2024-25,2,-64.740549,-32.849369,2028,1493,1000007,entrenamiento
rio-cuarto,2024-25,2,-64.331996,-32.935607,2348,3009,1100015,entrenamiento
rio-cuarto,2024-25,2,-64.757528,-32.91782,2282,1430,1100007,entrenamiento
rio-cuarto,2024-25,2,-64.389398,-33.636562,4949,2796,2400013,entrenamiento
rio-cuarto,2024-25,2,-64.275671,-33.101346,2963,3218,1400016,entrenamiento
rio-cuarto,2024-25,2,-64.304777,-34.136475,6804,3110,3400015,entrenamiento
rio-cuarto,2024-25,2,-64.129066,-33.524722,4534,3762,2200018,entrenamiento
rio-cuarto,2024-25,2,-64.617929,-33.905788,5948,1948,2900009,entrenamiento
rio-cuarto,2024-25,2,-64.163831,-33.308588,3732,3633,1800018,entrenamiento
rio-cuarto,2024-25,2,-64.234708,-33.159826,3180,3370,1500016,entrenamiento
rio-cuarto,2024-25,2,-64.152782,-33.102155,2966,3674,1400018,entrenamiento
rio-cuarto,2024-25,2,-64.191319,-33.583472,4752,3531,2300017,entrenamiento
rio-cuarto,2024-25,2,-64.651886,-33.944056,6090,1822,3000009,entrenamiento
rio-cuarto,2024-25,2,-64.487494,-33.445491,4240,2432,2100012,entrenamiento
rio-cuarto,2024-25,2,-64.97474,-33.732502,5305,624,2600003,entrenamiento
rio-cuarto,2024-25,2,-64.279714,-32.656141,1311,3203,600016,entrenamiento
rio-cuarto,2024-25,2,-63.962249,-33.289723,3662,4381,1800021,entrenamiento
rio-cuarto,2024-25,2,-64.779896,-32.942614,2374,1347,1100006,entrenamiento
rio-cuarto,2024-25,2,-64.785555,-33.468398,4325,1326,2100006,entrenamiento
rio-cuarto,2024-25,2,-64.047409,-32.530557,845,4065,400020,entrenamiento
rio-cuarto,2024-25,2,-64.119095,-32.908658,2248,3799,1100018,entrenamiento
rio-cuarto,2024-25,2,-64.143619,-32.694409,1453,3708,700018,entrenamiento
rio-cuarto,2024-25,2,-64.702551,-33.095417,2941,1634,1400008,entrenamiento
rio-cuarto,2024-25,2,-64.627631,-32.692523,1446,1912,700009,entrenamiento
rio-cuarto,2024-25,2,-64.449226,-33.872909,5826,2574,2900012,entrenamiento
rio-cuarto,2024-25,2,-65.071489,-33.305623,3721,265,1800001,entrenamiento
rio-cuarto,2024-25,2,-64.210723,-32.591732,1072,3459,500017,entrenamiento
rio-cuarto,2024-25,2,-64.128527,-33.460043,4294,3764,2100018,entrenamiento
rio-cuarto,2024-25,2,-64.381852,-33.059036,2806,2824,1400014,entrenamiento
rio-cuarto,2024-25,2,-64.115861,-32.390689,326,3811,100019,entrenamiento
rio-cuarto,2024-25,2,-64.561066,-33.623627,4901,2159,2400010,entrenamiento
rio-cuarto,2024-25,2,-64.072203,-33.276787,3614,3973,1800019,entrenamiento
rio-cuarto,2024-25,2,-64.480218,-33.292418,3672,2459,1800012,entrenamiento
rio-cuarto,2024-25,2,-64.32418,-32.8111,1886,3038,900015,entrenamiento
rio-cuarto,2024-25,2,-64.043097,-33.08329,2896,4081,1400020,entrenamiento
rio-cuarto,2024-25,2,-64.565917,-34.175552,6949,2141,3400010,entrenamiento
rio-cuarto,2024-25,2,-64.592866,-32.655333,1308,2041,600010,entrenamiento
rio-cuarto,2024-25,2,-64.998456,-33.674831,5091,536,2500002,entrenamiento
rio-cuarto,2024-25,2,-64.13769,-33.59533,4796,3730,2300018,entrenamiento
rio-cuarto,2024-25,2,-64.295344,-33.638718,4957,3145,2400015,entrenamiento
rio-cuarto,2024-25,2,-64.011567,-33.206988,3355,4198,1600020,entrenamiento
rio-cuarto,2024-25,2,-64.581817,-34.041613,6452,2082,3200010,entrenamiento
rio-cuarto,2024-25,2,-65.034838,-33.648959,4995,401,2400002,entrenamiento
rio-cuarto,2024-25,2,-64.615773,-32.672041,1370,1956,600009,entrenamiento
rio-cuarto,2024-25,2,-64.046062,-33.327183,3801,4070,1900020,entrenamiento
rio-cuarto,2024-25,2,-64.072203,-33.166294,3204,3973,1600019,entrenamiento
rio-cuarto,2024-25,2,-64.769924,-33.240675,3480,1384,1700006,entrenamiento
rio-cuarto,2024-25,2,-64.920302,-33.615272,4870,826,2400004,entrenamiento
rio-cuarto,2024-25,2,-65.10275,-33.263312,3564,149,1700000,entrenamiento
rio-cuarto,2024-25,2,-64.430361,-32.493097,706,2644,300013,entrenamiento
rio-cuarto,2024-25,2,-64.610114,-32.724054,1563,1977,700009,entrenamiento
rio-cuarto,2024-25,2,-64.176497,-32.97657,2500,3586,1200017,entrenamiento
rio-cuarto,2024-25,2,-64.775853,-33.24337,3490,1362,1700006,entrenamiento
rio-cuarto,2024-25,2,-64.693927,-33.246604,3502,1666,1700008,entrenamiento
rio-cuarto,2024-25,2,-64.808193,-33.46705,4320,1242,2100006,entrenamiento
rio-cuarto,2024-25,2,-64.189433,-32.490671,697,3538,300017,entrenamiento
rio-cuarto,2024-25,2,-64.576427,-33.927617,6029,2102,3000010,entrenamiento
rio-cuarto,2024-25,2,-64.564031,-33.103233,2970,2148,1400010,entrenamiento
rio-cuarto,2024-25,2,-64.070047,-33.57916,4736,3981,2300019,entrenamiento
rio-cuarto,2024-25,2,-64.556215,-33.151203,3148,2177,1500010,entrenamiento
rio-cuarto,2024-25,2,-64.796065,-33.08356,2897,1287,1400006,entrenamiento
rio-cuarto,2024-25,2,-64.830022,-34.041343,6451,1161,3200005,entrenamiento
rio-cuarto,2024-25,2,-64.176497,-32.65668,1313,3586,600017,entrenamiento
rio-cuarto,2024-25,2,-64.552173,-33.061191,2814,2192,1400010,entrenamiento
rio-cuarto,2024-25,2,-64.652155,-33.128026,3062,1821,1500009,entrenamiento
rio-cuarto,2024-25,2,-64.705785,-33.79233,5527,1622,2700008,entrenamiento
rio-cuarto,2024-25,2,-65.060979,-33.79799,5548,304,2700001,entrenamiento
rio-cuarto,2024-25,2,-64.12152,-32.943961,2379,3790,1100018,entrenamiento
rio-cuarto,2024-25,2,-64.143349,-33.136111,3092,3709,1500018,entrenamiento
rio-cuarto,2024-25,2,-64.725997,-32.993279,2562,1547,1200007,entrenamiento
rio-cuarto,2024-25,2,-64.592327,-33.538736,4586,2043,2200010,entrenamiento
rio-cuarto,2024-25,2,-64.07894,-33.463816,4308,3948,2100019,entrenamiento
rio-cuarto,2024-25,2,-64.517677,-33.387549,4025,2320,2000011,entrenamiento
rio-cuarto,2024-25,2,-64.085678,-33.092183,2929,3923,1400019,entrenamiento
rio-cuarto,2024-25,2,-64.66051,-33.6592,5033,1790,2500008,entrenamiento
rio-cuarto,2024-25,2,-64.078132,-33.754871,5388,3951,2600019,entrenamiento
rio-cuarto,2024-25,2,-64.086217,-33.258192,3545,3921,1700019,entrenamiento
rio-cuarto,2024-25,2,-64.215035,-33.216151,3389,3443,1600017,entrenamiento
rio-cuarto,2024-25,2,-64.69204,-34.05886,6516,1673,3200008,entrenamiento
rio-cuarto,2024-25,2,-64.934586,-33.382699,4007,773,2000003,entrenamiento
rio-cuarto,2024-25,2,-63.99917,-32.366165,235,4244,100021,entrenamiento
rio-cuarto,2024-25,2,-64.514713,-32.863652,2081,2331,1000011,entrenamiento
rio-cuarto,2024-25,2,-64.711175,-33.103502,2971,1602,1400008,entrenamiento
rio-cuarto,2024-25,2,-65.008158,-33.817932,5622,500,2800002,entrenamiento
rio-cuarto,2024-25,2,-64.03636,-33.095687,2942,4106,1400020,entrenamiento
rio-cuarto,2024-25,2,-64.955876,-33.491305,4410,694,2200003,entrenamiento
rio-cuarto,2024-25,2,-63.996475,-33.202137,3337,4254,1600021,entrenamiento
rio-cuarto,2024-25,2,-64.507976,-33.798259,5549,2356,2700011,entrenamiento
rio-cuarto,2024-25,2,-64.483182,-33.032086,2706,2448,1300012,entrenamiento
rio-cuarto,2024-25,2,-64.385895,-33.429591,4181,2809,2000014,entrenamiento
rio-cuarto,2024-25,2,-64.613618,-34.158304,6885,1964,3400009,entrenamiento
rio-cuarto,2024-25,2,-64.674254,-33.771849,5451,1739,2700008,entrenamiento
rio-cuarto,2024-25,2,-64.787442,-32.917551,2281,1319,1100006,entrenamiento
rio-cuarto,2024-25,2,-64.288877,-32.925366,2310,3169,1100015,entrenamiento
rio-cuarto,2024-25,2,-64.15359,-34.155609,6875,3671,3400018,entrenamiento
rio-cuarto,2024-25,2,-64.077323,-33.086793,2909,3954,1400019,entrenamiento
rio-cuarto,2024-25,2,-64.156824,-34.129468,6778,3659,3300018,entrenamiento
rio-cuarto,2024-25,2,-64.432248,-33.793408,5531,2637,2700013,entrenamiento
rio-cuarto,2024-25,2,-64.308011,-33.530651,4556,3098,2200015,entrenamiento
rio-cuarto,2024-25,2,-64.029892,-32.511153,773,4130,300020,entrenamiento
rio-cuarto,2024-25,2,-64.340889,-33.890696,5892,2976,2900014,entrenamiento
rio-cuarto,2024-25,2,-64.467821,-33.838414,5698,2505,2800012,entrenamiento
rio-cuarto,2024-25,2,-64.664552,-32.939919,2364,1775,1100008,entrenamiento
rio-cuarto,2024-25,2,-64.229857,-32.599008,1099,3388,500016,entrenamiento
rio-cuarto,2024-25,2,-64.647304,-33.6751,5092,1839,2500009,entrenamiento
rio-cuarto,2024-25,2,-64.763726,-33.097034,2947,1407,1400007,entrenamiento
rio-cuarto,2024-25,2,-64.053608,-32.564513,971,4042,400020,entrenamiento
rio-cuarto,2024-25,2,-64.399369,-33.451689,4263,2759,2100013,entrenamiento
rio-cuarto,2024-25,2,-64.16976,-33.154976,3162,3611,1500018,entrenamiento
rio-cuarto,2024-25,2,-63.968447,-33.234476,3457,4358,1700021,entrenamiento
rio-cuarto,2024-25,2,-64.1164,-33.544665,4608,3809,2300019,entrenamiento
rio-cuarto,2024-25,2,-64.607689,-32.697913,1466,1986,700009,entrenamiento
rio-cuarto,2024-25,2,-64.081096,-33.689114,5144,3940,2500019,entrenamiento
rio-cuarto,2024-25,2,-64.775045,-32.8809,2145,1365,1000006,entrenamiento
rio-cuarto,2024-25,2,-64.685303,-33.198095,3322,1698,1600008,entrenamiento
rio-cuarto,2024-25,2,-64.213149,-33.710673,5224,3450,2600017,entrenamiento
rio-cuarto,2024-25,2,-64.039864,-32.471537,626,4093,300020,entrenamiento
rio-cuarto,2024-25,2,-64.191589,-32.492827,705,3530,300017,entrenamiento
rio-cuarto,2024-25,2,-64.969081,-33.629556,4923,645,2400003,entrenamiento
rio-cuarto,2024-25,2,-64.647035,-32.813526,1895,1840,900009,entrenamiento
rio-cuarto,2024-25,2,-64.245218,-32.941266,2369,3331,1100016,entrenamiento
rio-cuarto,2024-25,2,-64.417425,-33.047986,2765,2692,1300013,entrenamiento
rio-cuarto,2024-25,2,-64.739202,-33.013221,2636,1498,1300007,entrenamiento
rio-cuarto,2024-25,2,-64.260849,-33.953219,6124,3273,3000016,entrenamiento
rio-cuarto,2024-25,2,-64.232283,-33.284333,3642,3379,1800016,entrenamiento
rio-cuarto,2024-25,2,-64.439255,-32.842901,2004,2611,1000013,entrenamiento
rio-cuarto,2024-25,2,-64.214766,-33.170606,3220,3444,1600017,entrenamiento
rio-cuarto,2024-25,2,-64.090259,-33.455193,4276,3906,2100019,entrenamiento
rio-cuarto,2024-25,2,-64.26031,-33.680221,5111,3275,2500016,entrenamiento
rio-cuarto,2024-25,2,-64.918955,-34.02733,6399,831,3100004,entrenamiento
rio-cuarto,2024-25,2,-64.195901,-33.602606,4823,3514,2400017,entrenamiento
rio-cuarto,2024-25,2,-64.033935,-33.603415,4826,4115,2400020,entrenamiento
rio-cuarto,2024-25,2,-64.348974,-33.644647,4979,2946,2400014,entrenamiento
rio-cuarto,2024-25,2,-63.953356,-33.433094,4194,4414,2000022,entrenamiento
rio-cuarto,2024-25,2,-64.73516,-32.913508,2266,1513,1100007,entrenamiento
rio-cuarto,2024-25,2,-63.936378,-33.23771,3469,4477,1700022,entrenamiento
rio-cuarto,2024-25,2,-64.544896,-33.054185,2788,2219,1300011,entrenamiento
rio-cuarto,2024-25,2,-64.253303,-34.22433,7130,3301,3500016,entrenamiento
rio-cuarto,2024-25,2,-64.228779,-32.435695,493,3392,200016,entrenamiento
rio-cuarto,2024-25,2,-63.967639,-33.310204,3738,4361,1800021,entrenamiento
rio-cuarto,2024-25,2,-64.098613,-32.627036,1203,3875,600019,entrenamiento
rio-cuarto,2024-25,2,-64.120981,-32.927253,2317,3792,1100018,entrenamiento
rio-cuarto,2024-25,2,-64.352477,-32.503607,745,2933,300014,entrenamiento
rio-cuarto,2024-25,2,-64.903594,-33.160635,3183,888,1500004,entrenamiento
rio-cuarto,2024-25,2,-64.072203,-32.82754,1947,3973,900019,entrenamiento
rio-cuarto,2024-25,2,-64.650538,-33.675909,5095,1827,2500009,entrenamiento
rio-cuarto,2024-25,2,-64.439794,-33.064425,2826,2609,1400013,entrenamiento
rio-cuarto,2024-25,2,-64.08433,-33.5258,4538,3928,2200019,entrenamiento
rio-cuarto,2024-25,2,-65.101942,-33.929234,6035,152,3000000,entrenamiento
rio-cuarto,2024-25,2,-64.243871,-32.70465,1491,3336,700016,entrenamiento
rio-cuarto,2024-25,2,-64.476984,-33.009449,2622,2471,1300012,entrenamiento
rio-cuarto,2024-25,2,-64.865056,-33.336076,3834,1031,1900005,entrenamiento
rio-cuarto,2024-25,2,-64.616582,-33.68049,5112,1953,2500009,entrenamiento
rio-cuarto,2024-25,2,-64.319868,-32.983308,2525,3054,1200015,entrenamiento
rio-cuarto,2024-25,2,-64.359215,-33.251455,3520,2908,1700014,entrenamiento
rio-cuarto,2024-25,2,-63.931796,-33.416924,4134,4494,2000022,entrenamiento
rio-cuarto,2024-25,2,-64.175689,-33.838683,5699,3589,2800017,entrenamiento
rio-cuarto,2024-25,2,-65.109757,-33.193783,3306,123,1600000,entrenamiento
rio-cuarto,2024-25,2,-64.565917,-33.59506,4795,2141,2300010,entrenamiento
rio-cuarto,2024-25,2,-64.957762,-33.607726,4842,687,2400003,entrenamiento
rio-cuarto,2024-25,2,-64.283217,-32.969024,2472,3190,1200015,entrenamiento
rio-cuarto,2024-25,2,-64.471863,-33.283794,3640,2490,1800012,entrenamiento
rio-cuarto,2024-25,2,-64.246296,-32.634043,1229,3327,600016,entrenamiento
rio-cuarto,2024-25,2,-64.599873,-32.657758,1317,2015,600010,entrenamiento
rio-cuarto,2024-25,2,-64.312862,-32.686863,1425,3080,700015,entrenamiento
rio-cuarto,2024-25,2,-64.986868,-33.948098,6105,579,3000002,entrenamiento
rio-cuarto,2024-25,2,-64.029892,-33.569189,4699,4130,2300020,entrenamiento
rio-cuarto,2024-25,2,-64.0846,-33.148238,3137,3927,1500019,entrenamiento
rio-cuarto,2024-25,2,-64.802533,-32.945039,2383,1263,1100006,entrenamiento
rio-cuarto,2024-25,2,-64.514982,-33.391053,4038,2330,2000011,entrenamiento
rio-cuarto,2024-25,2,-64.025041,-32.50738,759,4148,300020,entrenamiento
rio-cuarto,2024-25,2,-64.179462,-33.235015,3459,3575,1700017,entrenamiento
rio-cuarto,2024-25,2,-64.293727,-34.010082,6335,3151,3100015,entrenamiento
rio-cuarto,2024-25,2,-64.639758,-33.666746,5061,1867,2500009,entrenamiento
rio-cuarto,2024-25,2,-64.391823,-33.372188,3968,2787,1900013,entrenamiento
rio-cuarto,2024-25,2,-64.803342,-33.477561,4359,1260,2100006,entrenamiento
rio-cuarto,2024-25,2,-64.048757,-33.674831,5091,4060,2500020,entrenamiento
rio-cuarto,2024-25,2,-64.928657,-33.53631,4577,795,2200003,entrenamiento
rio-cuarto,2024-25,2,-64.078132,-33.86159,5784,3951,2800019,entrenamiento
rio-cuarto,2024-25,2,-64.24953,-33.311821,3744,3315,1800016,entrenamiento
rio-cuarto,2024-25,2,-64.485338,-32.830235,1957,2440,900012,entrenamiento
rio-cuarto,2024-25,2,-64.214227,-32.628653,1209,3446,600017,entrenamiento
rio-cuarto,2024-25,2,-64.611462,-32.728635,1580,1972,700009,entrenamiento
rio-cuarto,2024-25,2,-64.119634,-32.743727,1636,3797,800018,entrenamiento
rio-cuarto,2024-25,2,-64.410958,-32.412788,408,2716,200013,entrenamiento
rio-cuarto,2024-25,2,-64.818433,-33.89932,5924,1204,2900006,entrenamiento
rio-cuarto,2024-25,2,-64.361101,-33.444952,4238,2901,2100014,entrenamiento
rio-cuarto,2024-25,2,-64.484799,-33.272745,3599,2442,1700012,entrenamiento
rio-cuarto,2024-25,2,-64.519564,-33.980168,6224,2313,3100011,entrenamiento
rio-cuarto,2024-25,2,-64.743514,-33.578082,4732,1482,2300007,entrenamiento
rio-cuarto,2024-25,2,-64.133109,-32.914586,2270,3747,1100018,entrenamiento
rio-cuarto,2024-25,2,-64.496657,-32.709771,1510,2398,700011,entrenamiento
rio-cuarto,2024-25,2,-64.680183,-32.99274,2560,1717,1200008,entrenamiento
rio-cuarto,2024-25,2,-64.609575,-32.669346,1360,1979,600009,entrenamiento
rio-cuarto,2024-25,2,-64.471863,-32.664495,1342,2490,600012,entrenamiento
rio-cuarto,2024-25,2,-64.712522,-33.606918,4839,1597,2400007,entrenamiento
rio-cuarto,2024-25,2,-64.408802,-33.966424,6173,2724,3000013,entrenamiento
rio-cuarto,2024-25,2,-64.631404,-33.015647,2645,1898,1300009,entrenamiento
rio-cuarto,2024-25,2,-64.30828,-32.92887,2323,3097,1100015,entrenamiento
rio-cuarto,2024-25,2,-64.415269,-33.600181,4814,2700,2400013,entrenamiento
rio-cuarto,2024-25,2,-64.219616,-33.177074,3244,3426,1600017,entrenamiento
rio-cuarto,2024-25,2,-64.019382,-33.090297,2922,4169,1400020,entrenamiento
rio-cuarto,2024-25,2,-64.257615,-32.925366,2310,3285,1100016,entrenamiento
rio-cuarto,2024-25,2,-63.980305,-33.216959,3392,4314,1600021,entrenamiento
rio-cuarto,2024-25,2,-64.717373,-33.171954,3225,1579,1600007,entrenamiento
rio-cuarto,2024-25,2,-65.091162,-33.324757,3792,192,1800000,entrenamiento
rio-cuarto,2024-25,2,-64.090259,-32.756663,1684,3906,800019,entrenamiento
rio-cuarto,2024-25,2,-64.381044,-33.736006,5318,2827,2600014,entrenamiento
rio-cuarto,2024-25,2,-64.947791,-33.674561,5090,724,2500003,entrenamiento
rio-cuarto,2024-25,2,-64.07382,-32.987619,2541,3967,1200019,entrenamiento
rio-cuarto,2024-25,2,-64.509054,-32.706267,1497,2352,700011,entrenamiento
rio-cuarto,2024-25,2,-64.234439,-33.087063,2910,3371,1400016,entrenamiento
rio-cuarto,2024-25,2,-64.547322,-32.810292,1883,2210,900011,entrenamiento
rio-cuarto,2024-25,2,-64.108585,-33.757026,5396,3838,2600019,entrenamiento
rio-cuarto,2024-25,2,-64.360293,-32.922402,2299,2904,1100014,entrenamiento
rio-cuarto,2024-25,2,-64.581817,-32.907041,2242,2082,1100010,entrenamiento
rio-cuarto,2024-25,2,-64.341428,-33.011065,2628,2974,1300014,entrenamiento
rio-cuarto,2024-25,2,-64.281331,-33.277865,3618,3197,1800015,entrenamiento
rio-cuarto,2024-25,2,-64.252225,-33.427165,4172,3305,2000016,entrenamiento
rio-cuarto,2024-25,2,-65.003307,-33.662164,5044,518,2500002,entrenamiento
rio-cuarto,2024-25,2,-64.199135,-32.594157,1081,3502,500017,entrenamiento
rio-cuarto,2024-25,2,-65.107062,-33.721992,5266,133,2600000,entrenamiento
rio-cuarto,2024-25,2,-64.839723,-33.826017,5652,1125,2800005,validacion_mnc
rio-cuarto,2024-25,2,-64.759145,-33.940552,6077,1424,3000007,validacion_mnc
rio-cuarto,2024-25,2,-64.615234,-33.738701,5328,1958,2600009,validacion_mnc
rio-cuarto,2024-25,2,-64.881765,-33.437945,4212,969,2100004,validacion_mnc
rio-cuarto,2024-25,2,-64.397483,-33.681029,5114,2766,2500013,validacion_mnc
rio-cuarto,2024-25,2,-64.231474,-33.261695,3558,3382,1700016,validacion_mnc
rio-cuarto,2024-25,2,-65.121884,-33.367607,3951,78,1900000,validacion_mnc
rio-cuarto,2024-25,2,-64.315287,-33.372997,3971,3071,1900015,validacion_mnc
rio-cuarto,2024-25,2,-64.413922,-32.980882,2516,2705,1200013,validacion_mnc
rio-cuarto,2024-25,2,-64.037977,-33.975856,6208,4100,3100020,validacion_mnc
rio-cuarto,2024-25,2,-64.046331,-32.327897,93,4069,20,validacion_mnc
rio-cuarto,2024-25,2,-64.322563,-33.043405,2748,3044,1300015,validacion_mnc
rio-cuarto,2024-25,2,-64.541393,-33.128565,3064,2232,1500011,validacion_mnc
rio-cuarto,2024-25,2,-64.107776,-33.039093,2732,3841,1300019,validacion_mnc
rio-cuarto,2024-25,2,-64.206411,-32.745613,1643,3475,800017,validacion_mnc
rio-cuarto,2024-25,2,-65.03349,-33.796103,5541,406,2700002,validacion_mnc
rio-cuarto,2024-25,2,-64.839184,-33.635215,4944,1127,2400005,validacion_mnc
rio-cuarto,2024-25,2,-64.172994,-33.134225,3085,3599,1500017,validacion_mnc
rio-cuarto,2024-25,2,-64.480218,-33.751367,5375,2459,2600012,validacion_mnc
rio-cuarto,2024-25,2,-64.454346,-32.702764,1484,2555,700012,validacion_mnc
rio-cuarto,2024-25,2,-64.432787,-33.862129,5786,2635,2800013,validacion_mnc
rio-cuarto,2024-25,2,-64.39371,-33.503163,4454,2780,2200013,validacion_mnc
rio-cuarto,2024-25,2,-64.285373,-33.682915,5121,3182,2500015,validacion_mnc
rio-cuarto,2024-25,2,-64.545705,-33.219385,3401,2216,1700011,validacion_mnc
rio-cuarto,2024-25,2,-64.671289,-33.980438,6225,1750,3100008,validacion_mnc
rio-cuarto,2024-25,2,-64.834064,-33.822514,5639,1146,2800005,validacion_mnc
rio-cuarto,2024-25,2,-64.391823,-32.772563,1743,2787,800013,validacion_mnc
rio-cuarto,2024-25,2,-64.50555,-34.126773,6768,2365,3300011,validacion_mnc
rio-cuarto,2024-25,2,-64.610384,-33.796103,5541,1976,2700009,validacion_mnc
rio-cuarto,2024-25,2,-64.229588,-33.351707,3892,3389,1900016,validacion_mnc
rio-cuarto,2024-25,2,-64.740819,-33.953758,6126,1492,3000007,validacion_mnc
rio-cuarto,2024-25,2,-64.684495,-33.306971,3726,1701,1800008,validacion_mnc
rio-cuarto,2024-25,2,-64.122329,-33.430938,4186,3787,2000018,validacion_mnc
rio-cuarto,2024-25,2,-65.088197,-33.897164,5916,203,2900001,validacion_mnc
rio-cuarto,2024-25,2,-64.316904,-33.427704,4174,3065,2000015,validacion_mnc
rio-cuarto,2024-25,2,-64.027736,-32.600625,1105,4138,500020,validacion_mnc
rio-cuarto,2024-25,2,-64.427397,-33.576196,4725,2655,2300013,validacion_mnc
rio-cuarto,2024-25,2,-64.940784,-33.931659,6044,750,3000003,validacion_mnc
rio-cuarto,2024-25,2,-64.997378,-33.317481,3765,540,1800002,validacion_mnc
rio-cuarto,2024-25,2,-64.854546,-33.074397,2863,1070,1400005,validacion_mnc
rio-cuarto,2024-25,2,-65.022171,-33.32853,3806,448,1900002,validacion_mnc
rio-cuarto,2024-25,2,-64.80981,-33.762955,5418,1236,2700006,validacion_mnc
rio-cuarto,2024-25,2,-64.79876,-33.198095,3322,1277,1600006,validacion_mnc
rio-cuarto,2024-25,2,-64.67075,-33.139075,3103,1752,1500008,validacion_mnc
rio-cuarto,2024-25,2,-64.406107,-33.559217,4662,2734,2300013,validacion_mnc
rio-cuarto,2024-25,2,-64.194014,-32.357541,203,3521,100017,validacion_mnc
rio-cuarto,2024-25,2,-64.420659,-33.707709,5213,2680,2600013,validacion_mnc
rio-cuarto,2024-25,2,-64.736507,-33.81362,5606,1508,2800007,validacion_mnc
rio-cuarto,2024-25,2,-64.688537,-33.353863,3900,1686,1900008,validacion_mnc
rio-cuarto,2024-25,2,-64.310167,-32.659914,1325,3090,600015,validacion_mnc
rio-cuarto,2024-25,2,-64.617929,-33.080326,2885,1948,1400009,validacion_mnc
rio-cuarto,2024-25,2,-64.506628,-33.481603,4374,2361,2100011,validacion_mnc
rio-cuarto,2024-25,2,-64.069777,-32.455368,566,3982,200019,validacion_mnc
rio-cuarto,2024-25,2,-64.775045,-33.491035,4409,1365,2200006,validacion_mnc
rio-cuarto,2024-25,2,-64.309897,-32.664226,1341,3091,600015,validacion_mnc
rio-cuarto,2024-25,2,-63.99378,-32.465608,604,4264,300021,validacion_mnc
rio-cuarto,2024-25,2,-64.646496,-33.194322,3308,1842,1600009,validacion_mnc
rio-cuarto,2024-25,2,-64.101039,-33.424201,4161,3866,2000019,validacion_mnc
rio-cuarto,2024-25,2,-64.27109,-33.232321,3449,3235,1700016,validacion_mnc
rio-cuarto,2024-25,2,-64.474019,-32.983038,2524,2482,1200012,validacion_mnc
rio-cuarto,2024-25,2,-64.082713,-33.956722,6137,3934,3000019,validacion_mnc
rio-cuarto,2024-25,2,-64.641106,-33.717411,5249,1862,2600009,validacion_mnc
rio-cuarto,2024-25,2,-64.285912,-33.873987,5830,3180,2900015,validacion_mnc
rio-cuarto,2024-25,2,-64.320946,-33.198903,3325,3050,1600015,validacion_mnc
rio-cuarto,2024-25,2,-64.038786,-33.992295,6269,4097,3100020,validacion_mnc
rio-cuarto,2024-25,2,-64.040942,-32.87524,2124,4089,1000020,validacion_mnc
rio-cuarto,2024-25,2,-64.704707,-33.441448,4225,1626,2100008,validacion_mnc
rio-cuarto,2024-25,2,-65.01247,-33.788557,5513,484,2700002,validacion_mnc
rio-cuarto,2024-25,2,-64.868829,-33.62174,4894,1017,2400005,validacion_mnc
rio-cuarto,2024-25,2,-64.049026,-33.751098,5374,4059,2600020,validacion_mnc
rio-cuarto,2024-25,2,-64.80981,-33.374075,3975,1236,1900006,validacion_mnc
rio-cuarto,2024-25,2,-64.090798,-32.924019,2305,3904,1100019,validacion_mnc
rio-cuarto,2024-25,2,-64.23929,-33.251994,3522,3353,1700016,validacion_mnc
rio-cuarto,2024-25,2,-64.095379,-34.109795,6705,3887,3300019,validacion_mnc
rio-cuarto,2024-25,2,-64.393979,-34.149141,6851,2779,3400013,validacion_mnc
rio-cuarto,2024-25,2,-64.240907,-33.346317,3872,3347,1900016,validacion_mnc
rio-cuarto,2024-25,2,-64.828135,-33.239058,3474,1168,1700005,validacion_mnc
rio-cuarto,2024-25,2,-64.98579,-33.258192,3545,583,1700002,validacion_mnc
rio-cuarto,2024-25,2,-64.720068,-33.663512,5049,1569,2500007,validacion_mnc
rio-cuarto,2024-25,2,-64.968003,-34.026252,6395,649,3100003,validacion_mnc
rio-cuarto,2024-25,2,-64.141194,-33.41908,4142,3717,2000018,validacion_mnc
rio-cuarto,2024-25,2,-64.539507,-33.13153,3075,2239,1500011,validacion_mnc
rio-cuarto,2024-25,2,-64.144966,-33.231512,3446,3703,1700018,validacion_mnc
rio-cuarto,2024-25,2,-64.761301,-33.406145,4094,1416,2000007,validacion_mnc
rio-cuarto,2024-25,2,-64.211262,-32.333826,115,3457,17,validacion_mnc
rio-cuarto,2024-25,2,-64.82571,-33.752984,5381,1177,2600005,validacion_mnc
rio-cuarto,2024-25,2,-64.604185,-33.39806,4064,1999,2000009,validacion_mnc
rio-cuarto,2024-25,2,-63.921825,-33.614194,4866,4531,2400022,validacion_mnc
rio-cuarto,2024-25,2,-64.800377,-33.198095,3322,1271,1600006,validacion_mnc
rio-cuarto,2024-25,2,-64.205603,-32.399313,358,3478,100017,validacion_mnc
rio-cuarto,2024-25,2,-64.175689,-32.945309,2384,3589,1100017,validacion_mnc
rio-cuarto,2024-25,2,-64.698239,-33.156593,3168,1650,1500008,validacion_mnc
rio-cuarto,2024-25,2,-64.597448,-33.719836,5258,2024,2600010,validacion_mnc
rio-cuarto,2024-25,2,-64.780704,-33.185698,3276,1344,1600006,validacion_mnc
rio-cuarto,2024-25,2,-64.432517,-34.140787,6820,2636,3400013,validacion_mnc
rio-cuarto,2024-25,2,-64.312862,-33.45115,4261,3080,2100015,validacion_mnc
rio-cuarto,2024-25,2,-64.60715,-33.769423,5442,1988,2700009,validacion_mnc
rio-cuarto,2024-25,2,-64.813582,-33.328261,3805,1222,1900006,validacion_mnc
rio-cuarto,2024-25,2,-64.901438,-33.685071,5129,896,2500004,validacion_mnc
rio-cuarto,2024-25,2,-64.991449,-33.312091,3745,562,1800002,validacion_mnc
rio-cuarto,2024-25,2,-64.903055,-33.959956,6149,890,3000004,validacion_mnc
rio-cuarto,2024-25,2,-64.157094,-32.603859,1117,3658,500018,validacion_mnc
rio-cuarto,2024-25,2,-64.378888,-33.787749,5510,2835,2700014,validacion_mnc
rio-cuarto,2024-25,2,-64.10589,-32.440276,510,3848,200019,validacion_mnc
rio-cuarto,2024-25,2,-64.47348,-33.002442,2596,2484,1200012,validacion_mnc
rio-cuarto,2024-25,2,-65.085503,-33.893121,5901,213,2900001,validacion_mnc
rio-cuarto,2024-25,2,-64.632752,-33.383507,4010,1893,2000009,validacion_mnc
rio-cuarto,2024-25,2,-64.358406,-33.303467,3713,2911,1800014,validacion_mnc
rio-cuarto,2024-25,2,-64.608767,-33.340388,3850,1982,1900009,validacion_mnc
rio-cuarto,2024-25,2,-64.14308,-32.622454,1186,3710,500018,validacion_mnc
rio-cuarto,2024-25,2,-64.832717,-33.276518,3613,1151,1800005,validacion_mnc
rio-cuarto,2024-25,2,-64.288068,-32.659645,1324,3172,600015,validacion_mnc
rio-cuarto,2024-25,2,-64.425241,-32.65129,1293,2663,600013,validacion_mnc
rio-cuarto,2024-25,2,-64.294266,-33.808769,5588,3149,2700015,validacion_mnc
rio-cuarto,2024-25,2,-64.508784,-32.97684,2501,2353,1200011,validacion_mnc
rio-cuarto,2024-25,2,-64.146853,-33.405606,4092,3696,2000018,validacion_mnc
rio-cuarto,2024-25,2,-64.616582,-33.385663,4018,1953,2000009,validacion_mnc
rio-cuarto,2024-25,2,-64.95884,-33.994182,6276,683,3100003,validacion_mnc
rio-cuarto,2024-25,2,-64.995761,-33.764572,5424,546,2700002,validacion_mnc
rio-cuarto,2024-25,2,-64.789328,-33.772118,5452,1312,2700006,validacion_mnc
rio-cuarto,2024-25,2,-64.702012,-33.92061,6003,1636,3000008,validacion_mnc
rio-cuarto,2024-25,2,-64.575349,-33.024271,2677,2106,1300010,validacion_mnc
rio-cuarto,2024-25,2,-64.635986,-33.433094,4194,1881,2000009,validacion_mnc
rio-cuarto,2024-25,2,-64.258154,-33.221002,3407,3283,1700016,validacion_mnc
rio-cuarto,2024-25,2,-64.541123,-32.97145,2481,2233,1200011,validacion_mnc
rio-cuarto,2024-25,2,-64.267047,-33.716333,5245,3250,2600016,validacion_mnc
rio-cuarto,2024-25,2,-64.867751,-33.605571,4834,1021,2400005,validacion_mnc
rio-cuarto,2024-25,2,-64.752138,-33.940283,6076,1450,3000007,validacion_mnc
rio-cuarto,2024-25,2,-64.227971,-34.088235,6625,3395,3300016,validacion_mnc
rio-cuarto,2024-25,2,-64.138768,-33.422045,4153,3726,2000018,validacion_mnc
rio-cuarto,2024-25,2,-64.559988,-33.780473,5483,2163,2700010,validacion_mnc
rio-cuarto,2024-25,2,-64.234708,-33.450072,4257,3370,2100016,validacion_mnc
rio-cuarto,2024-25,2,-64.839184,-33.32341,3787,1127,1800005,validacion_mnc
rio-cuarto,2024-25,2,-64.567264,-33.801493,5561,2136,2700010,validacion_mnc
rio-cuarto,2024-25,2,-64.452729,-32.785499,1791,2561,800012,validacion_mnc
rio-cuarto,2024-25,2,-65.0281,-33.50478,4460,426,2200002,validacion_mnc
rio-cuarto,2024-25,2,-64.015879,-32.407667,389,4182,100020,validacion_mnc
rio-cuarto,2024-25,2,-64.50016,-33.204832,3347,2385,1600011,validacion_mnc
rio-cuarto,2024-25,2,-64.986598,-33.283525,3639,580,1800002,validacion_mnc
rio-cuarto,2024-25,2,-64.495579,-33.421775,4152,2402,2000012,validacion_mnc
rio-cuarto,2024-25,2,-64.145505,-33.244987,3496,3701,1700018,validacion_mnc
rio-cuarto,2024-25,2,-64.454077,-33.715255,5241,2556,2600012,validacion_mnc
rio-cuarto,2024-25,2,-64.129336,-32.828887,1952,3761,900018,validacion_mnc
rio-cuarto,2024-25,2,-64.831369,-33.276787,3614,1156,1800005,validacion_mnc
rio-cuarto,2024-25,2,-64.60715,-32.897069,2205,1988,1100009,validacion_mnc
rio-cuarto,2024-25,2,-64.901707,-33.291879,3670,895,1800004,validacion_mnc
rio-cuarto,2024-25,2,-64.133648,-32.839667,1992,3745,900018,validacion_mnc
rio-cuarto,2024-25,2,-64.325797,-34.060477,6522,3032,3200015,validacion_mnc
rio-cuarto,2024-25,2,-64.82032,-33.325027,3793,1197,1800005,validacion_mnc
rio-cuarto,2024-25,2,-64.227701,-33.185698,3276,3396,1600016,validacion_mnc
rio-cuarto,2024-25,2,-64.315557,-33.254958,3533,3070,1700015,validacion_mnc
rio-cuarto,2024-25,2,-63.91913,-33.607188,4840,4541,2400022,validacion_mnc
rio-cuarto,2024-25,2,-64.136882,-32.828887,1952,3733,900018,validacion_mnc
rio-cuarto,2024-25,2,-64.246835,-33.190279,3293,3325,1600016,validacion_mnc
rio-cuarto,2024-25,2,-64.624667,-33.731963,5303,1923,2600009,validacion_mnc
rio-cuarto,2024-25,2,-64.649191,-32.992201,2558,1832,1200009,validacion_mnc
rio-cuarto,2024-25,2,-64.570498,-33.005406,2607,2124,1300010,validacion_mnc
rio-cuarto,2024-25,2,-64.026928,-32.611405,1145,4141,500020,validacion_mnc
rio-cuarto,2024-25,2,-64.640297,-33.345239,3868,1865,1900009,validacion_mnc
rio-cuarto,2024-25,2,-64.514713,-32.989236,2547,2331,1200011,validacion_mnc
rio-cuarto,2024-25,2,-64.857241,-33.628208,4918,1060,2400005,validacion_mnc
rio-cuarto,2024-25,2,-64.329301,-33.675639,5094,3019,2500015,validacion_mnc
rio-cuarto,2024-25,2,-64.86829,-33.538197,4584,1019,2200005,validacion_mnc
rio-cuarto,2024-25,2,-63.984617,-33.578621,4734,4298,2300021,validacion_mnc
rio-cuarto,2024-25,2,-64.288877,-33.764842,5425,3169,2700015,validacion_mnc
rio-cuarto,2024-25,2,-64.695274,-33.00864,2619,1661,1300008,validacion_mnc
rio-cuarto,2024-25,2,-64.417695,-33.689653,5146,2691,2500013,validacion_mnc
rio-cuarto,2024-25,2,-64.741358,-33.301581,3706,1490,1800007,validacion_mnc
rio-cuarto,2024-25,2,-64.840532,-33.233129,3452,1122,1700005,validacion_mnc
rio-cuarto,2024-25,2,-65.11326,-33.615542,4871,110,2400000,validacion_mnc
rio-cuarto,2024-25,2,-64.278905,-33.764842,5425,3206,2700016,validacion_mnc
rio-cuarto,2024-25,2,-64.324719,-33.832485,5676,3036,2800015,validacion_mnc
rio-cuarto,2024-25,2,-64.277558,-33.855123,5760,3211,2800016,validacion_mnc
rio-cuarto,2024-25,2,-64.679374,-33.460313,4295,1720,2100008,validacion_mnc
rio-cuarto,2024-25,2,-64.709827,-33.34982,3885,1607,1900008,validacion_mnc
rio-cuarto,2024-25,2,-64.833256,-32.970641,2478,1149,1200005,validacion_mnc
rio-cuarto,2024-25,2,-64.159519,-32.589306,1063,3649,500018,validacion_mnc
rio-cuarto,2024-25,2,-64.231744,-33.352246,3894,3381,1900016,validacion_mnc
rio-cuarto,2024-25,2,-64.67102,-33.319906,3774,1751,1800008,validacion_mnc
rio-cuarto,2024-25,2,-64.037438,-32.841823,2000,4102,1000020,validacion_mnc
rio-cuarto,2024-25,2,-64.995222,-33.242292,3486,548,1700002,validacion_mnc
rio-cuarto,2024-25,2,-64.47375,-32.713813,1525,2483,700012,validacion_mnc
rio-cuarto,2024-25,2,-64.701742,-33.45142,4262,1637,2100008,validacion_mnc
rio-cuarto,2024-25,2,-64.403681,-32.778761,1766,2743,800013,validacion_mnc
rio-cuarto,2024-25,2,-64.828405,-33.238249,3471,1167,1700005,validacion_mnc
rio-cuarto,2024-25,2,-65.01732,-33.192705,3302,466,1600002,validacion_mnc
rio-cuarto,2024-25,2,-65.087928,-33.749211,5367,204,2600001,validacion_mnc
rio-cuarto,2024-25,2,-64.393171,-32.999747,2586,2782,1200013,validacion_mnc
rio-cuarto,2024-25,2,-64.595292,-32.99813,2580,2032,1200010,validacion_mnc
rio-cuarto,2024-25,2,-64.1323,-32.992201,2558,3750,1200018,validacion_mnc
rio-cuarto,2024-25,2,-64.110202,-34.085001,6613,3832,3300019,validacion_mnc
rio-cuarto,2024-25,2,-64.827866,-33.086524,2908,1169,1400005,validacion_mnc
rio-cuarto,2024-25,2,-64.575888,-32.971719,2482,2104,1200010,validacion_mnc
rio-cuarto,2024-25,2,-64.296422,-33.800146,5556,3141,2700015,validacion_mnc
rio-cuarto,2024-25,2,-65.074453,-33.709056,5218,254,2600001,validacion_mnc
rio-cuarto,2024-25,2,-65.013278,-33.308857,3733,481,1800002,validacion_mnc
rio-cuarto,2024-25,2,-64.374845,-33.994451,6277,2850,3100014,validacion_mnc
rio-cuarto,2024-25,2,-64.864786,-33.609613,4849,1032,2400005,validacion_mnc
rio-cuarto,2024-25,2,-64.087834,-33.416116,4131,3915,2000019,validacion_mnc
rio-cuarto,2024-25,2,-64.374845,-32.767712,1725,2850,800014,validacion_mnc
rio-cuarto,2024-25,2,-64.851851,-33.503163,4454,1080,2200005,validacion_mnc
rio-cuarto,2024-25,2,-64.103195,-32.92348,2303,3858,1100019,validacion_mnc
rio-cuarto,2024-25,2,-64.263544,-33.907404,5954,3263,2900016,validacion_mnc
rio-cuarto,2024-25,2,-64.626823,-33.766998,5433,1915,2700009,validacion_mnc
rio-cuarto,2024-25,2,-64.246835,-33.368415,3954,3325,1900016,validacion_mnc
rio-cuarto,2024-25,2,-64.50582,-33.119672,3031,2364,1500011,validacion_mnc
rio-cuarto,2024-25,2,-64.350591,-33.201059,3333,2940,1600014,validacion_mnc
rio-cuarto,2024-25,2,-65.046695,-33.946751,6100,357,3000001,validacion_mnc
rio-cuarto,2024-25,2,-64.196979,-33.155784,3165,3510,1500017,validacion_mnc
rio-cuarto,2024-25,2,-64.308819,-33.377848,3989,3095,1900015,validacion_mnc
rio-cuarto,2024-25,2,-64.817625,-33.359252,3920,1207,1900006,validacion_mnc
rio-cuarto,2024-25,2,-64.802264,-33.692617,5157,1264,2500006,validacion_mnc
rio-cuarto,2024-25,2,-65.067177,-33.347934,3878,281,1900001,validacion_mnc
rio-cuarto,2024-25,2,-64.625745,-33.18462,3272,1919,1600009,validacion_mnc
rio-cuarto,2024-25,2,-64.406376,-33.688575,5142,2733,2500013,validacion_mnc
rio-cuarto,2024-25,2,-64.842149,-33.096765,2946,1116,1400005,validacion_mnc
rio-cuarto,2024-25,2,-64.951025,-33.978821,6219,712,3100003,validacion_mnc
rio-cuarto,2024-25,2,-65.035646,-33.939474,6073,398,3000001,validacion_mnc
rio-cuarto,2024-25,2,-64.854276,-34.008195,6328,1071,3100005,validacion_mnc
rio-cuarto,2024-25,2,-64.160058,-32.833469,1969,3647,900018,validacion_mnc
rio-cuarto,2024-25,2,-64.617121,-33.715255,5241,1951,2600009,validacion_mnc
rio-cuarto,2024-25,2,-64.492614,-32.552386,926,2413,400012,validacion_mnc
rio-cuarto,2024-25,2,-64.401795,-33.844073,5719,2750,2800013,validacion_mnc
rio-cuarto,2024-25,2,-64.816547,-33.379465,3995,1211,1900006,validacion_mnc
rio-cuarto,2024-25,2,-64.865595,-33.074936,2865,1029,1400005,validacion_mnc
rio-cuarto,2024-25,2,-64.247105,-33.260348,3553,3324,1700016,validacion_mnc
rio-cuarto,2024-25,2,-65.129969,-33.357097,3912,48,1900000,validacion_mnc
rio-cuarto,2024-25,2,-64.385086,-33.982054,6231,2812,3100014,validacion_mnc
rio-cuarto,2024-25,2,-64.800108,-33.726304,5282,1272,2600006,validacion_mnc
rio-cuarto,2024-25,2,-64.748095,-33.852428,5750,1465,2800007,validacion_mnc
rio-cuarto,2024-25,2,-64.071394,-34.013855,6349,3976,3100019,validacion_mnc
rio-cuarto,2024-25,2,-64.781782,-33.191896,3299,1340,1600006,validacion_mnc
rio-cuarto,2024-25,2,-64.192667,-32.799243,1842,3526,900017,validacion_mnc
rio-cuarto,2024-25,2,-63.905116,-33.550055,4628,4593,2300022,validacion_mnc
rio-cuarto,2024-25,2,-64.070047,-32.887906,2171,3981,1000019,validacion_mnc
rio-cuarto,2024-25,2,-65.07607,-33.711212,5226,248,2600001,validacion_mnc
rio-cuarto,2024-25,2,-64.968542,-33.852158,5749,647,2800003,validacion_mnc
rio-cuarto,2024-25,2,-64.59637,-33.802841,5566,2028,2700010,validacion_mnc
rio-cuarto,2024-25,2,-64.104542,-32.457793,575,3853,200019,validacion_mnc
rio-cuarto,2024-25,2,-64.371072,-34.133241,6792,2864,3300014,validacion_mnc
rio-cuarto,2024-25,2,-64.461084,-32.749386,1657,2530,800012,validacion_mnc
rio-cuarto,2024-25,2,-64.614965,-32.930487,2329,1959,1100009,validacion_mnc
rio-cuarto,2024-25,2,-64.866134,-33.453576,4270,1027,2100005,validacion_mnc
rio-cuarto,2024-25,2,-64.865595,-33.239597,3476,1029,1700005,validacion_mnc
rio-cuarto,2024-25,2,-64.652155,-33.213725,3380,1821,1600009,validacion_mnc
rio-cuarto,2024-25,2,-64.27109,-33.166025,3203,3235,1600016,validacion_mnc
rio-cuarto,2024-25,2,-64.547591,-33.23798,3470,2209,1700011,validacion_mnc
rio-cuarto,2024-25,2,-64.386973,-33.671866,5080,2805,2500014,validacion_mnc
rio-cuarto,2024-25,2,-64.829752,-33.234746,3458,1162,1700005,validacion_mnc
rio-cuarto,2024-25,2,-64.477792,-32.925097,2309,2468,1100012,validacion_mnc
rio-cuarto,2024-25,2,-64.426049,-34.147255,6844,2660,3400013,validacion_mnc
rio-cuarto,2024-25,2,-64.146583,-32.950968,2405,3697,1200018,validacion_mnc
rio-cuarto,2024-25,2,-64.173802,-33.136919,3095,3596,1500017,validacion_mnc
rio-cuarto,2024-25,2,-64.99603,-33.274362,3605,545,1800002,validacion_mnc
rio-cuarto,2024-25,2,-64.213688,-33.041249,2740,3448,1300017,validacion_mnc
rio-cuarto,2024-25,2,-64.053608,-32.60332,1115,4042,500020,validacion_mnc
rio-cuarto,2024-25,2,-64.792831,-33.791522,5524,1299,2700006,validacion_mnc
rio-cuarto,2024-25,2,-64.099691,-33.391053,4038,3871,2000019,validacion_mnc
rio-cuarto,2024-25,2,-64.039864,-32.84344,2006,4093,1000020,validacion_mnc
rio-cuarto,2024-25,2,-64.480487,-32.951507,2407,2458,1200012,validacion_mnc
rio-cuarto,2024-25,2,-64.960996,-33.839492,5702,675,2800003,validacion_mnc
rio-cuarto,2024-25,2,-64.84161,-33.734389,5312,1118,2600005,validacion_mnc
rio-cuarto,2024-25,2,-64.97501,-33.981515,6229,623,3100003,validacion_mnc
rio-cuarto,2024-25,2,-64.929465,-33.43498,4201,792,2100003,validacion_mnc
rio-cuarto,2024-25,2,-64.136343,-32.828618,1951,3735,900018,validacion_mnc
rio-cuarto,2024-25,2,-64.699586,-34.001728,6304,1645,3100008,validacion_mnc
rio-cuarto,2024-25,2,-64.730848,-33.842995,5715,1529,2800007,validacion_mnc
rio-cuarto,2024-25,2,-64.997378,-33.250107,3515,540,1700002,validacion_mnc
rio-cuarto,2024-25,2,-64.81466,-33.751906,5377,1218,2600006,validacion_mnc
rio-cuarto,2024-25,2,-64.45758,-33.002711,2597,2543,1200012,validacion_mnc
rio-cuarto,2024-25,2,-64.407454,-32.661531,1331,2729,600013,validacion_mnc
rio-cuarto,2024-25,2,-64.424432,-33.420428,4147,2666,2000013,validacion_mnc
rio-cuarto,2024-25,2,-64.382661,-33.782628,5491,2821,2700014,validacion_mnc
rio-cuarto,2024-25,2,-64.234169,-34.049159,6480,3372,3200016,validacion_mnc
rio-cuarto,2024-25,2,-65.051816,-33.929234,6035,338,3000001,validacion_mnc
rio-cuarto,2024-25,2,-64.866673,-33.225314,3423,1025,1700005,validacion_mnc
rio-cuarto,2024-25,2,-64.579122,-33.743282,5345,2092,2600010,validacion_mnc
rio-cuarto,2024-25,2,-64.20183,-33.150125,3144,3492,1500017,validacion_mnc
rio-cuarto,2024-25,2,-65.009775,-33.351976,3893,494,1900002,validacion_mnc
rio-cuarto,2024-25,2,-64.068699,-32.870389,2106,3986,1000019,validacion_mnc
rio-cuarto,2024-25,2,-64.37754,-33.283525,3639,2840,1800014,validacion_mnc
rio-cuarto,2024-25,2,-64.152512,-32.812448,1891,3675,900018,validacion_mnc
rio-cuarto,2024-25,2,-64.541123,-32.984655,2530,2233,1200011,validacion_mnc
rio-cuarto,2024-25,2,-64.203716,-32.763669,1710,3485,800017,validacion_mnc
rio-cuarto,2024-25,2,-64.315557,-33.198095,3322,3070,1600015,validacion_mnc
rio-cuarto,2024-25,2,-64.134456,-33.66459,5053,3742,2500018,validacion_mnc
rio-cuarto,2024-25,2,-64.387512,-33.364103,3938,2803,1900014,validacion_mnc
rio-cuarto,2024-25,2,-64.133109,-32.58742,1056,3747,500018,validacion_mnc
rio-cuarto,2024-25,2,-64.84673,-34.014933,6353,1099,3100005,validacion_mnc
rio-cuarto,2024-25,2,-64.832986,-33.238249,3471,1150,1700005,validacion_mnc
rio-cuarto,2024-25,2,-64.893083,-33.441448,4225,927,2100004,validacion_mnc
rio-cuarto,2024-25,2,-64.165448,-34.024635,6389,3627,3100018,validacion_mnc
rio-cuarto,2024-25,2,-64.180001,-33.009449,2622,3573,1300017,validacion_mnc
rio-cuarto,2024-25,2,-64.501508,-32.974414,2492,2380,1200011,validacion_mnc
rio-cuarto,2024-25,2,-64.871254,-33.431208,4187,1008,2000005,validacion_mnc
rio-cuarto,2024-25,2,-64.712253,-33.855392,5761,1598,2800007,validacion_mnc
rio-cuarto,2024-25,2,-64.72438,-33.790444,5520,1553,2700007,validacion_mnc
rio-cuarto,2024-25,2,-64.283217,-33.423392,4158,3190,2000015,validacion_mnc
rio-cuarto,2024-25,2,-64.652155,-33.719028,5255,1821,2600009,validacion_mnc
rio-cuarto,2024-25,2,-64.512288,-33.153089,3155,2340,1500011,validacion_mnc
rio-cuarto,2024-25,3,-64.800108,-33.912525,5973,1272,2900006,entrenamiento
rio-cuarto,2024-25,3,-64.144158,-33.73924,5330,3706,2600018,entrenamiento
rio-cuarto,2024-25,3,-64.085139,-32.612752,1150,3925,500019,entrenamiento
rio-cuarto,2024-25,3,-64.490458,-33.176805,3243,2421,1600012,entrenamiento
rio-cuarto,2024-25,3,-64.085947,-32.611136,1144,3922,500019,entrenamiento
rio-cuarto,2024-25,3,-63.943115,-33.498581,4437,4452,2200022,entrenamiento
rio-cuarto,2024-25,3,-63.985965,-33.228278,3434,4293,1700021,entrenamiento
rio-cuarto,2024-25,3,-64.101578,-32.606015,1125,3864,500019,entrenamiento
rio-cuarto,2024-25,3,-64.134995,-33.31802,3767,3740,1800018,entrenamiento
rio-cuarto,2024-25,3,-64.08999,-32.61949,1175,3907,500019,entrenamiento
rio-cuarto,2024-25,3,-63.943115,-33.494808,4423,4452,2200022,entrenamiento
rio-cuarto,2024-25,3,-64.483182,-33.559217,4662,2448,2300012,entrenamiento
rio-cuarto,2024-25,3,-64.115053,-34.162616,6901,3814,3400019,entrenamiento
rio-cuarto,2024-25,3,-64.096727,-32.614908,1158,3882,500019,entrenamiento
rio-cuarto,2024-25,3,-64.598526,-33.940283,6076,2020,3000010,entrenamiento
rio-cuarto,2024-25,3,-64.110741,-32.612483,1149,3830,500019,entrenamiento
rio-cuarto,2024-25,3,-64.194284,-32.575023,1010,3520,500017,entrenamiento
rio-cuarto,2024-25,3,-63.947427,-33.492922,4416,4436,2200022,entrenamiento
rio-cuarto,2024-25,3,-64.604724,-33.946212,6098,1997,3000009,entrenamiento
rio-cuarto,2024-25,3,-64.819511,-33.474057,4346,1200,2100006,entrenamiento
rio-cuarto,2024-25,3,-64.401525,-32.397157,350,2751,100013,entrenamiento
rio-cuarto,2024-25,3,-63.953895,-33.213995,3381,4412,1600022,entrenamiento
rio-cuarto,2024-25,3,-64.188625,-33.104311,2974,3541,1400017,entrenamiento
rio-cuarto,2024-25,3,-64.407724,-32.884403,2158,2728,1000013,entrenamiento
rio-cuarto,2024-25,3,-64.477523,-33.564338,4681,2469,2300012,entrenamiento
rio-cuarto,2024-25,3,-64.086217,-32.620837,1180,3921,500019,entrenamiento
rio-cuarto,2024-25,3,-64.124215,-34.166928,6917,3780,3400018,entrenamiento
rio-cuarto,2024-25,3,-64.390207,-33.4781,4361,2793,2100013,entrenamiento
rio-cuarto,2024-25,3,-64.134456,-33.748403,5364,3742,2600018,entrenamiento
rio-cuarto,2024-25,3,-64.354903,-33.755949,5392,2924,2600014,entrenamiento
rio-cuarto,2024-25,3,-64.368377,-33.814698,5610,2874,2800014,entrenamiento
rio-cuarto,2024-25,3,-64.155207,-34.17663,6953,3665,3400018,entrenamiento
rio-cuarto,2024-25,3,-64.099691,-32.609788,1139,3871,500019,entrenamiento
rio-cuarto,2024-25,3,-64.77235,-33.398329,4065,1375,2000006,entrenamiento
rio-cuarto,2024-25,3,-64.268125,-33.991756,6267,3246,3100016,entrenamiento
rio-cuarto,2024-25,3,-64.396674,-33.482412,4377,2769,2100013,entrenamiento
rio-cuarto,2024-25,3,-63.954703,-33.53658,4578,4409,2200022,entrenamiento
rio-cuarto,2024-25,3,-64.935125,-33.672136,5081,771,2500003,entrenamiento
rio-cuarto,2024-25,3,-64.816008,-33.472979,4342,1213,2100006,entrenamiento
rio-cuarto,2024-25,3,-64.112088,-32.600625,1105,3825,500019,entrenamiento
rio-cuarto,2024-25,3,-64.087025,-32.605746,1124,3918,500019,entrenamiento
rio-cuarto,2024-25,3,-64.113975,-32.612752,1150,3818,500019,entrenamiento
rio-cuarto,2024-25,3,-64.106429,-32.611675,1146,3846,500019,entrenamiento
rio-cuarto,2024-25,3,-64.190781,-33.10458,2975,3533,1400017,entrenamiento
rio-cuarto,2024-25,3,-63.955242,-33.216151,3389,4407,1600022,entrenamiento
rio-cuarto,2024-25,3,-64.470785,-33.58428,4755,2494,2300012,entrenamiento
rio-cuarto,2024-25,3,-64.160328,-33.448994,4253,3646,2100018,entrenamiento
rio-cuarto,2024-25,3,-63.959554,-33.533615,4567,4391,2200021,entrenamiento
rio-cuarto,2024-25,3,-64.099961,-32.605746,1124,3870,500019,entrenamiento
rio-cuarto,2024-25,3,-64.32984,-33.743821,5347,3017,2600015,entrenamiento
rio-cuarto,2024-25,3,-64.354094,-33.755679,5391,2927,2600014,entrenamiento
rio-cuarto,2024-25,3,-64.446261,-32.871198,2109,2585,1000012,entrenamiento
rio-cuarto,2024-25,3,-64.103734,-32.608171,1133,3856,500019,entrenamiento
rio-cuarto,2024-25,3,-64.132031,-33.73924,5330,3751,2600018,entrenamiento
rio-cuarto,2024-25,3,-64.08999,-32.620029,1177,3907,500019,entrenamiento
rio-cuarto,2024-25,3,-63.952278,-33.219654,3402,4418,1700022,entrenamiento
rio-cuarto,2024-25,3,-64.090529,-32.617334,1167,3905,500019,entrenamiento
rio-cuarto,2024-25,3,-64.467551,-33.318559,3769,2506,1800012,entrenamiento
rio-cuarto,2024-25,3,-64.368647,-33.812812,5603,2873,2800014,entrenamiento
rio-cuarto,2024-25,3,-63.957129,-33.537119,4580,4400,2200022,entrenamiento
rio-cuarto,2024-25,3,-63.955242,-33.215612,3387,4407,1600022,entrenamiento
rio-cuarto,2024-25,3,-64.101578,-32.60332,1115,3864,500019,entrenamiento
rio-cuarto,2024-25,3,-64.133648,-33.31775,3766,3745,1800018,entrenamiento
rio-cuarto,2024-25,3,-64.374037,-32.813526,1895,2853,900014,entrenamiento
rio-cuarto,2024-25,3,-63.95093,-33.529843,4553,4423,2200022,entrenamiento
rio-cuarto,2024-25,3,-64.271359,-32.78981,1807,3234,900016,entrenamiento
rio-cuarto,2024-25,3,-64.267047,-32.703033,1485,3250,700016,entrenamiento
rio-cuarto,2024-25,3,-64.090259,-32.61922,1174,3906,500019,entrenamiento
rio-cuarto,2024-25,3,-64.057381,-32.445396,529,4028,200020,entrenamiento
rio-cuarto,2024-25,3,-64.536812,-33.869406,5813,2249,2900011,entrenamiento
rio-cuarto,2024-25,3,-64.602838,-33.948637,6107,2004,3000010,entrenamiento
rio-cuarto,2024-25,3,-64.759145,-33.363564,3936,1424,1900007,entrenamiento
rio-cuarto,2024-25,3,-64.482374,-32.628114,1207,2451,600012,entrenamiento
rio-cuarto,2024-25,3,-64.757528,-33.360061,3923,1430,1900007,entrenamiento
rio-cuarto,2024-25,3,-64.109124,-32.607632,1131,3836,500019,entrenamiento
rio-cuarto,2024-25,3,-64.470785,-33.585089,4758,2494,2300012,entrenamiento
rio-cuarto,2024-25,3,-64.352208,-33.417194,4135,2934,2000014,entrenamiento
rio-cuarto,2024-25,3,-64.476714,-33.775352,5464,2472,2700012,entrenamiento
rio-cuarto,2024-25,3,-64.391284,-33.482142,4376,2789,2100013,entrenamiento
rio-cuarto,2024-25,3,-63.950661,-33.492113,4413,4424,2200022,entrenamiento
rio-cuarto,2024-25,3,-63.963866,-33.535771,4575,4375,2200021,entrenamiento
rio-cuarto,2024-25,3,-63.995397,-33.345778,3870,4258,1900021,entrenamiento
rio-cuarto,2024-25,3,-64.097535,-33.569997,4702,3879,2300019,entrenamiento
rio-cuarto,2024-25,3,-64.379696,-32.815682,1903,2832,900014,entrenamiento
rio-cuarto,2024-25,3,-64.232283,-33.107545,2986,3379,1400016,entrenamiento
rio-cuarto,2024-25,3,-64.275132,-33.385663,4018,3220,2000016,entrenamiento
rio-cuarto,2024-25,3,-64.402334,-32.396887,349,2748,100013,entrenamiento
rio-cuarto,2024-25,3,-63.957129,-33.535771,4575,4400,2200022,entrenamiento
rio-cuarto,2024-25,3,-63.953625,-33.219654,3402,4413,1700022,entrenamiento
rio-cuarto,2024-25,3,-64.199404,-32.572328,1000,3501,500017,entrenamiento
rio-cuarto,2024-25,3,-64.201021,-33.370841,3963,3495,1900017,entrenamiento
rio-cuarto,2024-25,3,-64.204794,-33.367337,3950,3481,1900017,entrenamiento
rio-cuarto,2024-25,3,-64.112088,-32.605746,1124,3825,500019,entrenamiento
rio-cuarto,2024-25,3,-64.150087,-34.179594,6964,3684,3400018,entrenamiento
rio-cuarto,2024-25,3,-63.946888,-33.492922,4416,4438,2200022,entrenamiento
rio-cuarto,2024-25,3,-64.775314,-33.396443,4058,1364,2000006,entrenamiento
rio-cuarto,2024-25,3,-64.394788,-32.598739,1098,2776,500013,entrenamiento
rio-cuarto,2024-25,3,-64.139307,-33.741665,5339,3724,2600018,entrenamiento
rio-cuarto,2024-25,3,-64.199674,-34.151836,6861,3500,3400017,entrenamiento
rio-cuarto,2024-25,3,-64.099691,-32.612213,1148,3871,500019,entrenamiento
rio-cuarto,2024-25,3,-64.36703,-33.422045,4153,2879,2000014,entrenamiento
rio-cuarto,2024-25,3,-64.134995,-33.747325,5360,3740,2600018,entrenamiento
rio-cuarto,2024-25,3,-63.996205,-33.343891,3863,4255,1900021,entrenamiento
rio-cuarto,2024-25,3,-64.269473,-32.707345,1501,3241,700016,entrenamiento
rio-cuarto,2024-25,3,-64.352747,-33.753793,5384,2932,2600014,entrenamiento
rio-cuarto,2024-25,3,-64.774236,-33.395095,4053,1368,2000006,entrenamiento
rio-cuarto,2024-25,3,-64.099961,-32.617873,1169,3870,500019,entrenamiento
rio-cuarto,2024-25,3,-64.097535,-34.162616,6901,3879,3400019,entrenamiento
rio-cuarto,2024-25,3,-63.949313,-33.498581,4437,4429,2200022,entrenamiento
rio-cuarto,2024-25,3,-64.578314,-32.667729,1354,2095,600010,entrenamiento
rio-cuarto,2024-25,3,-64.270551,-32.789271,1805,3237,900016,entrenamiento
rio-cuarto,2024-25,3,-64.189972,-33.102694,2968,3536,1400017,entrenamiento
rio-cuarto,2024-25,3,-64.447339,-32.881169,2146,2581,1000012,entrenamiento
rio-cuarto,2024-25,3,-64.134187,-33.749481,5368,3743,2600018,entrenamiento
rio-cuarto,2024-25,3,-64.375384,-32.819185,1916,2848,900014,entrenamiento
rio-cuarto,2024-25,3,-64.175419,-33.235554,3461,3590,1700017,entrenamiento
rio-cuarto,2024-25,3,-64.40422,-32.883325,2154,2741,1000013,entrenamiento
rio-cuarto,2024-25,3,-64.069777,-32.996513,2574,3982,1200019,entrenamiento
rio-cuarto,2024-25,3,-64.129875,-33.750559,5372,3759,2600018,entrenamiento
rio-cuarto,2024-25,3,-64.331187,-33.741935,5340,3012,2600015,entrenamiento
rio-cuarto,2024-25,3,-64.270281,-32.706267,1497,3238,700016,entrenamiento
rio-cuarto,2024-25,3,-63.958476,-33.536849,4579,4395,2200021,entrenamiento
rio-cuarto,2024-25,3,-63.958746,-33.479986,4368,4394,2100021,entrenamiento
rio-cuarto,2024-25,3,-64.27621,-33.383507,4010,3216,2000016,entrenamiento
rio-cuarto,2024-25,3,-64.466204,-33.322871,3785,2511,1800012,entrenamiento
rio-cuarto,2024-25,3,-64.444105,-32.869311,2102,2593,1000012,entrenamiento
rio-cuarto,2024-25,3,-64.100769,-33.56865,4697,3867,2300019,entrenamiento
rio-cuarto,2024-25,3,-64.100769,-34.163424,6904,3867,3400019,entrenamiento
rio-cuarto,2024-25,3,-63.948505,-33.490496,4407,4432,2200022,entrenamiento
rio-cuarto,2024-25,3,-64.103464,-32.613561,1153,3857,500019,entrenamiento
rio-cuarto,2024-25,3,-64.586938,-33.345239,3868,2063,1900010,entrenamiento
rio-cuarto,2024-25,3,-64.086486,-32.61949,1175,3920,500019,entrenamiento
rio-cuarto,2024-25,3,-64.104542,-32.611944,1147,3853,500019,entrenamiento
rio-cuarto,2024-25,3,-64.379696,-32.817299,1909,2832,900014,entrenamiento
rio-cuarto,2024-25,3,-64.145236,-34.173935,6943,3702,3400018,entrenamiento
rio-cuarto,2024-25,3,-63.944462,-33.528765,4549,4447,2200022,entrenamiento
rio-cuarto,2024-25,3,-64.467551,-33.324488,3791,2506,1800012,entrenamiento
rio-cuarto,2024-25,3,-64.0846,-32.606824,1128,3927,500019,entrenamiento
rio-cuarto,2024-25,3,-64.776662,-33.907135,5953,1359,2900006,entrenamiento
rio-cuarto,2024-25,3,-64.795526,-33.910369,5965,1289,2900006,entrenamiento
rio-cuarto,2024-25,3,-64.269742,-32.786307,1794,3240,800016,entrenamiento
rio-cuarto,2024-25,3,-64.137151,-34.042691,6456,3732,3200018,entrenamiento
rio-cuarto,2024-25,3,-64.140924,-33.737084,5322,3718,2600018,entrenamiento
rio-cuarto,2024-25,3,-64.408532,-32.884403,2158,2725,1000013,entrenamiento
rio-cuarto,2024-25,3,-64.101039,-32.613561,1153,3866,500019,entrenamiento
rio-cuarto,2024-25,3,-64.10589,-32.604668,1120,3848,500019,entrenamiento
rio-cuarto,2024-25,3,-64.389398,-33.478639,4363,2796,2100013,entrenamiento
rio-cuarto,2024-25,3,-64.139038,-33.318289,3768,3725,1800018,entrenamiento
rio-cuarto,2024-25,3,-64.099961,-32.615717,1161,3870,500019,entrenamiento
rio-cuarto,2024-25,3,-63.962788,-33.535771,4575,4379,2200021,entrenamiento
rio-cuarto,2024-25,3,-64.468629,-33.585089,4758,2502,2300012,entrenamiento
rio-cuarto,2024-25,3,-64.759414,-33.361947,3930,1423,1900007,entrenamiento
rio-cuarto,2024-25,3,-64.365413,-33.421775,4152,2885,2000014,entrenamiento
rio-cuarto,2024-25,3,-63.946888,-33.53631,4577,4438,2200022,entrenamiento
rio-cuarto,2024-25,3,-64.101308,-32.60898,1136,3865,500019,entrenamiento
rio-cuarto,2024-25,3,-64.084869,-32.613291,1152,3926,500019,entrenamiento
rio-cuarto,2024-25,3,-64.087564,-32.613022,1151,3916,500019,entrenamiento
rio-cuarto,2024-25,3,-64.384817,-33.476752,4356,2813,2100014,entrenamiento
rio-cuarto,2024-25,3,-64.360562,-33.814429,5609,2903,2800014,entrenamiento
rio-cuarto,2024-25,3,-64.197248,-32.573406,1004,3509,500017,entrenamiento
rio-cuarto,2024-25,3,-64.789058,-33.908752,5959,1313,2900006,entrenamiento
rio-cuarto,2024-25,3,-64.368647,-33.81389,5607,2873,2800014,entrenamiento
rio-cuarto,2024-25,3,-64.088912,-32.620837,1180,3911,500019,entrenamiento
rio-cuarto,2024-25,3,-64.197518,-32.57125,996,3508,400017,entrenamiento
rio-cuarto,2024-25,3,-64.444105,-32.870928,2108,2593,1000012,entrenamiento
rio-cuarto,2024-25,3,-63.949583,-33.534424,4570,4428,2200022,entrenamiento
rio-cuarto,2024-25,3,-64.39344,-33.475135,4350,2781,2100013,entrenamiento
rio-cuarto,2024-25,3,-64.370264,-33.422584,4155,2867,2000014,entrenamiento
rio-cuarto,2024-25,3,-64.101847,-32.617603,1168,3863,500019,entrenamiento
rio-cuarto,2024-25,3,-64.271629,-32.784151,1786,3233,800016,entrenamiento
rio-cuarto,2024-25,3,-64.579122,-32.66746,1353,2092,600010,entrenamiento
rio-cuarto,2024-25,3,-64.104273,-33.918184,5994,3854,2900019,entrenamiento
rio-cuarto,2024-25,3,-65.046156,-33.323949,3789,359,1800001,entrenamiento
rio-cuarto,2024-25,3,-64.149009,-34.180133,6966,3688,3400018,entrenamiento
rio-cuarto,2024-25,3,-64.410419,-32.884403,2158,2718,1000013,entrenamiento
rio-cuarto,2024-25,3,-63.956051,-33.240944,3481,4404,1700022,entrenamiento
rio-cuarto,2024-25,3,-64.380774,-32.816221,1905,2828,900014,entrenamiento
rio-cuarto,2024-25,3,-63.995666,-33.34443,3865,4257,1900021,entrenamiento
rio-cuarto,2024-25,3,-64.104542,-32.602512,1112,3853,500019,entrenamiento
rio-cuarto,2024-25,3,-63.945271,-33.53658,4578,4444,2200022,entrenamiento
rio-cuarto,2024-25,3,-64.406915,-32.880091,2142,2731,1000013,entrenamiento
rio-cuarto,2024-25,3,-64.123407,-34.168006,6921,3783,3400018,entrenamiento
rio-cuarto,2024-25,3,-64.603646,-33.946751,6100,2001,3000010,entrenamiento
rio-cuarto,2024-25,3,-64.106968,-32.60359,1116,3844,500019,entrenamiento
rio-cuarto,2024-25,3,-63.956859,-33.53119,4558,4401,2200022,entrenamiento
rio-cuarto,2024-25,3,-64.187008,-32.844787,2011,3547,1000017,entrenamiento
rio-cuarto,2024-25,3,-63.957398,-33.221541,3409,4399,1700021,entrenamiento
rio-cuarto,2024-25,3,-64.360832,-33.81389,5607,2902,2800014,entrenamiento
rio-cuarto,2024-25,3,-63.994858,-33.349012,3882,4260,1900021,entrenamiento
rio-cuarto,2024-25,3,-63.994049,-33.34982,3885,4263,1900021,entrenamiento
rio-cuarto,2024-25,3,-64.773158,-33.390783,4037,1372,2000006,entrenamiento
rio-cuarto,2024-25,3,-63.949583,-33.496964,4431,4428,2200022,entrenamiento
rio-cuarto,2024-25,3,-64.510671,-33.358444,3917,2346,1900011,entrenamiento
rio-cuarto,2024-25,3,-64.072203,-32.995974,2572,3973,1200019,entrenamiento
rio-cuarto,2024-25,3,-64.103464,-32.665304,1345,3857,600019,entrenamiento
rio-cuarto,2024-25,3,-64.11128,-32.609249,1137,3828,500019,entrenamiento
rio-cuarto,2024-25,3,-64.157902,-33.357097,3912,3655,1900018,entrenamiento
rio-cuarto,2024-25,3,-64.146583,-33.741935,5340,3697,2600018,entrenamiento
rio-cuarto,2024-25,3,-64.444375,-32.871198,2109,2592,1000012,entrenamiento
rio-cuarto,2024-25,3,-64.451112,-32.882247,2150,2567,1000012,entrenamiento
rio-cuarto,2024-25,3,-64.102117,-34.16046,6893,3862,3400019,entrenamiento
rio-cuarto,2024-25,3,-64.190781,-33.102424,2967,3533,1400017,entrenamiento
rio-cuarto,2024-25,3,-64.126102,-34.169084,6925,3773,3400018,entrenamiento
rio-cuarto,2024-25,3,-64.257615,-32.787385,1798,3285,800016,entrenamiento
rio-cuarto,2024-25,3,-63.965214,-33.533346,4566,4370,2200021,entrenamiento
rio-cuarto,2024-25,3,-64.150626,-34.044847,6464,3682,3200018,entrenamiento
rio-cuarto,2024-25,3,-64.790406,-33.908752,5959,1308,2900006,entrenamiento
rio-cuarto,2024-25,3,-64.60176,-33.941361,6080,2008,3000010,entrenamiento
rio-cuarto,2024-25,3,-64.101578,-32.612752,1150,3864,500019,entrenamiento
rio-cuarto,2024-25,3,-64.139846,-33.317481,3765,3722,1800018,entrenamiento
rio-cuarto,2024-25,3,-64.785286,-33.905249,5946,1327,2900006,entrenamiento
rio-cuarto,2024-25,3,-64.200752,-32.54996,917,3496,400017,entrenamiento
rio-cuarto,2024-25,3,-64.183504,-32.843709,2007,3560,1000017,entrenamiento
rio-cuarto,2024-25,3,-64.277827,-32.707884,1503,3210,700016,entrenamiento
rio-cuarto,2024-25,3,-63.944732,-33.53146,4559,4446,2200022,entrenamiento
rio-cuarto,2024-25,3,-63.945271,-33.495617,4426,4444,2200022,entrenamiento
rio-cuarto,2024-25,3,-63.944732,-33.495886,4427,4446,2200022,entrenamiento
rio-cuarto,2024-25,3,-64.385895,-33.482951,4379,2809,2100014,entrenamiento
rio-cuarto,2024-25,3,-64.103195,-33.56838,4696,3858,2300019,entrenamiento
rio-cuarto,2024-25,3,-64.110202,-32.607632,1131,3832,500019,entrenamiento
rio-cuarto,2024-25,3,-64.362179,-33.381082,4001,2897,2000014,entrenamiento
rio-cuarto,2024-25,3,-63.961441,-33.537388,4581,4384,2200021,entrenamiento
rio-cuarto,2024-25,3,-64.147392,-34.178786,6961,3694,3400018,entrenamiento
rio-cuarto,2024-25,3,-63.947966,-33.532268,4562,4434,2200022,entrenamiento
rio-cuarto,2024-25,3,-64.268934,-32.784421,1787,3243,800016,entrenamiento
rio-cuarto,2024-25,3,-64.136073,-33.736814,5321,3736,2600018,entrenamiento
rio-cuarto,2024-25,3,-63.958207,-33.535232,4573,4396,2200021,entrenamiento
rio-cuarto,2024-25,3,-64.095918,-32.618412,1171,3885,500019,entrenamiento
rio-cuarto,2024-25,3,-64.128258,-33.750289,5371,3765,2600018,entrenamiento
rio-cuarto,2024-25,3,-64.423624,-33.041249,2740,2669,1300013,entrenamiento
rio-cuarto,2024-25,3,-64.374306,-32.817029,1908,2852,900014,entrenamiento
rio-cuarto,2024-25,3,-64.780974,-33.395904,4056,1343,2000006,entrenamiento
rio-cuarto,2024-25,3,-64.193745,-32.573137,1003,3522,500017,entrenamiento
rio-cuarto,2024-25,3,-64.268664,-33.993912,6275,3244,3100016,entrenamiento
rio-cuarto,2024-25,3,-64.272437,-32.709501,1509,3230,700016,entrenamiento
rio-cuarto,2024-25,3,-63.957937,-33.219115,3400,4397,1700021,entrenamiento
rio-cuarto,2024-25,3,-64.10589,-32.614639,1157,3848,500019,entrenamiento
rio-cuarto,2024-25,3,-64.099422,-32.612213,1148,3872,500019,entrenamiento
rio-cuarto,2024-25,3,-64.60176,-33.94702,6101,2008,3000010,entrenamiento
rio-cuarto,2024-25,3,-64.263005,-32.785768,1792,3265,800016,entrenamiento
rio-cuarto,2024-25,3,-63.895953,-33.615272,4870,4627,2400023,entrenamiento
rio-cuarto,2024-25,3,-64.113975,-32.610058,1140,3818,500019,entrenamiento
rio-cuarto,2024-25,3,-63.984348,-33.236093,3463,4299,1700021,entrenamiento
rio-cuarto,2024-25,3,-64.388859,-33.483489,4381,2798,2100013,entrenamiento
rio-cuarto,2024-25,3,-64.14847,-34.178247,6959,3690,3400018,entrenamiento
rio-cuarto,2024-25,3,-64.378618,-32.81649,1906,2836,900014,entrenamiento
rio-cuarto,2024-25,3,-63.954164,-33.216959,3392,4411,1600022,entrenamiento
rio-cuarto,2024-25,3,-64.274054,-33.382968,4008,3224,2000016,entrenamiento
rio-cuarto,2024-25,3,-64.102925,-32.611136,1144,3859,500019,entrenamiento
rio-cuarto,2024-25,3,-64.467821,-33.3288,3807,2505,1900012,entrenamiento
rio-cuarto,2024-25,3,-64.600951,-33.945403,6095,2011,3000010,entrenamiento
rio-cuarto,2024-25,3,-64.274054,-33.384046,4012,3224,2000016,entrenamiento
rio-cuarto,2024-25,3,-64.274324,-33.382968,4008,3223,2000016,entrenamiento
rio-cuarto,2024-25,3,-63.961441,-33.530112,4554,4384,2200021,entrenamiento
rio-cuarto,2024-25,3,-64.279175,-33.390244,4035,3205,2000016,entrenamiento
rio-cuarto,2024-25,3,-63.960363,-33.531999,4561,4388,2200021,entrenamiento
rio-cuarto,2024-25,3,-64.135265,-33.743013,5344,3739,2600018,entrenamiento
rio-cuarto,2024-25,3,-64.13769,-33.742743,5343,3730,2600018,entrenamiento
rio-cuarto,2024-25,3,-64.17515,-33.729808,5295,3591,2600017,entrenamiento
rio-cuarto,2024-25,3,-63.947427,-33.534693,4571,4436,2200022,entrenamiento
rio-cuarto,2024-25,3,-64.397483,-33.484028,4383,2766,2100013,entrenamiento
rio-cuarto,2024-25,3,-64.108315,-34.159382,6889,3839,3400019,entrenamiento
rio-cuarto,2024-25,3,-64.219077,-33.587784,4768,3428,2300017,entrenamiento
rio-cuarto,2024-25,3,-64.134456,-33.740857,5336,3742,2600018,entrenamiento
rio-cuarto,2024-25,3,-64.134995,-33.740857,5336,3740,2600018,entrenamiento
rio-cuarto,2024-25,3,-64.779087,-33.007293,2614,1350,1300006,entrenamiento
rio-cuarto,2024-25,3,-64.11128,-32.612213,1148,3828,500019,entrenamiento
rio-cuarto,2024-25,3,-64.447339,-32.867964,2097,2581,1000012,entrenamiento
rio-cuarto,2024-25,3,-64.106159,-32.615986,1162,3847,500019,entrenamiento
rio-cuarto,2024-25,3,-64.37781,-32.818107,1912,2839,900014,entrenamiento
rio-cuarto,2024-25,3,-64.268664,-32.707884,1503,3244,700016,entrenamiento
rio-cuarto,2024-25,3,-64.106698,-32.600086,1103,3845,500019,entrenamiento
rio-cuarto,2024-25,3,-64.093762,-32.613291,1152,3893,500019,entrenamiento
rio-cuarto,2024-25,3,-64.776662,-33.904979,5945,1359,2900006,entrenamiento
rio-cuarto,2024-25,3,-63.944462,-33.530651,4556,4447,2200022,entrenamiento
rio-cuarto,2024-25,3,-64.603646,-33.940822,6078,2001,3000010,entrenamiento
rio-cuarto,2024-25,3,-64.462162,-32.881439,2147,2526,1000012,entrenamiento
rio-cuarto,2024-25,3,-64.119634,-34.17097,6932,3797,3400018,entrenamiento
rio-cuarto,2024-25,3,-64.085408,-32.615986,1162,3924,500019,entrenamiento
rio-cuarto,2024-25,3,-64.45219,-32.881439,2147,2563,1000012,entrenamiento
rio-cuarto,2024-25,3,-64.784747,-33.263312,3564,1329,1700006,entrenamiento
rio-cuarto,2024-25,3,-64.375923,-32.816221,1905,2846,900014,entrenamiento
rio-cuarto,2024-25,3,-63.963866,-33.348473,3880,4375,1900021,entrenamiento
rio-cuarto,2024-25,3,-64.799569,-33.908213,5957,1274,2900006,entrenamiento
rio-cuarto,2024-25,3,-64.966116,-33.358713,3918,656,1900003,entrenamiento
rio-cuarto,2024-25,3,-64.605263,-33.948368,6106,1995,3000009,entrenamiento
rio-cuarto,2024-25,3,-64.540315,-33.337423,3839,2236,1900011,entrenamiento
rio-cuarto,2024-25,3,-63.963866,-33.534154,4569,4375,2200021,entrenamiento
rio-cuarto,2024-25,3,-64.800916,-33.907404,5954,1269,2900006,entrenamiento
rio-cuarto,2024-25,3,-64.129336,-34.167467,6919,3761,3400018,entrenamiento
rio-cuarto,2024-25,3,-64.102656,-32.599817,1102,3860,500019,entrenamiento
rio-cuarto,2024-25,3,-64.481296,-33.560834,4668,2455,2300012,entrenamiento
rio-cuarto,2024-25,3,-64.396405,-32.597391,1093,2770,500013,entrenamiento
rio-cuarto,2024-25,3,-64.375384,-32.816221,1905,2848,900014,entrenamiento
rio-cuarto,2024-25,3,-64.131492,-33.736814,5321,3753,2600018,entrenamiento
rio-cuarto,2024-25,3,-64.101308,-32.611405,1145,3865,500019,entrenamiento
rio-cuarto,2024-25,3,-64.103195,-32.604937,1121,3858,500019,entrenamiento
rio-cuarto,2024-25,3,-64.510132,-33.354402,3902,2348,1900011,entrenamiento
rio-cuarto,2024-25,3,-64.599873,-33.944056,6090,2015,3000010,entrenamiento
rio-cuarto,2024-25,3,-64.393171,-33.476213,4354,2782,2100013,entrenamiento
rio-cuarto,2024-25,3,-64.107507,-34.163694,6905,3842,3400019,entrenamiento
rio-cuarto,2024-25,3,-64.669133,-32.793044,1819,1758,900008,entrenamiento
rio-cuarto,2024-25,3,-64.10562,-32.613022,1151,3849,500019,entrenamiento
rio-cuarto,2024-25,3,-64.565647,-32.849638,2029,2142,1000010,entrenamiento
rio-cuarto,2024-25,3,-63.955242,-33.215342,3386,4407,1600022,entrenamiento
rio-cuarto,2024-25,3,-64.138229,-33.315864,3759,3728,1800018,entrenamiento
rio-cuarto,2024-25,3,-64.108854,-32.60332,1115,3837,500019,entrenamiento
rio-cuarto,2024-25,3,-64.097266,-32.618412,1171,3880,500019,entrenamiento
rio-cuarto,2024-25,3,-64.400717,-33.476483,4355,2754,2100013,entrenamiento
rio-cuarto,2024-25,3,-64.099152,-32.6141,1155,3873,500019,entrenamiento
rio-cuarto,2024-25,3,-64.603916,-33.94163,6081,2000,3000010,entrenamiento
rio-cuarto,2024-25,3,-64.270012,-32.788193,1801,3239,900016,entrenamiento
rio-cuarto,2024-25,3,-64.160058,-33.447647,4248,3647,2100018,entrenamiento
rio-cuarto,2024-25,3,-64.18027,-33.101077,2962,3572,1400017,entrenamiento
rio-cuarto,2024-25,3,-64.27621,-33.382429,4006,3216,2000016,entrenamiento
rio-cuarto,2024-25,3,-64.267856,-33.990948,6264,3247,3100016,entrenamiento
rio-cuarto,2024-25,3,-64.102386,-33.915759,5985,3861,2900019,entrenamiento
rio-cuarto,2024-25,3,-64.216652,-33.591287,4781,3437,2300017,entrenamiento
rio-cuarto,2024-25,3,-64.376732,-32.817838,1911,2843,900014,entrenamiento
rio-cuarto,2024-25,3,-64.115592,-34.162885,6902,3812,3400019,entrenamiento
rio-cuarto,2024-25,3,-64.08433,-32.612483,1149,3928,500019,entrenamiento
rio-cuarto,2024-25,3,-64.131492,-33.751367,5375,3753,2600018,entrenamiento
rio-cuarto,2024-25,3,-64.101578,-32.668538,1357,3864,600019,entrenamiento
rio-cuarto,2024-25,3,-64.103464,-32.605476,1123,3857,500019,entrenamiento
rio-cuarto,2024-25,3,-64.397213,-32.393384,336,2767,100013,entrenamiento
rio-cuarto,2024-25,3,-64.406646,-32.876857,2130,2732,1000013,entrenamiento
rio-cuarto,2024-25,3,-64.08972,-32.609519,1138,3908,500019,entrenamiento
rio-cuarto,2024-25,3,-64.22851,-33.105658,2979,3393,1400016,entrenamiento
rio-cuarto,2024-25,3,-64.475097,-33.56865,4697,2478,2300012,entrenamiento
rio-cuarto,2024-25,3,-63.948235,-33.495886,4427,4433,2200022,entrenamiento
rio-cuarto,2024-25,3,-63.959554,-33.53119,4558,4391,2200021,entrenamiento
rio-cuarto,2024-25,3,-64.769655,-33.399138,4068,1385,2000006,entrenamiento
rio-cuarto,2024-25,3,-63.96198,-33.220463,3405,4382,1700021,entrenamiento
rio-cuarto,2024-25,3,-64.044984,-32.543223,892,4074,400020,entrenamiento
rio-cuarto,2024-25,3,-64.19644,-32.573676,1005,3512,500017,entrenamiento
rio-cuarto,2024-25,3,-63.947427,-33.501276,4447,4436,2200022,entrenamiento
rio-cuarto,2024-25,3,-64.396944,-32.392036,331,2768,100013,entrenamiento
rio-cuarto,2024-25,3,-64.19644,-32.567477,982,3512,400017,entrenamiento
rio-cuarto,2024-25,3,-63.946349,-33.533615,4567,4440,2200022,entrenamiento
rio-cuarto,2024-25,3,-63.954434,-33.219654,3402,4410,1700022,entrenamiento
rio-cuarto,2024-25,3,-64.46836,-33.585628,4760,2503,2300012,entrenamiento
rio-cuarto,2024-25,3,-63.997553,-33.343891,3863,4250,1900021,entrenamiento
rio-cuarto,2024-25,3,-64.567264,-32.848291,2024,2136,1000010,entrenamiento
rio-cuarto,2024-25,3,-64.108046,-33.225583,3424,3840,1700019,entrenamiento
rio-cuarto,2024-25,3,-64.291571,-32.98196,2520,3159,1200015,entrenamiento
rio-cuarto,2024-25,3,-64.144697,-33.736814,5321,3704,2600018,entrenamiento
rio-cuarto,2024-25,3,-64.464857,-33.32341,3787,2516,1800012,entrenamiento
rio-cuarto,2024-25,3,-63.952817,-33.244987,3496,4416,1700022,entrenamiento
rio-cuarto,2024-25,3,-64.279983,-33.390514,4036,3202,2000016,entrenamiento
rio-cuarto,2024-25,3,-64.03636,-34.067215,6547,4106,3200020,entrenamiento
rio-cuarto,2024-25,3,-64.39371,-32.598469,1097,2780,500013,entrenamiento
rio-cuarto,2024-25,3,-64.154668,-34.177438,6956,3667,3400018,entrenamiento
rio-cuarto,2024-25,3,-64.399639,-32.393653,337,2758,100013,entrenamiento
rio-cuarto,2024-25,3,-64.112627,-32.604129,1118,3823,500019,entrenamiento
rio-cuarto,2024-25,3,-64.784208,-33.906596,5951,1331,2900006,entrenamiento
rio-cuarto,2024-25,3,-63.959824,-33.219924,3403,4390,1700021,entrenamiento
rio-cuarto,2024-25,3,-63.947696,-33.532268,4562,4435,2200022,entrenamiento
rio-cuarto,2024-25,3,-63.950661,-33.53119,4558,4424,2200022,entrenamiento
rio-cuarto,2024-25,3,-64.395327,-33.4781,4361,2774,2100013,entrenamiento
rio-cuarto,2024-25,3,-64.083791,-32.605476,1123,3930,500019,entrenamiento
rio-cuarto,2024-25,3,-64.179731,-33.476483,4355,3574,2100017,entrenamiento
rio-cuarto,2024-25,3,-64.386164,-33.476752,4356,2808,2100014,entrenamiento
rio-cuarto,2024-25,3,-64.139846,-33.314516,3754,3722,1800018,entrenamiento
rio-cuarto,2024-25,3,-63.959015,-33.356827,3911,4393,1900021,entrenamiento
rio-cuarto,2024-25,3,-64.381583,-32.816221,1905,2825,900014,entrenamiento
rio-cuarto,2024-25,3,-64.602029,-33.94729,6102,2007,3000010,entrenamiento
rio-cuarto,2024-25,3,-64.390476,-33.476483,4355,2792,2100013,entrenamiento
rio-cuarto,2024-25,3,-64.405029,-32.883056,2153,2738,1000013,entrenamiento
rio-cuarto,2024-25,3,-64.13769,-34.042421,6455,3730,3200018,entrenamiento
rio-cuarto,2024-25,3,-64.393979,-33.4781,4361,2779,2100013,entrenamiento
rio-cuarto,2024-25,3,-64.174341,-33.475405,4351,3594,2100017,entrenamiento
rio-cuarto,2024-25,3,-64.087025,-32.607632,1131,3918,500019,entrenamiento
rio-cuarto,2024-25,3,-64.03663,-34.066945,6546,4105,3200020,entrenamiento
rio-cuarto,2024-25,3,-64.781782,-33.295382,3683,1340,1800006,entrenamiento
rio-cuarto,2024-25,3,-64.60176,-33.942439,6084,2008,3000010,entrenamiento
rio-cuarto,2024-25,3,-64.104003,-32.613561,1153,3855,500019,entrenamiento
rio-cuarto,2024-25,3,-64.770463,-33.395365,4054,1382,2000006,entrenamiento
rio-cuarto,2024-25,3,-64.403951,-32.397696,352,2742,100013,entrenamiento
rio-cuarto,2024-25,3,-64.789867,-33.908482,5958,1310,2900006,entrenamiento
rio-cuarto,2024-25,3,-64.108046,-32.607363,1130,3840,500019,entrenamiento
rio-cuarto,2024-25,3,-64.365413,-33.420428,4147,2885,2000014,entrenamiento
rio-cuarto,2024-25,3,-64.366221,-33.417463,4136,2882,2000014,entrenamiento
rio-cuarto,2024-25,3,-63.964405,-33.535771,4575,4373,2200021,entrenamiento
rio-cuarto,2024-25,3,-64.141463,-33.740857,5336,3716,2600018,entrenamiento
rio-cuarto,2024-25,3,-64.575619,-32.668538,1357,2105,600010,entrenamiento
rio-cuarto,2024-25,3,-63.888677,-33.598564,4808,4654,2400023,entrenamiento
rio-cuarto,2024-25,3,-64.086217,-33.343891,3863,3921,1900019,entrenamiento
rio-cuarto,2024-25,3,-64.785286,-33.906326,5950,1327,2900006,entrenamiento
rio-cuarto,2024-25,3,-64.354633,-33.757565,5398,2925,2600014,entrenamiento
rio-cuarto,2024-25,3,-64.122868,-34.169623,6927,3785,3400018,entrenamiento
rio-cuarto,2024-25,3,-64.108315,-32.610327,1141,3839,500019,entrenamiento
rio-cuarto,2024-25,3,-64.276749,-32.708154,1504,3214,700016,entrenamiento
rio-cuarto,2024-25,3,-64.194284,-33.369493,3958,3520,1900017,entrenamiento
rio-cuarto,2024-25,3,-64.402334,-33.477561,4359,2748,2100013,entrenamiento
rio-cuarto,2024-25,3,-64.765343,-33.353054,3897,1401,1900007,entrenamiento
rio-cuarto,2024-25,3,-64.398291,-32.392036,331,2763,100013,entrenamiento
rio-cuarto,2024-25,3,-64.270551,-32.424106,450,3237,200016,entrenamiento
rio-cuarto,2024-25,3,-63.954434,-33.215342,3386,4410,1600022,entrenamiento
rio-cuarto,2024-25,3,-64.373498,-32.814334,1898,2855,900014,entrenamiento
rio-cuarto,2024-25,3,-63.953625,-33.219115,3400,4413,1700022,entrenamiento
rio-cuarto,2024-25,3,-64.087834,-32.609249,1137,3915,500019,entrenamiento
rio-cuarto,2024-25,3,-64.097805,-32.61383,1154,3878,500019,entrenamiento
rio-cuarto,2024-25,3,-64.800108,-33.911716,5970,1272,2900006,entrenamiento
rio-cuarto,2024-25,3,-64.179462,-33.475674,4352,3575,2100017,entrenamiento
rio-cuarto,2024-25,3,-64.378618,-32.813795,1896,2836,900014,entrenamiento
rio-cuarto,2024-25,3,-64.242793,-32.986541,2537,3340,1200016,entrenamiento
rio-cuarto,2024-25,3,-64.773428,-33.400485,4073,1371,2000006,entrenamiento
rio-cuarto,2024-25,3,-64.109663,-32.609249,1137,3834,500019,entrenamiento
rio-cuarto,2024-25,3,-64.511479,-33.356827,3911,2343,1900011,entrenamiento
rio-cuarto,2024-25,3,-64.160058,-34.030563,6411,3647,3200018,entrenamiento
rio-cuarto,2024-25,3,-64.77208,-33.396712,4059,1376,2000006,entrenamiento
rio-cuarto,2024-25,3,-64.188894,-33.101616,2964,3540,1400017,entrenamiento
rio-cuarto,2024-25,3,-64.393979,-33.475405,4351,2779,2100013,entrenamiento
rio-cuarto,2024-25,3,-64.602299,-33.9419,6082,2006,3000010,entrenamiento
rio-cuarto,2024-25,3,-64.399639,-32.392306,332,2758,100013,entrenamiento
rio-cuarto,2024-25,3,-64.378618,-32.862304,2076,2836,1000014,entrenamiento
rio-cuarto,2024-25,3,-63.946349,-33.492652,4415,4440,2200022,entrenamiento
rio-cuarto,2024-25,3,-64.194823,-34.188487,6997,3518,3400017,entrenamiento
rio-cuarto,2024-25,3,-64.189433,-33.103502,2971,3538,1400017,entrenamiento
rio-cuarto,2024-25,3,-64.185391,-32.844248,2009,3553,1000017,entrenamiento
rio-cuarto,2024-25,3,-64.096996,-33.569458,4700,3881,2300019,entrenamiento
rio-cuarto,2024-25,3,-64.101847,-32.616795,1165,3863,500019,entrenamiento
rio-cuarto,2024-25,3,-64.668864,-32.792505,1817,1759,900008,entrenamiento
rio-cuarto,2024-25,3,-64.108315,-32.609788,1139,3839,500019,entrenamiento
rio-cuarto,2024-25,3,-64.774775,-33.392939,4045,1366,2000006,entrenamiento
rio-cuarto,2024-25,3,-64.360023,-33.816315,5616,2905,2800014,entrenamiento
rio-cuarto,2024-25,3,-63.95659,-33.243909,3492,4402,1700022,entrenamiento
rio-cuarto,2024-25,3,-64.202369,-32.569094,988,3490,400017,entrenamiento
rio-cuarto,2024-25,3,-64.060076,-32.44324,521,4018,200020,entrenamiento
rio-cuarto,2024-25,3,-64.199135,-33.368685,3955,3502,1900017,entrenamiento
rio-cuarto,2024-25,3,-64.086756,-32.622185,1185,3919,500019,entrenamiento
rio-cuarto,2024-25,3,-64.133917,-33.314247,3753,3744,1800018,entrenamiento
rio-cuarto,2024-25,3,-64.160867,-33.450072,4257,3644,2100018,entrenamiento
rio-cuarto,2024-25,3,-64.098613,-32.614639,1157,3875,500019,entrenamiento
rio-cuarto,2024-25,3,-63.888947,-33.599911,4813,4653,2400023,entrenamiento
rio-cuarto,2024-25,3,-63.945271,-33.502085,4450,4444,2200022,entrenamiento
rio-cuarto,2024-25,3,-64.145775,-33.739509,5331,3700,2600018,entrenamiento
rio-cuarto,2024-25,3,-63.946888,-33.535232,4573,4438,2200022,entrenamiento
rio-cuarto,2024-25,3,-64.27109,-32.786038,1793,3235,800016,entrenamiento
rio-cuarto,2024-25,3,-64.199674,-34.150758,6857,3500,3400017,entrenamiento
rio-cuarto,2024-25,3,-64.44707,-32.865808,2089,2582,1000012,entrenamiento
rio-cuarto,2024-25,3,-63.954434,-33.530382,4555,4410,2200022,entrenamiento
rio-cuarto,2024-25,3,-64.102386,-34.163963,6906,3861,3400019,entrenamiento
rio-cuarto,2024-25,3,-64.134187,-33.74975,5369,3743,2600018,entrenamiento
rio-cuarto,2024-25,3,-64.091607,-32.609788,1139,3901,500019,entrenamiento
rio-cuarto,2024-25,3,-64.091337,-32.614908,1158,3902,500019,entrenamiento
rio-cuarto,2024-25,3,-64.782591,-33.905788,5948,1337,2900006,entrenamiento
rio-cuarto,2024-25,3,-64.397213,-33.484028,4383,2767,2100013,entrenamiento
rio-cuarto,2024-25,3,-64.270012,-32.705459,1494,3239,700016,entrenamiento
rio-cuarto,2024-25,3,-64.759953,-33.364642,3940,1421,1900007,entrenamiento
rio-cuarto,2024-25,3,-64.401525,-33.476483,4355,2751,2100013,entrenamiento
rio-cuarto,2024-25,3,-64.60149,-33.945673,6096,2009,3000010,entrenamiento
rio-cuarto,2024-25,3,-64.133109,-33.316403,3761,3747,1800018,entrenamiento
rio-cuarto,2024-25,3,-63.985695,-33.230165,3441,4294,1700021,entrenamiento
rio-cuarto,2024-25,3,-64.085678,-32.603859,1117,3923,500019,entrenamiento
rio-cuarto,2024-25,3,-64.187547,-33.102963,2969,3545,1400017,entrenamiento
rio-cuarto,2024-25,3,-64.482374,-33.556792,4653,2451,2300012,entrenamiento
rio-cuarto,2024-25,3,-64.099961,-32.611944,1147,3870,500019,entrenamiento
rio-cuarto,2024-25,3,-64.196979,-32.569633,990,3510,400017,entrenamiento
rio-cuarto,2024-25,3,-63.957398,-33.240675,3480,4399,1700021,entrenamiento
rio-cuarto,2024-25,3,-64.130683,-33.749481,5368,3756,2600018,entrenamiento
rio-cuarto,2024-25,3,-64.087025,-32.612483,1149,3918,500019,entrenamiento
rio-cuarto,2024-25,3,-64.194553,-33.370032,3960,3519,1900017,entrenamiento
rio-cuarto,2024-25,3,-64.292919,-32.981421,2518,3154,1200015,entrenamiento
rio-cuarto,2024-25,3,-64.566725,-32.851794,2037,2138,1000010,entrenamiento
rio-cuarto,2024-25,3,-64.102386,-33.918454,5995,3861,2900019,entrenamiento
rio-cuarto,2024-25,3,-64.089181,-32.608441,1134,3910,500019,entrenamiento
rio-cuarto,2024-25,3,-64.279175,-33.386741,4022,3205,2000016,entrenamiento
rio-cuarto,2024-25,3,-64.103734,-33.568111,4695,3856,2300019,entrenamiento
rio-cuarto,2024-25,3,-64.369455,-33.419619,4144,2870,2000014,entrenamiento
rio-cuarto,2024-25,3,-64.330648,-33.741665,5339,3014,2600015,entrenamiento
rio-cuarto,2024-25,3,-63.997822,-33.343352,3861,4249,1900021,entrenamiento
rio-cuarto,2024-25,3,-64.446531,-32.865808,2089,2584,1000012,entrenamiento
rio-cuarto,2024-25,3,-64.047409,-32.54484,898,4065,400020,entrenamiento
rio-cuarto,2024-25,3,-63.955512,-33.21669,3391,4406,1600022,entrenamiento
rio-cuarto,2024-25,3,-64.158441,-33.360061,3923,3653,1900018,entrenamiento
rio-cuarto,2024-25,3,-64.384547,-33.477022,4357,2814,2100014,entrenamiento
rio-cuarto,2024-25,3,-64.60149,-33.942169,6083,2009,3000010,entrenamiento
rio-cuarto,2024-25,3,-64.589094,-32.866886,2093,2055,1000010,entrenamiento
rio-cuarto,2024-25,3,-63.944462,-33.500737,4445,4447,2200022,entrenamiento
rio-cuarto,2024-25,3,-64.801455,-33.907135,5953,1267,2900006,entrenamiento
rio-cuarto,2024-25,3,-63.956051,-33.245526,3498,4404,1700022,entrenamiento
rio-cuarto,2024-25,3,-64.715217,-33.97909,6220,1587,3100007,entrenamiento
rio-cuarto,2024-25,3,-64.08972,-32.620029,1177,3908,500019,entrenamiento
rio-cuarto,2024-25,3,-64.270551,-32.702764,1484,3237,700016,entrenamiento
rio-cuarto,2024-25,3,-63.948774,-33.53146,4559,4431,2200022,entrenamiento
rio-cuarto,2024-25,3,-64.386703,-33.48322,4380,2806,2100014,entrenamiento
rio-cuarto,2024-25,3,-64.37754,-32.812987,1893,2840,900014,entrenamiento
rio-cuarto,2024-25,3,-63.959554,-33.221271,3408,4391,1700021,entrenamiento
rio-cuarto,2024-25,3,-63.947696,-33.495078,4424,4435,2200022,entrenamiento
rio-cuarto,2024-25,3,-64.385086,-33.475944,4353,2812,2100014,entrenamiento
rio-cuarto,2024-25,3,-64.600412,-33.940283,6076,2013,3000010,entrenamiento
rio-cuarto,2024-25,3,-64.4468,-32.881708,2148,2583,1000012,entrenamiento
rio-cuarto,2024-25,3,-64.391823,-33.478369,4362,2787,2100013,entrenamiento
rio-cuarto,2024-25,3,-64.771002,-33.39779,4063,1380,2000006,entrenamiento
rio-cuarto,2024-25,3,-64.099422,-34.163694,6905,3872,3400019,entrenamiento
rio-cuarto,2024-25,3,-63.95632,-33.219115,3400,4403,1700022,entrenamiento
rio-cuarto,2024-25,3,-64.742436,-33.55248,4637,1486,2300007,entrenamiento
rio-cuarto,2024-25,3,-64.410149,-32.877396,2132,2719,1000013,entrenamiento
rio-cuarto,2024-25,3,-63.963327,-33.214803,3384,4377,1600021,entrenamiento
rio-cuarto,2024-25,3,-64.177036,-32.835355,1976,3584,900017,validacion_mnc
rio-cuarto,2024-25,3,-64.34547,-33.7926,5528,2959,2700014,validacion_mnc
rio-cuarto,2024-25,3,-64.181887,-33.117785,3024,3566,1500017,validacion_mnc
rio-cuarto,2024-25,3,-64.51633,-33.539005,4587,2325,2200011,validacion_mnc
rio-cuarto,2024-25,3,-64.327414,-33.406414,4095,3026,2000015,validacion_mnc
rio-cuarto,2024-25,3,-64.519294,-33.540353,4592,2314,2200011,validacion_mnc
rio-cuarto,2024-25,3,-64.356789,-33.806883,5581,2917,2700014,validacion_mnc
rio-cuarto,2024-25,3,-64.341697,-33.796642,5543,2973,2700014,validacion_mnc
rio-cuarto,2024-25,3,-64.18027,-32.834816,1974,3572,900017,validacion_mnc
rio-cuarto,2024-25,3,-64.378618,-33.974509,6203,2836,3100014,validacion_mnc
rio-cuarto,2024-25,3,-64.358676,-32.74211,1630,2910,800014,validacion_mnc
rio-cuarto,2024-25,3,-64.032048,-34.14968,6853,4122,3400020,validacion_mnc
rio-cuarto,2024-25,3,-64.290763,-33.39267,4044,3162,2000015,validacion_mnc
rio-cuarto,2024-25,3,-64.316634,-33.354132,3901,3066,1900015,validacion_mnc
rio-cuarto,2024-25,3,-64.178114,-32.83778,1985,3580,900017,validacion_mnc
rio-cuarto,2024-25,3,-64.528727,-33.861051,5782,2279,2800011,validacion_mnc
rio-cuarto,2024-25,3,-64.134726,-33.236363,3464,3741,1700018,validacion_mnc
rio-cuarto,2024-25,3,-64.766151,-33.353324,3898,1398,1900006,validacion_mnc
rio-cuarto,2024-25,3,-64.292919,-33.384315,4013,3154,2000015,validacion_mnc
rio-cuarto,2024-25,3,-64.342506,-33.795564,5539,2970,2700014,validacion_mnc
rio-cuarto,2024-25,3,-64.146583,-32.586342,1052,3697,500018,validacion_mnc
rio-cuarto,2024-25,3,-64.037708,-34.153184,6866,4101,3400020,validacion_mnc
rio-cuarto,2024-25,3,-64.343314,-33.791522,5524,2967,2700014,validacion_mnc
rio-cuarto,2024-25,3,-64.520911,-33.540353,4592,2308,2200011,validacion_mnc
rio-cuarto,2024-25,3,-64.290224,-33.381621,4003,3164,2000015,validacion_mnc
rio-cuarto,2024-25,3,-64.284026,-33.392131,4042,3187,2000015,validacion_mnc
rio-cuarto,2024-25,3,-64.144966,-32.583917,1043,3703,500018,validacion_mnc
rio-cuarto,2024-25,3,-64.352747,-33.806344,5579,2932,2700014,validacion_mnc
rio-cuarto,2024-25,3,-64.52684,-33.187045,3281,2286,1600011,validacion_mnc
rio-cuarto,2024-25,3,-64.281331,-33.37677,3985,3197,1900015,validacion_mnc
rio-cuarto,2024-25,3,-64.170299,-32.83778,1985,3609,900018,validacion_mnc
rio-cuarto,2024-25,3,-64.52684,-33.185428,3275,2286,1600011,validacion_mnc
rio-cuarto,2024-25,3,-64.292919,-33.393748,4048,3154,2000015,validacion_mnc
rio-cuarto,2024-25,3,-64.284834,-33.378387,3991,3184,1900015,validacion_mnc
rio-cuarto,2024-25,3,-64.174341,-32.840745,1996,3594,900017,validacion_mnc
rio-cuarto,2024-25,3,-64.34547,-33.796103,5541,2959,2700014,validacion_mnc
rio-cuarto,2024-25,3,-64.360293,-33.810117,5593,2904,2700014,validacion_mnc
rio-cuarto,2024-25,3,-64.285373,-33.389166,4031,3182,2000015,validacion_mnc
rio-cuarto,2024-25,3,-64.308011,-33.35521,3905,3098,1900015,validacion_mnc
rio-cuarto,2024-25,3,-64.474828,-32.558315,948,2479,400012,validacion_mnc
rio-cuarto,2024-25,3,-64.178653,-32.83778,1985,3578,900017,validacion_mnc
rio-cuarto,2024-25,3,-64.279714,-33.380543,3999,3203,1900016,validacion_mnc
rio-cuarto,2024-25,3,-64.291841,-33.378117,3990,3158,1900015,validacion_mnc
rio-cuarto,2024-25,3,-64.295344,-33.391322,4039,3145,2000015,validacion_mnc
rio-cuarto,2024-25,3,-64.144427,-32.58715,1055,3705,500018,validacion_mnc
rio-cuarto,2024-25,3,-64.283487,-33.377848,3989,3189,1900015,validacion_mnc
rio-cuarto,2024-25,3,-64.1482,-32.585534,1049,3691,500018,validacion_mnc
rio-cuarto,2024-25,3,-64.03636,-34.152106,6862,4106,3400020,validacion_mnc
rio-cuarto,2024-25,3,-64.293458,-33.387819,4026,3152,2000015,validacion_mnc
rio-cuarto,2024-25,3,-64.291571,-33.388627,4029,3159,2000015,validacion_mnc
rio-cuarto,2024-25,3,-64.743783,-33.939205,6072,1481,3000007,validacion_mnc
rio-cuarto,2024-25,3,-64.774506,-33.351437,3891,1367,1900006,validacion_mnc
rio-cuarto,2024-25,3,-64.284834,-33.383238,4009,3184,2000015,validacion_mnc
rio-cuarto,2024-25,3,-64.322563,-33.413421,4121,3044,2000015,validacion_mnc
rio-cuarto,2024-25,3,-64.282948,-33.385124,4016,3191,2000015,validacion_mnc
rio-cuarto,2024-25,3,-64.033126,-34.148872,6850,4118,3400020,validacion_mnc
rio-cuarto,2024-25,3,-64.179462,-33.11509,3014,3575,1500017,validacion_mnc
rio-cuarto,2024-25,3,-64.735968,-33.425279,4165,1510,2000007,validacion_mnc
rio-cuarto,2024-25,3,-64.360562,-33.807152,5582,2903,2700014,validacion_mnc
rio-cuarto,2024-25,3,-64.181887,-33.116168,3018,3566,1500017,validacion_mnc
rio-cuarto,2024-25,3,-64.355172,-33.806613,5580,2923,2700014,validacion_mnc
rio-cuarto,2024-25,3,-64.730309,-33.308318,3731,1531,1800007,validacion_mnc
rio-cuarto,2024-25,3,-64.034204,-34.154801,6872,4114,3400020,validacion_mnc
rio-cuarto,2024-25,3,-64.737585,-33.422314,4154,1504,2000007,validacion_mnc
rio-cuarto,2024-25,3,-64.117478,-33.012682,2634,3805,1300019,validacion_mnc
rio-cuarto,2024-25,3,-64.141463,-32.585264,1048,3716,500018,validacion_mnc
rio-cuarto,2024-25,3,-64.293458,-33.390783,4037,3152,2000015,validacion_mnc
rio-cuarto,2024-25,3,-64.18593,-32.834547,1973,3551,900017,validacion_mnc
rio-cuarto,2024-25,3,-64.296961,-33.378926,3993,3139,1900015,validacion_mnc
rio-cuarto,2024-25,3,-64.177575,-33.112395,3004,3582,1500017,validacion_mnc
rio-cuarto,2024-25,3,-64.521989,-33.539544,4589,2304,2200011,validacion_mnc
rio-cuarto,2024-25,3,-64.141732,-32.584995,1047,3715,500018,validacion_mnc
rio-cuarto,2024-25,3,-64.16976,-32.834816,1974,3611,900018,validacion_mnc
rio-cuarto,2024-25,3,-64.05226,-33.976126,6209,4047,3100020,validacion_mnc
rio-cuarto,2024-25,3,-64.822745,-33.471632,4337,1188,2100005,validacion_mnc
rio-cuarto,2024-25,3,-64.327684,-33.410726,4111,3025,2000015,validacion_mnc
rio-cuarto,2024-25,3,-64.308011,-33.35548,3906,3098,1900015,validacion_mnc
rio-cuarto,2024-25,3,-64.362179,-33.810656,5595,2897,2700014,validacion_mnc
rio-cuarto,2024-25,3,-64.671559,-33.956183,6135,1749,3000008,validacion_mnc
rio-cuarto,2024-25,3,-64.821398,-33.474327,4347,1193,2100005,validacion_mnc
rio-cuarto,2024-25,3,-64.768846,-33.357905,3915,1388,1900006,validacion_mnc
rio-cuarto,2024-25,3,-64.748904,-33.388358,4028,1462,2000007,validacion_mnc
rio-cuarto,2024-25,3,-64.032857,-34.154801,6872,4119,3400020,validacion_mnc
rio-cuarto,2024-25,3,-64.521181,-33.539814,4590,2307,2200011,validacion_mnc
rio-cuarto,2024-25,3,-64.036091,-34.151297,6859,4107,3400020,validacion_mnc
rio-cuarto,2024-25,3,-64.359484,-33.805536,5576,2907,2700014,validacion_mnc
rio-cuarto,2024-25,3,-64.343853,-33.79799,5548,2965,2700014,validacion_mnc
rio-cuarto,2024-25,3,-64.282678,-33.386471,4021,3192,2000015,validacion_mnc
rio-cuarto,2024-25,3,-64.289685,-33.377848,3989,3166,1900015,validacion_mnc
rio-cuarto,2024-25,3,-64.752138,-33.384854,4015,1450,2000007,validacion_mnc
rio-cuarto,2024-25,3,-64.102925,-33.92034,6002,3859,3000019,validacion_mnc
rio-cuarto,2024-25,3,-64.349513,-33.80338,5568,2944,2700014,validacion_mnc
rio-cuarto,2024-25,3,-64.296961,-33.378387,3991,3139,1900015,validacion_mnc
rio-cuarto,2024-25,3,-64.101578,-33.919801,6000,3864,3000019,validacion_mnc
rio-cuarto,2024-25,3,-64.035552,-34.150758,6857,4109,3400020,validacion_mnc
rio-cuarto,2024-25,3,-64.170568,-33.25415,3530,3608,1700018,validacion_mnc
rio-cuarto,2024-25,3,-64.284295,-33.38701,4023,3186,2000015,validacion_mnc
rio-cuarto,2024-25,3,-64.321216,-33.410726,4111,3049,2000015,validacion_mnc
rio-cuarto,2024-25,3,-64.296153,-33.387549,4025,3142,2000015,validacion_mnc
rio-cuarto,2024-25,3,-64.323641,-33.411265,4113,3040,2000015,validacion_mnc
rio-cuarto,2024-25,3,-64.354094,-33.805536,5576,2927,2700014,validacion_mnc
rio-cuarto,2024-25,3,-64.325258,-33.412612,4118,3034,2000015,validacion_mnc
rio-cuarto,2024-25,3,-64.16976,-33.254958,3533,3611,1700018,validacion_mnc
rio-cuarto,2024-25,3,-64.711444,-33.977204,6213,1601,3100008,validacion_mnc
rio-cuarto,2024-25,3,-65.029987,-33.274901,3607,419,1800002,validacion_mnc
rio-cuarto,2024-25,3,-64.365682,-33.807422,5583,2884,2700014,validacion_mnc
rio-cuarto,2024-25,3,-64.287799,-33.389166,4031,3173,2000015,validacion_mnc
rio-cuarto,2024-25,3,-64.283756,-33.392131,4042,3188,2000015,validacion_mnc
rio-cuarto,2024-25,3,-64.52684,-33.188393,3286,2286,1600011,validacion_mnc
rio-cuarto,2024-25,3,-64.769116,-33.356019,3908,1387,1900006,validacion_mnc
rio-cuarto,2024-25,3,-64.352208,-33.803649,5569,2934,2700014,validacion_mnc
rio-cuarto,2024-25,3,-64.114514,-33.017264,2651,3816,1300019,validacion_mnc
rio-cuarto,2024-25,3,-64.527649,-33.188662,3287,2283,1600011,validacion_mnc
rio-cuarto,2024-25,3,-64.358406,-33.811734,5599,2911,2700014,validacion_mnc
rio-cuarto,2024-25,3,-64.186738,-32.837241,1983,3548,900017,validacion_mnc
rio-cuarto,2024-25,3,-64.854007,-33.853506,5754,1072,2800005,validacion_mnc
rio-cuarto,2024-25,3,-64.28699,-33.38728,4024,3176,2000015,validacion_mnc
rio-cuarto,2024-25,3,-64.774236,-33.347395,3876,1368,1900006,validacion_mnc
rio-cuarto,2024-25,3,-64.33523,-32.427071,461,2997,200014,validacion_mnc
rio-cuarto,2024-25,3,-64.363796,-33.806613,5580,2891,2700014,validacion_mnc
rio-cuarto,2024-25,3,-64.170838,-32.834816,1974,3607,900018,validacion_mnc
rio-cuarto,2024-25,3,-64.286721,-33.388897,4030,3177,2000015,validacion_mnc
rio-cuarto,2024-25,3,-64.177036,-33.113473,3008,3584,1500017,validacion_mnc
rio-cuarto,2024-25,3,-64.289146,-33.390514,4036,3168,2000015,validacion_mnc
rio-cuarto,2024-25,3,-64.290224,-33.385663,4018,3164,2000015,validacion_mnc
rio-cuarto,2024-25,3,-64.362718,-33.377848,3989,2895,1900014,validacion_mnc
rio-cuarto,2024-25,3,-64.468629,-33.410726,4111,2502,2000012,validacion_mnc
rio-cuarto,2024-25,3,-64.285373,-33.377848,3989,3182,1900015,validacion_mnc
rio-cuarto,2024-25,3,-64.144158,-32.583917,1043,3706,500018,validacion_mnc
rio-cuarto,2024-25,3,-64.285373,-33.378117,3990,3182,1900015,validacion_mnc
rio-cuarto,2024-25,3,-64.677757,-33.57404,4717,1726,2300008,validacion_mnc
rio-cuarto,2024-25,3,-64.286451,-33.390783,4037,3178,2000015,validacion_mnc
rio-cuarto,2024-25,3,-64.187008,-32.834547,1973,3547,900017,validacion_mnc
rio-cuarto,2024-25,3,-64.169221,-33.25415,3530,3613,1700018,validacion_mnc
rio-cuarto,2024-25,3,-64.296422,-33.383776,4011,3141,2000015,validacion_mnc
rio-cuarto,2024-25,3,-64.354094,-32.727827,1577,2927,700014,validacion_mnc
rio-cuarto,2024-25,3,-64.282139,-33.387819,4026,3194,2000015,validacion_mnc
rio-cuarto,2024-25,3,-64.296153,-33.388627,4029,3142,2000015,validacion_mnc
rio-cuarto,2024-25,3,-64.371881,-33.811195,5597,2861,2700014,validacion_mnc
rio-cuarto,2024-25,3,-64.174341,-32.839667,1992,3594,900017,validacion_mnc
rio-cuarto,2024-25,3,-64.296961,-33.384585,4014,3139,2000015,validacion_mnc
rio-cuarto,2024-25,3,-64.293458,-33.388088,4027,3152,2000015,validacion_mnc
rio-cuarto,2024-25,3,-64.30289,-33.356288,3909,3117,1900015,validacion_mnc
rio-cuarto,2024-25,3,-64.288338,-33.381082,4001,3171,2000015,validacion_mnc
rio-cuarto,2024-25,3,-64.314209,-33.357097,3912,3075,1900015,validacion_mnc
rio-cuarto,2024-25,3,-64.289685,-33.386471,4021,3166,2000015,validacion_mnc
rio-cuarto,2024-25,3,-64.360293,-33.809847,5592,2904,2700014,validacion_mnc
rio-cuarto,2024-25,3,-64.345201,-33.798259,5549,2960,2700014,validacion_mnc
rio-cuarto,2024-25,3,-64.17515,-32.834008,1971,3591,900017,validacion_mnc
rio-cuarto,2024-25,3,-64.522259,-33.540353,4592,2303,2200011,validacion_mnc
rio-cuarto,2024-25,3,-64.468629,-32.555889,939,2502,400012,validacion_mnc
rio-cuarto,2024-25,3,-64.140924,-32.584725,1046,3718,500018,validacion_mnc
rio-cuarto,2024-25,3,-64.29211,-33.385393,4017,3157,2000015,validacion_mnc
rio-cuarto,2024-25,3,-64.530074,-33.86159,5784,2274,2800011,validacion_mnc
rio-cuarto,2024-25,3,-64.351938,-33.804997,5574,2935,2700014,validacion_mnc
rio-cuarto,2024-25,3,-64.179192,-32.83778,1985,3576,900017,validacion_mnc
rio-cuarto,2024-25,3,-64.34574,-33.792061,5526,2958,2700014,validacion_mnc
rio-cuarto,2024-25,3,-64.118556,-33.016725,2649,3801,1300019,validacion_mnc
rio-cuarto,2024-25,3,-64.168143,-33.25388,3529,3617,1700018,validacion_mnc
rio-cuarto,2024-25,3,-64.289416,-33.386202,4020,3167,2000015,validacion_mnc
rio-cuarto,2024-25,3,-64.353555,-33.801493,5561,2929,2700014,validacion_mnc
rio-cuarto,2024-25,3,-64.168143,-33.251994,3522,3617,1700018,validacion_mnc
rio-cuarto,2024-25,3,-64.296961,-33.385663,4018,3139,2000015,validacion_mnc
rio-cuarto,2024-25,3,-64.296422,-33.384854,4015,3141,2000015,validacion_mnc
rio-cuarto,2024-25,3,-63.951469,-33.481603,4374,4421,2100022,validacion_mnc
rio-cuarto,2024-25,3,-64.513905,-33.582125,4747,2334,2300011,validacion_mnc
rio-cuarto,2024-25,3,-64.056303,-32.579874,1028,4032,500020,validacion_mnc
rio-cuarto,2024-25,3,-64.516869,-33.5417,4597,2323,2200011,validacion_mnc
rio-cuarto,2024-25,3,-64.520642,-33.54197,4598,2309,2200011,validacion_mnc
rio-cuarto,2024-25,3,-64.171377,-32.59281,1076,3605,500018,validacion_mnc
rio-cuarto,2024-25,3,-64.508784,-33.177344,3245,2353,1600011,validacion_mnc
rio-cuarto,2024-25,3,-64.326606,-33.406145,4094,3029,2000015,validacion_mnc
rio-cuarto,2024-25,3,-64.291302,-33.383776,4011,3160,2000015,validacion_mnc
rio-cuarto,2024-25,3,-64.341697,-33.797181,5545,2973,2700014,validacion_mnc
rio-cuarto,2024-25,3,-64.142002,-33.235824,3462,3714,1700018,validacion_mnc
rio-cuarto,2024-25,3,-64.528727,-33.188932,3288,2279,1600011,validacion_mnc
rio-cuarto,2024-25,3,-64.823015,-33.470823,4334,1187,2100005,validacion_mnc
rio-cuarto,2024-25,3,-64.325797,-33.409378,4106,3032,2000015,validacion_mnc
rio-cuarto,2024-25,3,-64.101578,-33.92061,6003,3864,3000019,validacion_mnc
rio-cuarto,2024-25,3,-64.141463,-33.234476,3457,3716,1700018,validacion_mnc
rio-cuarto,2024-25,3,-64.344662,-33.792061,5526,2962,2700014,validacion_mnc
rio-cuarto,2024-25,3,-64.170299,-32.835625,1977,3609,900018,validacion_mnc
rio-cuarto,2024-25,3,-64.371611,-33.810386,5594,2862,2700014,validacion_mnc
rio-cuarto,2024-25,3,-64.346009,-33.796642,5543,2957,2700014,validacion_mnc
rio-cuarto,2024-25,3,-64.296153,-33.380273,3998,3142,1900015,validacion_mnc
rio-cuarto,2024-25,3,-64.141194,-33.236902,3466,3717,1700018,validacion_mnc
rio-cuarto,2024-25,3,-64.170838,-32.835086,1975,3607,900018,validacion_mnc
rio-cuarto,2024-25,3,-64.671559,-33.958069,6142,1749,3000008,validacion_mnc
rio-cuarto,2024-25,3,-64.177575,-32.841553,1999,3582,900017,validacion_mnc
rio-cuarto,2024-25,3,-64.353555,-33.805266,5575,2929,2700014,validacion_mnc
rio-cuarto,2024-25,3,-64.29211,-33.383238,4009,3157,2000015,validacion_mnc
rio-cuarto,2024-25,3,-64.342236,-33.788827,5514,2971,2700014,validacion_mnc
rio-cuarto,2024-25,3,-64.296422,-33.388358,4028,3141,2000015,validacion_mnc
rio-cuarto,2024-25,3,-64.356789,-33.805266,5575,2917,2700014,validacion_mnc
rio-cuarto,2024-25,3,-64.291841,-33.381621,4003,3158,2000015,validacion_mnc
rio-cuarto,2024-25,3,-64.775853,-33.353054,3897,1362,1900006,validacion_mnc
rio-cuarto,2024-25,3,-64.475097,-32.556428,941,2478,400012,validacion_mnc
rio-cuarto,2024-25,3,-64.279983,-33.380004,3997,3202,1900016,validacion_mnc
rio-cuarto,2024-25,3,-64.327145,-33.411265,4113,3027,2000015,validacion_mnc
rio-cuarto,2024-25,3,-64.779357,-33.362486,3932,1349,1900006,validacion_mnc
rio-cuarto,2024-25,3,-64.101578,-33.920879,6004,3864,3000019,validacion_mnc
rio-cuarto,2024-25,3,-64.300734,-33.354941,3904,3125,1900015,validacion_mnc
rio-cuarto,2024-25,3,-64.115053,-33.018611,2656,3814,1300019,validacion_mnc
rio-cuarto,2024-25,3,-64.284834,-33.391592,4040,3184,2000015,validacion_mnc
rio-cuarto,2024-25,3,-64.16976,-32.836163,1979,3611,900018,validacion_mnc
rio-cuarto,2024-25,3,-64.281061,-33.392131,4042,3198,2000015,validacion_mnc
rio-cuarto,2024-25,3,-64.31367,-33.356827,3911,3077,1900015,validacion_mnc
rio-cuarto,2024-25,3,-64.293188,-33.378117,3990,3153,1900015,validacion_mnc
rio-cuarto,2024-25,3,-64.323911,-33.411534,4114,3039,2000015,validacion_mnc
rio-cuarto,2024-25,3,-64.358676,-33.803649,5569,2910,2700014,validacion_mnc
rio-cuarto,2024-25,3,-64.474289,-32.558045,947,2481,400012,validacion_mnc
rio-cuarto,2024-25,3,-64.29211,-33.380273,3998,3157,1900015,validacion_mnc
rio-cuarto,2024-25,3,-64.036899,-34.151567,6860,4104,3400020,validacion_mnc
rio-cuarto,2024-25,3,-64.362718,-33.809847,5592,2895,2700014,validacion_mnc
rio-cuarto,2024-25,3,-64.34574,-33.7926,5528,2958,2700014,validacion_mnc
rio-cuarto,2024-25,3,-64.297231,-33.380543,3999,3138,1900015,validacion_mnc
rio-cuarto,2024-25,3,-64.294805,-33.385932,4019,3147,2000015,validacion_mnc
rio-cuarto,2024-25,3,-64.35113,-33.803919,5570,2938,2700014,validacion_mnc
rio-cuarto,2024-25,3,-64.768038,-33.353054,3897,1391,1900006,validacion_mnc
rio-cuarto,2024-25,3,-64.285373,-33.392131,4042,3182,2000015,validacion_mnc
rio-cuarto,2024-25,3,-64.178923,-33.111587,3001,3577,1500017,validacion_mnc
rio-cuarto,2024-25,3,-64.358406,-33.80311,5567,2911,2700014,validacion_mnc
rio-cuarto,2024-25,3,-64.764804,-33.423931,4160,1403,2000007,validacion_mnc
rio-cuarto,2024-25,3,-64.341428,-33.789366,5516,2974,2700014,validacion_mnc
rio-cuarto,2024-25,3,-64.343314,-33.797451,5546,2967,2700014,validacion_mnc
rio-cuarto,2024-25,3,-64.738394,-33.426357,4169,1501,2000007,validacion_mnc
rio-cuarto,2024-25,3,-64.28699,-33.392131,4042,3176,2000015,validacion_mnc
rio-cuarto,2024-25,3,-64.353016,-33.806613,5580,2931,2700014,validacion_mnc
rio-cuarto,2024-25,3,-64.322294,-33.404528,4088,3045,2000015,validacion_mnc
rio-cuarto,2024-25,3,-64.178923,-32.836972,1982,3577,900017,validacion_mnc
rio-cuarto,2024-25,3,-64.279714,-33.378387,3991,3203,1900016,validacion_mnc
rio-cuarto,2024-25,3,-64.341967,-33.798259,5549,2972,2700014,validacion_mnc
rio-cuarto,2024-25,3,-64.771541,-33.348742,3881,1378,1900006,validacion_mnc
rio-cuarto,2024-25,3,-64.323372,-33.409917,4108,3041,2000015,validacion_mnc
rio-cuarto,2024-25,3,-64.177575,-33.117516,3023,3582,1500017,validacion_mnc
rio-cuarto,2024-25,3,-64.355711,-33.801493,5561,2921,2700014,validacion_mnc
rio-cuarto,2024-25,3,-64.170568,-33.249568,3513,3608,1700018,validacion_mnc
rio-cuarto,2024-25,3,-64.138229,-33.23771,3469,3728,1700018,validacion_mnc
rio-cuarto,2024-25,3,-64.371881,-33.810656,5595,2861,2700014,validacion_mnc
rio-cuarto,2024-25,3,-64.187547,-32.833738,1970,3545,900017,validacion_mnc
rio-cuarto,2024-25,3,-64.031779,-34.148063,6847,4123,3400020,validacion_mnc
rio-cuarto,2024-25,3,-64.037438,-34.152645,6864,4102,3400020,validacion_mnc
rio-cuarto,2024-25,3,-64.291841,-33.392131,4042,3158,2000015,validacion_mnc
rio-cuarto,2024-25,3,-64.327684,-33.403719,4085,3025,2000015,validacion_mnc
rio-cuarto,2024-25,3,-64.284834,-33.385663,4018,3184,2000015,validacion_mnc
rio-cuarto,2024-25,3,-64.144697,-32.585534,1049,3704,500018,validacion_mnc
rio-cuarto,2024-25,3,-64.278905,-33.378656,3992,3206,1900016,validacion_mnc
rio-cuarto,2024-25,3,-64.775314,-33.351437,3891,1364,1900006,validacion_mnc
rio-cuarto,2024-25,3,-64.135265,-33.239327,3475,3739,1700018,validacion_mnc
rio-cuarto,2024-25,3,-64.776392,-33.350629,3888,1360,1900006,validacion_mnc
rio-cuarto,2024-25,3,-64.766151,-33.353863,3900,1398,1900006,validacion_mnc
rio-cuarto,2024-25,3,-64.138229,-33.236363,3464,3728,1700018,validacion_mnc
rio-cuarto,2024-25,3,-64.032318,-34.147794,6846,4121,3400020,validacion_mnc
rio-cuarto,2024-25,3,-64.326067,-33.402102,4079,3031,2000015,validacion_mnc
rio-cuarto,2024-25,3,-64.517947,-33.540892,4594,2319,2200011,validacion_mnc
rio-cuarto,2024-25,3,-64.037438,-34.147255,6844,4102,3400020,validacion_mnc
rio-cuarto,2024-25,3,-64.325528,-33.409917,4108,3033,2000015,validacion_mnc
rio-cuarto,2024-25,3,-64.113975,-33.01403,2639,3818,1300019,validacion_mnc
rio-cuarto,2024-25,3,-64.776931,-33.353054,3897,1358,1900006,validacion_mnc
rio-cuarto,2024-25,3,-64.982556,-33.240675,3480,595,1700002,validacion_mnc
rio-cuarto,2024-25,3,-64.285912,-33.388088,4027,3180,2000015,validacion_mnc
rio-cuarto,2024-25,3,-64.305855,-33.356558,3910,3106,1900015,validacion_mnc
rio-cuarto,2024-25,3,-64.294536,-33.377578,3988,3148,1900015,validacion_mnc
rio-cuarto,2024-25,3,-64.295075,-33.382968,4008,3146,2000015,validacion_mnc
rio-cuarto,2024-25,3,-64.181348,-33.117516,3023,3568,1500017,validacion_mnc
rio-cuarto,2024-25,3,-64.344392,-33.79772,5547,2963,2700014,validacion_mnc
rio-cuarto,2024-25,3,-64.29238,-33.377039,3986,3156,1900015,validacion_mnc
rio-cuarto,2024-25,3,-64.777201,-33.352515,3895,1357,1900006,validacion_mnc
rio-cuarto,2024-25,3,-64.768038,-33.357905,3915,1391,1900006,validacion_mnc
rio-cuarto,2024-25,3,-64.289685,-33.3924,4043,3166,2000015,validacion_mnc
rio-cuarto,2024-25,3,-64.327145,-33.40345,4084,3027,2000015,validacion_mnc
rio-cuarto,2024-25,3,-64.343045,-33.795834,5540,2968,2700014,validacion_mnc
rio-cuarto,2024-25,3,-64.287529,-33.386202,4020,3174,2000015,validacion_mnc
rio-cuarto,2024-25,3,-64.035282,-34.154531,6871,4110,3400020,validacion_mnc
rio-cuarto,2024-25,3,-64.14308,-32.586612,1053,3710,500018,validacion_mnc
rio-cuarto,2024-25,3,-64.14308,-32.588498,1060,3710,500018,validacion_mnc
rio-cuarto,2024-25,3,-64.106968,-33.920879,6004,3844,3000019,validacion_mnc
rio-cuarto,2024-25,3,-64.291302,-33.387819,4026,3160,2000015,validacion_mnc
rio-cuarto,2024-25,3,-64.820589,-33.471632,4337,1196,2100005,validacion_mnc
rio-cuarto,2024-25,3,-64.29238,-33.382429,4006,3156,2000015,validacion_mnc
rio-cuarto,2024-25,3,-64.526571,-33.185159,3274,2287,1600011,validacion_mnc
rio-cuarto,2024-25,3,-64.468899,-33.409917,4108,2501,2000012,validacion_mnc
rio-cuarto,2024-25,3,-64.292919,-33.380004,3997,3154,1900015,validacion_mnc
rio-cuarto,2024-25,3,-64.282409,-33.378926,3993,3193,1900015,validacion_mnc
rio-cuarto,2024-25,3,-64.343853,-33.790983,5522,2965,2700014,validacion_mnc
rio-cuarto,2024-25,3,-64.171916,-32.59254,1075,3603,500018,validacion_mnc
rio-cuarto,2024-25,3,-64.73516,-33.423662,4159,1513,2000007,validacion_mnc
rio-cuarto,2024-25,3,-64.284026,-33.378656,3992,3187,1900015,validacion_mnc
rio-cuarto,2024-25,3,-64.355442,-33.806883,5581,2922,2700014,validacion_mnc
rio-cuarto,2024-25,3,-64.179462,-32.833469,1969,3575,900017,validacion_mnc
rio-cuarto,2024-25,3,-64.292919,-33.3765,3984,3154,1900015,validacion_mnc
rio-cuarto,2024-25,3,-64.184852,-32.3155,47,3555,17,validacion_mnc
rio-cuarto,2024-25,3,-64.295075,-33.378387,3991,3146,1900015,validacion_mnc
rio-cuarto,2024-25,3,-64.177845,-33.118863,3028,3581,1500017,validacion_mnc
rio-cuarto,2024-25,3,-64.343314,-33.789096,5515,2967,2700014,validacion_mnc
rio-cuarto,2024-25,3,-64.290224,-33.3765,3984,3164,1900015,validacion_mnc
rio-cuarto,2024-25,3,-64.306124,-33.356827,3911,3105,1900015,validacion_mnc
rio-cuarto,2024-25,3,-64.320946,-33.410995,4112,3050,2000015,validacion_mnc
rio-cuarto,2024-25,3,-64.293458,-33.39267,4044,3152,2000015,validacion_mnc
rio-cuarto,2024-25,3,-64.183235,-33.114551,3012,3561,1500017,validacion_mnc
rio-cuarto,2024-25,4,-64.649191,-33.256575,3539,1832,1700009,entrenamiento
rio-cuarto,2024-25,4,-64.568612,-33.326644,3799,2131,1800010,entrenamiento
rio-cuarto,2024-25,4,-64.931352,-33.654349,5015,785,2500003,entrenamiento
rio-cuarto,2024-25,4,-64.578853,-33.499659,4441,2093,2200010,entrenamiento
rio-cuarto,2024-25,4,-64.051452,-32.964443,2455,4050,1200020,entrenamiento
rio-cuarto,2024-25,4,-64.568073,-32.893027,2190,2133,1000010,entrenamiento
rio-cuarto,2024-25,4,-64.845383,-33.349281,3883,1104,1900005,entrenamiento
rio-cuarto,2024-25,4,-64.651886,-33.257114,3541,1822,1700009,entrenamiento
rio-cuarto,2024-25,4,-64.733004,-32.973336,2488,1521,1200007,entrenamiento
rio-cuarto,2024-25,4,-64.773158,-34.03245,6418,1372,3200006,entrenamiento
rio-cuarto,2024-25,4,-64.942401,-33.425548,4166,744,2000003,entrenamiento
rio-cuarto,2024-25,4,-64.586399,-33.507475,4470,2065,2200010,entrenamiento
rio-cuarto,2024-25,4,-64.259502,-33.579699,4738,3278,2300016,entrenamiento
rio-cuarto,2024-25,4,-64.565917,-33.255497,3535,2141,1700010,entrenamiento
rio-cuarto,2024-25,4,-64.386434,-32.952046,2409,2807,1200014,entrenamiento
rio-cuarto,2024-25,4,-64.097805,-33.20591,3351,3878,1600019,entrenamiento
rio-cuarto,2024-25,4,-64.66024,-33.61635,4874,1791,2400008,entrenamiento
rio-cuarto,2024-25,4,-64.039325,-32.802477,1854,4095,900020,entrenamiento
rio-cuarto,2024-25,4,-64.807654,-33.61123,4855,1244,2400006,entrenamiento
rio-cuarto,2024-25,4,-64.792562,-33.560565,4667,1300,2300006,entrenamiento
rio-cuarto,2024-25,4,-64.368377,-33.86186,5785,2874,2800014,entrenamiento
rio-cuarto,2024-25,4,-64.350321,-32.926714,2315,2941,1100014,entrenamiento
rio-cuarto,2024-25,4,-64.551364,-33.620123,4888,2195,2400010,entrenamiento
rio-cuarto,2024-25,4,-64.096996,-33.575657,4723,3881,2300019,entrenamiento
rio-cuarto,2024-25,4,-64.555946,-33.538197,4584,2178,2200010,entrenamiento
rio-cuarto,2024-25,4,-64.589094,-33.452228,4265,2055,2100010,entrenamiento
rio-cuarto,2024-25,4,-64.5643,-33.258462,3546,2147,1700010,entrenamiento
rio-cuarto,2024-25,4,-64.003482,-32.531365,848,4228,400021,entrenamiento
rio-cuarto,2024-25,4,-64.114783,-33.652193,5007,3815,2500019,entrenamiento
rio-cuarto,2024-25,4,-64.824632,-33.547899,4620,1181,2300005,entrenamiento
rio-cuarto,2024-25,4,-64.323641,-32.899495,2214,3040,1100015,entrenamiento
rio-cuarto,2024-25,4,-64.114244,-33.219385,3401,3817,1700019,entrenamiento
rio-cuarto,2024-25,4,-64.015879,-33.06712,2836,4182,1400020,entrenamiento
rio-cuarto,2024-25,4,-64.588016,-33.452498,4266,2059,2100010,entrenamiento
rio-cuarto,2024-25,4,-64.002404,-32.531904,850,4232,400021,entrenamiento
rio-cuarto,2024-25,4,-64.494501,-33.90471,5944,2406,2900012,entrenamiento
rio-cuarto,2024-25,4,-64.065196,-33.182734,3265,3999,1600019,entrenamiento
rio-cuarto,2024-25,4,-64.642453,-33.567841,4694,1857,2300009,entrenamiento
rio-cuarto,2024-25,4,-64.274593,-33.630634,4927,3222,2400016,entrenamiento
rio-cuarto,2024-25,4,-64.85212,-33.343622,3862,1079,1900005,entrenamiento
rio-cuarto,2024-25,4,-64.293188,-32.733486,1598,3153,700015,entrenamiento
rio-cuarto,2024-25,4,-64.464048,-33.559756,4664,2519,2300012,entrenamiento
rio-cuarto,2024-25,4,-64.403142,-33.597755,4805,2745,2400013,entrenamiento
rio-cuarto,2024-25,4,-64.264083,-33.061191,2814,3261,1400016,entrenamiento
rio-cuarto,2024-25,4,-64.583434,-33.490766,4408,2076,2200010,entrenamiento
rio-cuarto,2024-25,4,-64.810888,-33.625783,4909,1232,2400006,entrenamiento
rio-cuarto,2024-25,4,-64.534386,-33.39779,4063,2258,2000011,entrenamiento
rio-cuarto,2024-25,4,-64.534656,-33.397521,4062,2257,2000011,entrenamiento
rio-cuarto,2024-25,4,-64.346818,-32.926983,2316,2954,1100014,entrenamiento
rio-cuarto,2024-25,4,-64.117747,-33.218846,3399,3804,1600019,entrenamiento
rio-cuarto,2024-25,4,-63.985695,-33.597755,4805,4294,2400021,entrenamiento
rio-cuarto,2024-25,4,-64.769655,-33.443874,4234,1385,2100006,entrenamiento
rio-cuarto,2024-25,4,-64.349243,-32.92348,2303,2945,1100014,entrenamiento
rio-cuarto,2024-25,4,-64.55379,-33.35009,3886,2186,1900010,entrenamiento
rio-cuarto,2024-25,4,-64.495309,-33.029122,2695,2403,1300012,entrenamiento
rio-cuarto,2024-25,4,-63.942307,-33.211569,3372,4455,1600022,entrenamiento
rio-cuarto,2024-25,4,-64.257615,-33.059305,2807,3285,1400016,entrenamiento
rio-cuarto,2024-25,4,-64.440332,-33.923844,6015,2607,3000013,entrenamiento
rio-cuarto,2024-25,4,-64.000248,-32.779839,1770,4240,800021,entrenamiento
rio-cuarto,2024-25,4,-64.54813,-33.618237,4881,2207,2400011,entrenamiento
rio-cuarto,2024-25,4,-64.587746,-33.505588,4463,2060,2200010,entrenamiento
rio-cuarto,2024-25,4,-64.299387,-32.930756,2330,3130,1100015,entrenamiento
rio-cuarto,2024-25,4,-63.933413,-33.340657,3851,4488,1900022,entrenamiento
rio-cuarto,2024-25,4,-63.943115,-33.210761,3369,4452,1600022,entrenamiento
rio-cuarto,2024-25,4,-64.400447,-33.260617,3554,2755,1700013,entrenamiento
rio-cuarto,2024-25,4,-64.602838,-33.38728,4024,2004,2000010,entrenamiento
rio-cuarto,2024-25,4,-64.401525,-33.25927,3549,2751,1700013,entrenamiento
rio-cuarto,2024-25,4,-63.92425,-33.226931,3429,4522,1700022,entrenamiento
rio-cuarto,2024-25,4,-64.381044,-33.816854,5618,2827,2800014,entrenamiento
rio-cuarto,2024-25,4,-64.015609,-33.263582,3565,4183,1700020,entrenamiento
rio-cuarto,2024-25,4,-64.295883,-33.510169,4480,3143,2200015,entrenamiento
rio-cuarto,2024-25,4,-64.022077,-33.595869,4798,4159,2300020,entrenamiento
rio-cuarto,2024-25,4,-64.564031,-33.533346,4566,2148,2200010,entrenamiento
rio-cuarto,2024-25,4,-64.382122,-32.972528,2485,2823,1200014,entrenamiento
rio-cuarto,2024-25,4,-64.558371,-33.48861,4400,2169,2200010,entrenamiento
rio-cuarto,2024-25,4,-64.028275,-33.594791,4794,4136,2300020,entrenamiento
rio-cuarto,2024-25,4,-64.558371,-33.490766,4408,2169,2200010,entrenamiento
rio-cuarto,2024-25,4,-64.571037,-33.493191,4417,2122,2200010,entrenamiento
rio-cuarto,2024-25,4,-64.317982,-33.518793,4512,3061,2200015,entrenamiento
rio-cuarto,2024-25,4,-64.043367,-33.375692,3981,4080,1900020,entrenamiento
rio-cuarto,2024-25,4,-64.058998,-33.374883,3978,4022,1900020,entrenamiento
rio-cuarto,2024-25,4,-64.576966,-32.921863,2297,2100,1100010,entrenamiento
rio-cuarto,2024-25,4,-64.986329,-33.456271,4280,581,2100002,entrenamiento
rio-cuarto,2024-25,4,-64.338733,-32.890871,2182,2984,1000014,entrenamiento
rio-cuarto,2024-25,4,-64.010219,-33.260887,3555,4203,1700021,entrenamiento
rio-cuarto,2024-25,4,-64.672637,-33.65893,5032,1745,2500008,entrenamiento
rio-cuarto,2024-25,4,-64.482913,-33.528226,4547,2449,2200012,entrenamiento
rio-cuarto,2024-25,4,-64.15359,-32.894105,2194,3671,1000018,entrenamiento
rio-cuarto,2024-25,4,-64.285912,-32.941536,2370,3180,1100015,entrenamiento
rio-cuarto,2024-25,4,-64.565917,-33.258462,3546,2141,1700010,entrenamiento
rio-cuarto,2024-25,4,-64.805498,-33.61123,4855,1252,2400006,entrenamiento
rio-cuarto,2024-25,4,-64.08433,-32.813795,1896,3928,900019,entrenamiento
rio-cuarto,2024-25,4,-64.348435,-32.927522,2318,2948,1100014,entrenamiento
rio-cuarto,2024-25,4,-64.661857,-32.919707,2289,1785,1100008,entrenamiento
rio-cuarto,2024-25,4,-64.258424,-33.061461,2815,3282,1400016,entrenamiento
rio-cuarto,2024-25,4,-64.043636,-32.805711,1866,4079,900020,entrenamiento
rio-cuarto,2024-25,4,-64.579392,-33.49912,4439,2091,2200010,entrenamiento
rio-cuarto,2024-25,4,-64.037169,-32.805172,1864,4103,900020,entrenamiento
rio-cuarto,2024-25,4,-64.042289,-33.374344,3976,4084,1900020,entrenamiento
rio-cuarto,2024-25,4,-65.021093,-33.646264,4985,452,2400002,entrenamiento
rio-cuarto,2024-25,4,-64.267047,-33.010796,2627,3250,1300016,entrenamiento
rio-cuarto,2024-25,4,-64.064118,-32.830504,1958,4003,900020,entrenamiento
rio-cuarto,2024-25,4,-65.029178,-33.631981,4932,422,2400002,entrenamiento
rio-cuarto,2024-25,4,-64.642184,-33.306432,3724,1858,1800009,entrenamiento
rio-cuarto,2024-25,4,-64.39344,-33.780742,5484,2781,2700013,entrenamiento
rio-cuarto,2024-25,4,-64.317443,-33.51529,4499,3063,2200015,entrenamiento
rio-cuarto,2024-25,4,-63.920208,-33.540083,4591,4537,2200022,entrenamiento
rio-cuarto,2024-25,4,-64.326875,-32.823497,1932,3028,900015,entrenamiento
rio-cuarto,2024-25,4,-64.007255,-32.536486,867,4214,400021,entrenamiento
rio-cuarto,2024-25,4,-63.915896,-33.526878,4542,4553,2200022,entrenamiento
rio-cuarto,2024-25,4,-64.940784,-33.655697,5020,750,2500003,entrenamiento
rio-cuarto,2024-25,4,-64.097535,-33.206988,3355,3879,1600019,entrenamiento
rio-cuarto,2024-25,4,-64.173802,-33.099999,2958,3596,1400017,entrenamiento
rio-cuarto,2024-25,4,-64.030701,-33.591557,4782,4127,2300020,entrenamiento
rio-cuarto,2024-25,4,-64.039864,-32.802477,1854,4093,900020,entrenamiento
rio-cuarto,2024-25,4,-64.770194,-33.444682,4237,1383,2100006,entrenamiento
rio-cuarto,2024-25,4,-64.75618,-33.485376,4388,1435,2100007,entrenamiento
rio-cuarto,2024-25,4,-64.568881,-33.328261,3805,2130,1900010,entrenamiento
rio-cuarto,2024-25,4,-64.101847,-33.211839,3373,3863,1600019,entrenamiento
rio-cuarto,2024-25,4,-64.652425,-33.260078,3552,1820,1700009,entrenamiento
rio-cuarto,2024-25,4,-64.492884,-33.030469,2700,2412,1300012,entrenamiento
rio-cuarto,2024-25,4,-64.405568,-33.257923,3544,2736,1700013,entrenamiento
rio-cuarto,2024-25,4,-64.641914,-33.306971,3726,1859,1800009,entrenamiento
rio-cuarto,2024-25,4,-64.590441,-33.43525,4202,2050,2100010,entrenamiento
rio-cuarto,2024-25,4,-64.299117,-33.067929,2839,3131,1400015,entrenamiento
rio-cuarto,2024-25,4,-64.296422,-33.156323,3167,3141,1500015,entrenamiento
rio-cuarto,2024-25,4,-64.227701,-32.830235,1957,3396,900016,entrenamiento
rio-cuarto,2024-25,4,-64.461623,-33.171684,3224,2528,1600012,entrenamiento
rio-cuarto,2024-25,4,-64.588824,-33.159557,3179,2056,1500010,entrenamiento
rio-cuarto,2024-25,4,-64.015879,-33.263851,3566,4182,1700020,entrenamiento
rio-cuarto,2024-25,4,-64.298039,-33.163869,3195,3135,1500015,entrenamiento
rio-cuarto,2024-25,4,-64.317712,-32.92321,2302,3062,1100015,entrenamiento
rio-cuarto,2024-25,4,-64.682069,-33.653541,5012,1710,2500008,entrenamiento
rio-cuarto,2024-25,4,-64.083252,-32.804902,1863,3932,900019,entrenamiento
rio-cuarto,2024-25,4,-64.76696,-33.444143,4235,1395,2100006,entrenamiento
rio-cuarto,2024-25,4,-64.033665,-33.594521,4793,4116,2300020,entrenamiento
rio-cuarto,2024-25,4,-64.024772,-33.589401,4774,4149,2300020,entrenamiento
rio-cuarto,2024-25,4,-64.297231,-33.162791,3191,3138,1500015,entrenamiento
rio-cuarto,2024-25,4,-64.05253,-33.371649,3966,4046,1900020,entrenamiento
rio-cuarto,2024-25,4,-64.380774,-33.824131,5645,2828,2800014,entrenamiento
rio-cuarto,2024-25,4,-64.345201,-32.974684,2493,2960,1200014,entrenamiento
rio-cuarto,2024-25,4,-64.332535,-32.889523,2177,3007,1000015,entrenamiento
rio-cuarto,2024-25,4,-64.437099,-33.642761,4972,2619,2400013,entrenamiento
rio-cuarto,2024-25,4,-64.483182,-33.526878,4542,2448,2200012,entrenamiento
rio-cuarto,2024-25,4,-64.04175,-32.798973,1841,4086,900020,entrenamiento
rio-cuarto,2024-25,4,-64.571846,-33.327452,3802,2119,1900010,entrenamiento
rio-cuarto,2024-25,4,-64.40449,-33.050412,2774,2740,1300013,entrenamiento
rio-cuarto,2024-25,4,-64.575888,-32.916742,2278,2104,1100010,entrenamiento
rio-cuarto,2024-25,4,-63.979766,-33.604223,4829,4316,2400021,entrenamiento
rio-cuarto,2024-25,4,-64.316095,-33.287028,3652,3068,1800015,entrenamiento
rio-cuarto,2024-25,4,-64.320946,-32.905693,2237,3050,1100015,entrenamiento
rio-cuarto,2024-25,4,-63.979766,-33.598564,4808,4316,2400021,entrenamiento
rio-cuarto,2024-25,4,-64.051991,-33.079248,2881,4048,1400020,entrenamiento
rio-cuarto,2024-25,4,-64.443566,-34.106022,6691,2595,3300012,entrenamiento
rio-cuarto,2024-25,4,-64.258963,-33.057419,2800,3280,1400016,entrenamiento
rio-cuarto,2024-25,4,-64.127719,-33.633059,4936,3767,2400018,entrenamiento
rio-cuarto,2024-25,4,-64.733812,-32.973606,2489,1518,1200007,entrenamiento
rio-cuarto,2024-25,4,-64.647035,-33.543048,4602,1840,2300009,entrenamiento
rio-cuarto,2024-25,4,-64.494501,-33.029661,2697,2406,1300012,entrenamiento
rio-cuarto,2024-25,4,-64.432787,-33.626861,4913,2635,2400013,entrenamiento
rio-cuarto,2024-25,4,-64.051721,-33.37111,3964,4049,1900020,entrenamiento
rio-cuarto,2024-25,4,-64.582895,-33.494808,4423,2078,2200010,entrenamiento
rio-cuarto,2024-25,4,-64.444105,-34.106291,6692,2593,3300012,entrenamiento
rio-cuarto,2024-25,4,-64.24414,-32.964712,2456,3335,1200016,entrenamiento
rio-cuarto,2024-25,4,-64.400447,-33.047717,2764,2755,1300013,entrenamiento
rio-cuarto,2024-25,4,-64.247105,-32.96606,2461,3324,1200016,entrenamiento
rio-cuarto,2024-25,4,-64.262736,-32.899225,2213,3266,1100016,entrenamiento
rio-cuarto,2024-25,4,-64.15359,-32.893835,2193,3671,1000018,entrenamiento
rio-cuarto,2024-25,4,-64.001865,-32.460488,585,4234,200021,entrenamiento
rio-cuarto,2024-25,4,-64.344662,-32.926983,2316,2962,1100014,entrenamiento
rio-cuarto,2024-25,4,-64.301543,-33.161443,3186,3122,1500015,entrenamiento
rio-cuarto,2024-25,4,-64.731656,-32.975223,2495,1526,1200007,entrenamiento
rio-cuarto,2024-25,4,-64.193745,-32.976301,2499,3522,1200017,entrenamiento
rio-cuarto,2024-25,4,-64.267586,-32.900034,2216,3248,1100016,entrenamiento
rio-cuarto,2024-25,4,-64.05792,-33.184081,3270,4026,1600020,entrenamiento
rio-cuarto,2024-25,4,-64.295075,-33.513942,4494,3146,2200015,entrenamiento
rio-cuarto,2024-25,4,-64.263544,-32.876857,2130,3263,1000016,entrenamiento
rio-cuarto,2024-25,4,-64.151704,-32.732408,1594,3678,700018,entrenamiento
rio-cuarto,2024-25,4,-64.042289,-33.378117,3990,4084,1900020,entrenamiento
rio-cuarto,2024-25,4,-63.984617,-33.599642,4812,4298,2400021,entrenamiento
rio-cuarto,2024-25,4,-64.480757,-32.883595,2155,2457,1000012,entrenamiento
rio-cuarto,2024-25,4,-64.346009,-32.925636,2311,2957,1100014,entrenamiento
rio-cuarto,2024-25,4,-64.587477,-33.45142,4262,2061,2100010,entrenamiento
rio-cuarto,2024-25,4,-64.317982,-33.285141,3645,3061,1800015,entrenamiento
rio-cuarto,2024-25,4,-64.174072,-33.518793,4512,3595,2200017,entrenamiento
rio-cuarto,2024-25,4,-64.593675,-33.444143,4235,2038,2100010,entrenamiento
rio-cuarto,2024-25,4,-64.243601,-32.878474,2136,3337,1000016,entrenamiento
rio-cuarto,2024-25,4,-64.793909,-33.560295,4666,1295,2300006,entrenamiento
rio-cuarto,2024-25,4,-64.189972,-32.980343,2514,3536,1200017,entrenamiento
rio-cuarto,2024-25,4,-64.299387,-33.519332,4514,3130,2200015,entrenamiento
rio-cuarto,2024-25,4,-64.054686,-33.080326,2885,4038,1400020,entrenamiento
rio-cuarto,2024-25,4,-64.440063,-33.639796,4961,2608,2400013,entrenamiento
rio-cuarto,2024-25,4,-64.088373,-32.807058,1871,3913,900019,entrenamiento
rio-cuarto,2024-25,4,-64.315557,-33.99526,6280,3070,3100015,entrenamiento
rio-cuarto,2024-25,4,-64.135265,-33.144735,3124,3739,1500018,entrenamiento
rio-cuarto,2024-25,4,-64.408263,-33.615811,4872,2726,2400013,entrenamiento
rio-cuarto,2024-25,4,-64.578044,-33.495347,4425,2096,2200010,entrenamiento
rio-cuarto,2024-25,4,-64.192128,-32.977648,2504,3528,1200017,entrenamiento
rio-cuarto,2024-25,4,-64.578314,-33.326105,3797,2095,1800010,entrenamiento
rio-cuarto,2024-25,4,-64.301004,-33.921688,6007,3124,3000015,entrenamiento
rio-cuarto,2024-25,4,-64.331726,-32.97684,2501,3010,1200015,entrenamiento
rio-cuarto,2024-25,4,-64.852659,-33.344969,3867,1077,1900005,entrenamiento
rio-cuarto,2024-25,4,-64.659701,-32.926444,2314,1793,1100008,entrenamiento
rio-cuarto,2024-25,4,-64.321755,-32.908119,2246,3047,1100015,entrenamiento
rio-cuarto,2024-25,4,-64.84673,-33.346047,3871,1099,1900005,entrenamiento
rio-cuarto,2024-25,4,-64.785286,-33.308857,3733,1327,1800006,entrenamiento
rio-cuarto,2024-25,4,-64.067352,-33.377309,3987,3991,1900019,entrenamiento
rio-cuarto,2024-25,4,-64.087025,-32.809753,1881,3918,900019,entrenamiento
rio-cuarto,2024-25,4,-64.040672,-32.804363,1861,4090,900020,entrenamiento
rio-cuarto,2024-25,4,-64.326606,-32.915664,2274,3029,1100015,entrenamiento
rio-cuarto,2024-25,4,-64.042828,-32.807328,1872,4082,900020,entrenamiento
rio-cuarto,2024-25,4,-64.002673,-32.529479,841,4231,400021,entrenamiento
rio-cuarto,2024-25,4,-64.930813,-33.426087,4168,787,2000003,entrenamiento
rio-cuarto,2024-25,4,-64.350321,-33.756488,5394,2941,2600014,entrenamiento
rio-cuarto,2024-25,4,-64.357598,-33.849733,5740,2914,2800014,entrenamiento
rio-cuarto,2024-25,4,-64.600412,-33.414768,4126,2013,2000010,entrenamiento
rio-cuarto,2024-25,4,-64.486416,-33.027774,2690,2436,1300012,entrenamiento
rio-cuarto,2024-25,4,-64.263544,-33.059575,2808,3263,1400016,entrenamiento
rio-cuarto,2024-25,4,-64.430631,-33.997685,6289,2643,3100013,entrenamiento
rio-cuarto,2024-25,4,-64.050104,-32.803555,1858,4055,900020,entrenamiento
rio-cuarto,2024-25,4,-64.128258,-33.630903,4928,3765,2400018,entrenamiento
rio-cuarto,2024-25,4,-65.025136,-33.630903,4928,437,2400002,entrenamiento
rio-cuarto,2024-25,4,-64.293458,-33.928156,6031,3152,3000015,entrenamiento
rio-cuarto,2024-25,4,-64.588824,-33.449803,4256,2056,2100010,entrenamiento
rio-cuarto,2024-25,4,-64.193475,-32.977109,2502,3523,1200017,entrenamiento
rio-cuarto,2024-25,4,-64.325797,-32.952046,2409,3032,1200015,entrenamiento
rio-cuarto,2024-25,4,-64.365413,-33.862129,5786,2885,2800014,entrenamiento
rio-cuarto,2024-25,4,-64.568342,-33.334998,3830,2132,1900010,entrenamiento
rio-cuarto,2024-25,4,-64.200213,-32.683091,1411,3498,700017,entrenamiento
rio-cuarto,2024-25,4,-64.090798,-32.812717,1892,3904,900019,entrenamiento
rio-cuarto,2024-25,4,-64.195092,-32.684977,1418,3517,700017,entrenamiento
rio-cuarto,2024-25,4,-64.793101,-33.60611,4836,1298,2400006,entrenamiento
rio-cuarto,2024-25,4,-64.592597,-33.444143,4235,2042,2100010,entrenamiento
rio-cuarto,2024-25,4,-64.806037,-33.612577,4860,1250,2400006,entrenamiento
rio-cuarto,2024-25,4,-64.165448,-33.850811,5744,3627,2800018,entrenamiento
rio-cuarto,2024-25,4,-63.915627,-33.535232,4573,4554,2200022,entrenamiento
rio-cuarto,2024-25,4,-64.097535,-33.205102,3348,3879,1600019,entrenamiento
rio-cuarto,2024-25,4,-63.962249,-33.31236,3746,4381,1800021,entrenamiento
rio-cuarto,2024-25,4,-64.555137,-33.613655,4864,2181,2400010,entrenamiento
rio-cuarto,2024-25,4,-64.039864,-32.807867,1874,4093,900020,entrenamiento
rio-cuarto,2024-25,4,-64.321755,-33.516098,4502,3047,2200015,entrenamiento
rio-cuarto,2024-25,4,-64.614157,-33.553558,4641,1962,2300009,entrenamiento
rio-cuarto,2024-25,4,-64.661318,-33.616081,4873,1787,2400008,entrenamiento
rio-cuarto,2024-25,4,-64.618199,-33.54197,4598,1947,2200009,entrenamiento
rio-cuarto,2024-25,4,-64.031509,-33.586436,4763,4124,2300020,entrenamiento
rio-cuarto,2024-25,4,-64.537081,-33.37111,3964,2248,1900011,entrenamiento
rio-cuarto,2024-25,4,-64.124215,-32.939649,2363,3780,1100018,entrenamiento
rio-cuarto,2024-25,4,-64.301812,-33.157132,3170,3121,1500015,entrenamiento
rio-cuarto,2024-25,4,-64.346009,-32.926175,2313,2957,1100014,entrenamiento
rio-cuarto,2024-25,4,-64.049026,-33.372727,3970,4059,1900020,entrenamiento
rio-cuarto,2024-25,4,-63.92964,-33.531729,4560,4502,2200022,entrenamiento
rio-cuarto,2024-25,4,-64.612809,-33.551133,4632,1967,2300009,entrenamiento
rio-cuarto,2024-25,4,-65.027292,-33.634676,4942,429,2400002,entrenamiento
rio-cuarto,2024-25,4,-64.76696,-33.47244,4340,1395,2100006,entrenamiento
rio-cuarto,2024-25,4,-64.749173,-32.974953,2494,1461,1200007,entrenamiento
rio-cuarto,2024-25,4,-64.18054,-33.194322,3308,3571,1600017,entrenamiento
rio-cuarto,2024-25,4,-64.251147,-32.870389,2106,3309,1000016,entrenamiento
rio-cuarto,2024-25,4,-64.109663,-33.077361,2874,3834,1400019,entrenamiento
rio-cuarto,2024-25,4,-64.584243,-33.495078,4424,2073,2200010,entrenamiento
rio-cuarto,2024-25,4,-64.18054,-33.188662,3287,3571,1600017,entrenamiento
rio-cuarto,2024-25,4,-64.672637,-33.652732,5009,1745,2500008,entrenamiento
rio-cuarto,2024-25,4,-64.560527,-33.53631,4577,2161,2200010,entrenamiento
rio-cuarto,2024-25,4,-64.405298,-33.147969,3136,2737,1500013,entrenamiento
rio-cuarto,2024-25,4,-64.435212,-33.928425,6032,2626,3000013,entrenamiento
rio-cuarto,2024-25,4,-64.568612,-32.894374,2195,2131,1000010,entrenamiento
rio-cuarto,2024-25,4,-63.980844,-33.601798,4820,4312,2400021,entrenamiento
rio-cuarto,2024-25,4,-64.201291,-32.682282,1408,3494,700017,entrenamiento
rio-cuarto,2024-25,4,-64.944287,-33.655427,5019,737,2500003,entrenamiento
rio-cuarto,2024-25,4,-63.995127,-33.307779,3729,4259,1800021,entrenamiento
rio-cuarto,2024-25,4,-64.13769,-33.142848,3117,3730,1500018,entrenamiento
rio-cuarto,2024-25,4,-63.92991,-33.53658,4578,4501,2200022,entrenamiento
rio-cuarto,2024-25,4,-64.735968,-33.084099,2899,1510,1400007,entrenamiento
rio-cuarto,2024-25,4,-64.685842,-33.65381,5013,1696,2500008,entrenamiento
rio-cuarto,2024-25,4,-64.011297,-32.451864,553,4199,200020,entrenamiento
rio-cuarto,2024-25,4,-64.648921,-33.258192,3545,1833,1700009,entrenamiento
rio-cuarto,2024-25,4,-64.053069,-33.377039,3986,4044,1900020,entrenamiento
rio-cuarto,2024-25,4,-64.445722,-33.076553,2871,2587,1400012,entrenamiento
rio-cuarto,2024-25,4,-64.099152,-33.640605,4964,3873,2400019,entrenamiento
rio-cuarto,2024-25,4,-64.397483,-33.780473,5483,2766,2700013,entrenamiento
rio-cuarto,2024-25,4,-64.050374,-33.370841,3963,4054,1900020,entrenamiento
rio-cuarto,2024-25,4,-64.040942,-32.802207,1853,4089,900020,entrenamiento
rio-cuarto,2024-25,4,-64.044714,-33.372727,3970,4075,1900020,entrenamiento
rio-cuarto,2024-25,4,-64.274054,-33.628478,4919,3224,2400016,entrenamiento
rio-cuarto,2024-25,4,-64.334421,-32.879552,2140,3000,1000015,entrenamiento
rio-cuarto,2024-25,4,-64.342506,-32.976031,2498,2970,1200014,entrenamiento
rio-cuarto,2024-25,4,-64.67614,-32.953394,2414,1732,1200008,entrenamiento
rio-cuarto,2024-25,4,-64.263005,-32.873893,2119,3265,1000016,entrenamiento
rio-cuarto,2024-25,4,-64.76696,-33.473788,4345,1395,2100006,entrenamiento
rio-cuarto,2024-25,4,-64.064657,-33.112126,3003,4001,1500020,entrenamiento
rio-cuarto,2024-25,4,-64.462701,-33.927347,6028,2524,3000012,entrenamiento
rio-cuarto,2024-25,4,-64.599873,-34.015202,6354,2015,3100010,entrenamiento
rio-cuarto,2024-25,4,-64.307472,-32.940188,2365,3100,1100015,entrenamiento
rio-cuarto,2024-25,4,-64.261927,-32.905424,2236,3269,1100016,entrenamiento
rio-cuarto,2024-25,4,-64.000787,-32.783612,1784,4238,800021,entrenamiento
rio-cuarto,2024-25,4,-64.576966,-33.325027,3793,2100,1800010,entrenamiento
rio-cuarto,2024-25,4,-64.327953,-32.913778,2267,3024,1100015,entrenamiento
rio-cuarto,2024-25,4,-64.559988,-33.535771,4575,2163,2200010,entrenamiento
rio-cuarto,2024-25,4,-64.327414,-32.948004,2394,3026,1100015,entrenamiento
rio-cuarto,2024-25,4,-63.963327,-33.313169,3749,4377,1800021,entrenamiento
rio-cuarto,2024-25,4,-64.104542,-33.202137,3337,3853,1600019,entrenamiento
rio-cuarto,2024-25,4,-64.643801,-33.656775,5024,1852,2500009,entrenamiento
rio-cuarto,2024-25,4,-64.578853,-33.498042,4435,2093,2200010,entrenamiento
rio-cuarto,2024-25,4,-63.968178,-33.300503,3702,4359,1800021,entrenamiento
rio-cuarto,2024-25,4,-64.40422,-33.259001,3548,2741,1700013,entrenamiento
rio-cuarto,2024-25,4,-64.432248,-33.644917,4980,2637,2400013,entrenamiento
rio-cuarto,2024-25,4,-64.412036,-33.048795,2768,2712,1300013,entrenamiento
rio-cuarto,2024-25,4,-64.802803,-33.607188,4840,1262,2400006,entrenamiento
rio-cuarto,2024-25,4,-63.935569,-33.336615,3836,4480,1900022,entrenamiento
rio-cuarto,2024-25,4,-64.302082,-32.930217,2328,3120,1100015,entrenamiento
rio-cuarto,2024-25,4,-64.664552,-33.258192,3545,1775,1700008,entrenamiento
rio-cuarto,2024-25,4,-64.135804,-33.149586,3142,3737,1500018,entrenamiento
rio-cuarto,2024-25,4,-64.43629,-33.928156,6031,2622,3000013,entrenamiento
rio-cuarto,2024-25,4,-64.192936,-32.671502,1368,3525,600017,entrenamiento
rio-cuarto,2024-25,4,-64.392362,-33.782089,5489,2785,2700013,entrenamiento
rio-cuarto,2024-25,4,-64.098883,-33.574579,4719,3874,2300019,entrenamiento
rio-cuarto,2024-25,4,-64.061423,-33.37138,3965,4013,1900020,entrenamiento
rio-cuarto,2024-25,4,-64.097805,-33.20618,3352,3878,1600019,entrenamiento
rio-cuarto,2024-25,4,-64.358406,-33.851619,5747,2911,2800014,entrenamiento
rio-cuarto,2024-25,4,-64.854007,-33.345778,3870,1072,1900005,entrenamiento
rio-cuarto,2024-25,4,-64.400986,-33.049334,2770,2753,1300013,entrenamiento
rio-cuarto,2024-25,4,-63.968717,-33.305354,3720,4357,1800021,entrenamiento
rio-cuarto,2024-25,4,-64.440602,-33.647073,4988,2606,2400013,entrenamiento
rio-cuarto,2024-25,4,-64.046062,-32.804363,1861,4070,900020,entrenamiento
rio-cuarto,2024-25,4,-64.433056,-33.635754,4946,2634,2400013,entrenamiento
rio-cuarto,2024-25,4,-64.119903,-32.940997,2368,3796,1100018,entrenamiento
rio-cuarto,2024-25,4,-64.403951,-33.259001,3548,2742,1700013,entrenamiento
rio-cuarto,2024-25,4,-64.133648,-33.153089,3155,3745,1500018,entrenamiento
rio-cuarto,2024-25,4,-64.323372,-32.921593,2296,3041,1100015,entrenamiento
rio-cuarto,2024-25,4,-64.245218,-32.964173,2454,3331,1200016,entrenamiento
rio-cuarto,2024-25,4,-64.587207,-33.502354,4451,2062,2200010,entrenamiento
rio-cuarto,2024-25,4,-64.576697,-33.494808,4423,2101,2200010,entrenamiento
rio-cuarto,2024-25,4,-64.393171,-33.781281,5486,2782,2700013,entrenamiento
rio-cuarto,2024-25,4,-64.195631,-32.684169,1415,3515,700017,entrenamiento
rio-cuarto,2024-25,4,-64.032587,-33.590748,4779,4120,2300020,entrenamiento
rio-cuarto,2024-25,4,-64.084061,-32.471268,625,3929,300019,entrenamiento
rio-cuarto,2024-25,4,-64.334691,-32.879013,2138,2999,1000014,entrenamiento
rio-cuarto,2024-25,4,-64.437907,-33.638718,4957,2616,2400013,entrenamiento
rio-cuarto,2024-25,4,-64.085678,-32.812178,1890,3923,900019,entrenamiento
rio-cuarto,2024-25,4,-64.395596,-33.057149,2799,2773,1300013,entrenamiento
rio-cuarto,2024-25,4,-64.332265,-32.732408,1594,3008,700015,entrenamiento
rio-cuarto,2024-25,4,-64.594483,-33.439292,4217,2035,2100010,entrenamiento
rio-cuarto,2024-25,4,-63.994049,-33.309126,3734,4263,1800021,entrenamiento
rio-cuarto,2024-25,4,-64.428744,-33.625513,4908,2650,2400013,entrenamiento
rio-cuarto,2024-25,4,-64.044714,-33.373805,3974,4075,1900020,entrenamiento
rio-cuarto,2024-25,4,-64.53789,-33.910369,5965,2245,2900011,entrenamiento
rio-cuarto,2024-25,4,-64.325797,-32.920785,2293,3032,1100015,entrenamiento
rio-cuarto,2024-25,4,-64.008063,-33.263043,3563,4211,1700021,entrenamiento
rio-cuarto,2024-25,4,-64.104812,-32.516812,794,3852,300019,entrenamiento
rio-cuarto,2024-25,4,-64.402603,-33.257114,3541,2747,1700013,entrenamiento
rio-cuarto,2024-25,4,-64.098344,-33.574848,4720,3876,2300019,entrenamiento
rio-cuarto,2024-25,4,-64.672098,-33.662434,5045,1747,2500008,entrenamiento
rio-cuarto,2024-25,4,-64.561875,-33.32314,3786,2156,1800010,entrenamiento
rio-cuarto,2024-25,4,-64.850773,-33.346856,3874,1084,1900005,entrenamiento
rio-cuarto,2024-25,4,-64.116939,-33.336076,3834,3807,1900019,entrenamiento
rio-cuarto,2024-25,4,-64.508245,-34.022748,6382,2355,3100011,entrenamiento
rio-cuarto,2024-25,4,-64.064927,-33.113204,3007,4000,1500020,entrenamiento
rio-cuarto,2024-25,4,-63.926676,-33.536041,4576,4513,2200022,entrenamiento
rio-cuarto,2024-25,4,-64.433865,-33.928695,6033,2631,3000013,entrenamiento
rio-cuarto,2024-25,4,-64.825979,-33.545473,4611,1176,2300005,entrenamiento
rio-cuarto,2024-25,4,-64.015879,-33.067929,2839,4182,1400020,entrenamiento
rio-cuarto,2024-25,4,-64.104273,-32.515465,789,3854,300019,entrenamiento
rio-cuarto,2024-25,4,-64.153051,-32.732678,1595,3673,700018,entrenamiento
rio-cuarto,2024-25,4,-64.083791,-32.968755,2471,3930,1200019,entrenamiento
rio-cuarto,2024-25,4,-64.095918,-33.580238,4740,3885,2300019,entrenamiento
rio-cuarto,2024-25,4,-64.481835,-33.223966,3418,2453,1700012,entrenamiento
rio-cuarto,2024-25,4,-64.097805,-33.206449,3353,3878,1600019,entrenamiento
rio-cuarto,2024-25,4,-64.037169,-32.801399,1850,4103,900020,entrenamiento
rio-cuarto,2024-25,4,-64.620085,-33.547899,4620,1940,2300009,entrenamiento
rio-cuarto,2024-25,4,-64.581548,-33.509091,4476,2083,2200010,entrenamiento
rio-cuarto,2024-25,4,-64.320946,-32.920515,2292,3050,1100015,entrenamiento
rio-cuarto,2024-25,4,-64.098074,-33.204293,3345,3877,1600019,entrenamiento
rio-cuarto,2024-25,4,-64.395866,-33.053376,2785,2772,1300013,entrenamiento
rio-cuarto,2024-25,4,-64.103464,-33.643569,4975,3857,2400019,entrenamiento
rio-cuarto,2024-25,4,-64.445183,-34.109525,6704,2589,3300012,entrenamiento
rio-cuarto,2024-25,4,-64.364605,-33.850811,5744,2888,2800014,entrenamiento
rio-cuarto,2024-25,4,-64.05253,-33.381082,4001,4046,2000020,entrenamiento
rio-cuarto,2024-25,4,-63.995666,-33.30724,3727,4257,1800021,entrenamiento
rio-cuarto,2024-25,4,-64.493423,-33.032086,2706,2410,1300012,entrenamiento
rio-cuarto,2024-25,4,-64.400717,-32.908658,2248,2754,1100013,entrenamiento
rio-cuarto,2024-25,4,-64.085139,-32.805711,1866,3925,900019,entrenamiento
rio-cuarto,2024-25,4,-64.596909,-33.415846,4130,2026,2000010,entrenamiento
rio-cuarto,2024-25,4,-64.198865,-32.677162,1389,3503,600017,entrenamiento
rio-cuarto,2024-25,4,-64.459197,-33.170876,3221,2537,1600012,entrenamiento
rio-cuarto,2024-25,4,-64.073011,-32.776066,1756,3970,800019,entrenamiento
rio-cuarto,2024-25,4,-64.351399,-32.858801,2063,2937,1000014,entrenamiento
rio-cuarto,2024-25,4,-64.325258,-32.823497,1932,3034,900015,entrenamiento
rio-cuarto,2024-25,4,-64.11128,-33.221271,3408,3828,1700019,entrenamiento
rio-cuarto,2024-25,4,-64.242523,-32.879013,2138,3341,1000016,entrenamiento
rio-cuarto,2024-25,4,-64.017226,-33.066312,2833,4177,1400020,entrenamiento
rio-cuarto,2024-25,4,-64.413114,-32.397696,352,2708,100013,entrenamiento
rio-cuarto,2024-25,4,-64.064118,-33.187584,3283,4003,1600020,entrenamiento
rio-cuarto,2024-25,4,-64.285643,-33.597216,4803,3181,2400015,entrenamiento
rio-cuarto,2024-25,4,-64.61254,-33.550863,4631,1968,2300009,entrenamiento
rio-cuarto,2024-25,4,-64.667247,-33.664051,5051,1765,2500008,entrenamiento
rio-cuarto,2024-25,4,-64.175419,-32.993279,2562,3590,1200017,entrenamiento
rio-cuarto,2024-25,4,-64.031779,-32.748578,1654,4123,800020,entrenamiento
rio-cuarto,2024-25,4,-64.458119,-33.928425,6032,2541,3000012,entrenamiento
rio-cuarto,2024-25,4,-64.383739,-32.974684,2493,2817,1200014,entrenamiento
rio-cuarto,2024-25,4,-64.098074,-33.577274,4729,3877,2300019,entrenamiento
rio-cuarto,2024-25,4,-64.850234,-33.342813,3859,1086,1900005,entrenamiento
rio-cuarto,2024-25,4,-64.426049,-33.631981,4932,2660,2400013,entrenamiento
rio-cuarto,2024-25,4,-64.260849,-32.866616,2092,3273,1000016,entrenamiento
rio-cuarto,2024-25,4,-64.566186,-33.25927,3549,2140,1700010,entrenamiento
rio-cuarto,2024-25,4,-64.300734,-33.517715,4508,3125,2200015,entrenamiento
rio-cuarto,2024-25,4,-64.344662,-32.973336,2488,2962,1200014,entrenamiento
rio-cuarto,2024-25,4,-64.673176,-32.953124,2413,1743,1200008,entrenamiento
rio-cuarto,2024-25,4,-64.096727,-33.578352,4733,3882,2300019,entrenamiento
rio-cuarto,2024-25,4,-64.663205,-34.038648,6441,1780,3200008,entrenamiento
rio-cuarto,2024-25,4,-64.324989,-32.922132,2298,3035,1100015,entrenamiento
rio-cuarto,2024-25,4,-64.568073,-33.325027,3793,2133,1800010,entrenamiento
rio-cuarto,2024-25,4,-64.616043,-33.545204,4610,1955,2300009,entrenamiento
rio-cuarto,2024-25,4,-64.102117,-33.085985,2906,3862,1400019,entrenamiento
rio-cuarto,2024-25,4,-64.476714,-32.880091,2142,2472,1000012,entrenamiento
rio-cuarto,2024-25,4,-64.465665,-33.568111,4695,2513,2300012,entrenamiento
rio-cuarto,2024-25,4,-64.565378,-32.898686,2211,2143,1100010,entrenamiento
rio-cuarto,2024-25,4,-64.267047,-32.904076,2231,3250,1100016,entrenamiento
rio-cuarto,2024-25,4,-64.000248,-32.780917,1774,4240,800021,entrenamiento
rio-cuarto,2024-25,4,-64.666708,-33.615003,4869,1767,2400008,entrenamiento
rio-cuarto,2024-25,4,-64.476984,-32.651021,1292,2471,600012,entrenamiento
rio-cuarto,2024-25,4,-64.666169,-33.61662,4875,1769,2400008,entrenamiento
rio-cuarto,2024-25,4,-64.049565,-33.346586,3873,4057,1900020,entrenamiento
rio-cuarto,2024-25,4,-64.489919,-32.891679,2185,2423,1000012,entrenamiento
rio-cuarto,2024-25,4,-64.112897,-33.645725,4983,3822,2400019,entrenamiento
rio-cuarto,2024-25,4,-64.332265,-32.732139,1593,3008,700015,entrenamiento
rio-cuarto,2024-25,4,-64.082444,-32.808945,1878,3935,900019,entrenamiento
rio-cuarto,2024-25,4,-64.508245,-34.023826,6386,2355,3100011,entrenamiento
rio-cuarto,2024-25,4,-64.343314,-32.975223,2495,2967,1200014,entrenamiento
rio-cuarto,2024-25,4,-64.670211,-33.654888,5017,1754,2500008,entrenamiento
rio-cuarto,2024-25,4,-64.652694,-33.260348,3553,1819,1700009,entrenamiento
rio-cuarto,2024-25,4,-64.078401,-33.269241,3586,3950,1700019,entrenamiento
rio-cuarto,2024-25,4,-64.212071,-33.543587,4604,3454,2300017,entrenamiento
rio-cuarto,2024-25,4,-63.982461,-33.603954,4828,4306,2400021,entrenamiento
rio-cuarto,2024-25,4,-64.347896,-32.864191,2083,2950,1000014,entrenamiento
rio-cuarto,2024-25,4,-64.396674,-33.047717,2764,2769,1300013,entrenamiento
rio-cuarto,2024-25,4,-64.562683,-33.263582,3565,2153,1700010,entrenamiento
rio-cuarto,2024-25,4,-64.430361,-34.005231,6317,2644,3100013,entrenamiento
rio-cuarto,2024-25,4,-64.081366,-32.967946,2468,3939,1200019,entrenamiento
rio-cuarto,2024-25,4,-64.408263,-33.614194,4866,2726,2400013,entrenamiento
rio-cuarto,2024-25,4,-64.426588,-33.626322,4911,2658,2400013,entrenamiento
rio-cuarto,2024-25,4,-63.968178,-33.303198,3712,4359,1800021,entrenamiento
rio-cuarto,2024-25,4,-64.848886,-33.348473,3880,1091,1900005,entrenamiento
rio-cuarto,2024-25,4,-64.513905,-34.013585,6348,2334,3100011,entrenamiento
rio-cuarto,2024-25,4,-64.319868,-33.290262,3664,3054,1800015,entrenamiento
rio-cuarto,2024-25,4,-64.460545,-33.925191,6020,2532,3000012,entrenamiento
rio-cuarto,2024-25,4,-64.343584,-32.973336,2488,2966,1200014,entrenamiento
rio-cuarto,2024-25,4,-64.639219,-33.56838,4696,1869,2300009,entrenamiento
rio-cuarto,2024-25,4,-64.120712,-32.940458,2366,3793,1100018,entrenamiento
rio-cuarto,2024-25,4,-64.624936,-33.155245,3163,1922,1500009,entrenamiento
rio-cuarto,2024-25,4,-64.266239,-33.005945,2609,3253,1300016,entrenamiento
rio-cuarto,2024-25,4,-64.034743,-32.945309,2384,4112,1100020,entrenamiento
rio-cuarto,2024-25,4,-64.194284,-32.979535,2511,3520,1200017,entrenamiento
rio-cuarto,2024-25,4,-64.128258,-33.155245,3163,3765,1500018,entrenamiento
rio-cuarto,2024-25,4,-64.640297,-33.569458,4700,1865,2300009,entrenamiento
rio-cuarto,2024-25,4,-64.538968,-33.370032,3960,2241,1900011,entrenamiento
rio-cuarto,2024-25,4,-64.082713,-32.809753,1881,3934,900019,entrenamiento
rio-cuarto,2024-25,4,-64.483991,-33.526878,4542,2445,2200012,entrenamiento
rio-cuarto,2024-25,4,-64.286451,-32.942075,2372,3178,1100015,entrenamiento
rio-cuarto,2024-25,4,-64.322833,-32.732139,1593,3043,700015,entrenamiento
rio-cuarto,2024-25,4,-64.938897,-33.65381,5013,757,2500003,entrenamiento
rio-cuarto,2024-25,4,-64.559988,-33.536041,4576,2163,2200010,entrenamiento
rio-cuarto,2024-25,4,-64.657276,-33.608265,4844,1802,2400009,entrenamiento
rio-cuarto,2024-25,4,-64.412575,-33.612847,4861,2710,2400013,entrenamiento
rio-cuarto,2024-25,4,-64.769655,-33.446299,4243,1385,2100006,entrenamiento
rio-cuarto,2024-25,4,-64.573732,-33.510169,4480,2112,2200010,entrenamiento
rio-cuarto,2024-25,4,-64.391015,-33.779664,5480,2790,2700013,entrenamiento
rio-cuarto,2024-25,4,-64.304507,-32.876049,2127,3111,1000015,entrenamiento
rio-cuarto,2024-25,4,-63.917782,-33.539275,4588,4546,2200022,entrenamiento
rio-cuarto,2024-25,4,-64.483182,-33.225314,3423,2448,1700012,entrenamiento
rio-cuarto,2024-25,4,-64.192936,-32.978187,2506,3525,1200017,entrenamiento
rio-cuarto,2024-25,4,-64.064657,-33.187315,3282,4001,1600020,entrenamiento
rio-cuarto,2024-25,4,-64.435482,-33.636562,4949,2625,2400013,entrenamiento
rio-cuarto,2024-25,4,-64.049026,-32.803285,1857,4059,900020,entrenamiento
rio-cuarto,2024-25,4,-63.942307,-33.209683,3365,4455,1600022,entrenamiento
rio-cuarto,2024-25,4,-64.576966,-33.496695,4430,2100,2200010,entrenamiento
rio-cuarto,2024-25,4,-64.560527,-32.899225,2213,2161,1100010,entrenamiento
rio-cuarto,2024-25,4,-64.55918,-33.538736,4586,2166,2200010,entrenamiento
rio-cuarto,2024-25,4,-64.674254,-33.658122,5029,1739,2500008,entrenamiento
rio-cuarto,2024-25,4,-63.981114,-33.601528,4819,4311,2400021,entrenamiento
rio-cuarto,2024-25,4,-63.918321,-33.539005,4587,4544,2200022,entrenamiento
rio-cuarto,2024-25,4,-64.76696,-33.471093,4335,1395,2100006,entrenamiento
rio-cuarto,2024-25,4,-64.399369,-33.25927,3549,2759,1700013,entrenamiento
rio-cuarto,2024-25,4,-64.101039,-33.572962,4713,3866,2300019,entrenamiento
rio-cuarto,2024-25,4,-64.567534,-33.324757,3792,2135,1800010,entrenamiento
rio-cuarto,2024-25,4,-64.060345,-33.370571,3962,4017,1900020,entrenamiento
rio-cuarto,2024-25,4,-64.56942,-33.326374,3798,2128,1800010,entrenamiento
rio-cuarto,2024-25,4,-64.092415,-32.805172,1864,3898,900019,entrenamiento
rio-cuarto,2024-25,4,-64.058189,-33.079787,2883,4025,1400020,entrenamiento
rio-cuarto,2024-25,4,-64.576966,-33.496964,4431,2100,2200010,entrenamiento
rio-cuarto,2024-25,4,-64.476175,-32.650751,1291,2474,600012,entrenamiento
rio-cuarto,2024-25,4,-63.997822,-32.770676,1736,4249,800021,entrenamiento
rio-cuarto,2024-25,4,-64.37754,-33.822783,5640,2840,2800014,entrenamiento
rio-cuarto,2024-25,4,-64.000517,-32.786576,1795,4239,800021,entrenamiento
rio-cuarto,2024-25,4,-64.102656,-33.081134,2888,3860,1400019,entrenamiento
rio-cuarto,2024-25,4,-64.227162,-32.927253,2317,3398,1100016,entrenamiento
rio-cuarto,2024-25,4,-64.536273,-33.370571,3962,2251,1900011,entrenamiento
rio-cuarto,2024-25,4,-64.484799,-33.027235,2688,2442,1300012,entrenamiento
rio-cuarto,2024-25,4,-64.11101,-33.65381,5013,3829,2500019,entrenamiento
rio-cuarto,2024-25,4,-64.026119,-33.595599,4797,4144,2300020,entrenamiento
rio-cuarto,2024-25,4,-64.362179,-32.992201,2558,2897,1200014,entrenamiento
rio-cuarto,2024-25,4,-64.08433,-32.80625,1868,3928,900019,entrenamiento
rio-cuarto,2024-25,4,-64.00968,-33.58967,4775,4205,2300021,validacion_mnc
rio-cuarto,2024-25,4,-64.037708,-33.999572,6296,4101,3100020,validacion_mnc
rio-cuarto,2024-25,4,-64.455155,-33.628208,4918,2552,2400012,validacion_mnc
rio-cuarto,2024-25,4,-64.127719,-32.489054,691,3767,300018,validacion_mnc
rio-cuarto,2024-25,4,-64.647304,-33.374614,3977,1839,1900009,validacion_mnc
rio-cuarto,2024-25,4,-64.647035,-33.373536,3973,1840,1900009,validacion_mnc
rio-cuarto,2024-25,4,-64.389129,-32.964712,2456,2797,1200013,validacion_mnc
rio-cuarto,2024-25,4,-64.400178,-32.978726,2508,2756,1200013,validacion_mnc
rio-cuarto,2024-25,4,-63.943923,-33.544665,4608,4449,2300022,validacion_mnc
rio-cuarto,2024-25,4,-64.107237,-32.915934,2275,3843,1100019,validacion_mnc
rio-cuarto,2024-25,4,-64.522528,-33.572692,4712,2302,2300011,validacion_mnc
rio-cuarto,2024-25,4,-64.830291,-33.534424,4570,1160,2200005,validacion_mnc
rio-cuarto,2024-25,4,-64.130144,-32.493636,708,3758,300018,validacion_mnc
rio-cuarto,2024-25,4,-64.397483,-32.977109,2502,2766,1200013,validacion_mnc
rio-cuarto,2024-25,4,-64.099422,-32.86985,2104,3872,1000019,validacion_mnc
rio-cuarto,2024-25,4,-64.590441,-33.045022,2754,2050,1300010,validacion_mnc
rio-cuarto,2024-25,4,-64.08972,-32.846943,2019,3908,1000019,validacion_mnc
rio-cuarto,2024-25,4,-64.640028,-33.092183,2929,1866,1400009,validacion_mnc
rio-cuarto,2024-25,4,-64.611192,-33.416924,4134,1973,2000009,validacion_mnc
rio-cuarto,2024-25,4,-64.151434,-32.670155,1363,3679,600018,validacion_mnc
rio-cuarto,2024-25,4,-64.455963,-32.760166,1697,2549,800012,validacion_mnc
rio-cuarto,2024-25,4,-64.834603,-33.496695,4430,1144,2200005,validacion_mnc
rio-cuarto,2024-25,4,-64.48453,-33.60072,4816,2443,2400012,validacion_mnc
rio-cuarto,2024-25,4,-64.773697,-33.656236,5022,1370,2500006,validacion_mnc
rio-cuarto,2024-25,4,-64.797952,-33.694504,5164,1280,2500006,validacion_mnc
rio-cuarto,2024-25,4,-64.608497,-33.392131,4042,1983,2000009,validacion_mnc
rio-cuarto,2024-25,4,-64.082983,-32.927522,2318,3933,1100019,validacion_mnc
rio-cuarto,2024-25,4,-64.394518,-32.962556,2448,2777,1200013,validacion_mnc
rio-cuarto,2024-25,4,-64.506628,-33.517446,4507,2361,2200011,validacion_mnc
rio-cuarto,2024-25,4,-64.497735,-33.51529,4499,2394,2200011,validacion_mnc
rio-cuarto,2024-25,4,-64.451112,-32.762861,1707,2567,800012,validacion_mnc
rio-cuarto,2024-25,4,-64.153051,-32.635929,1236,3673,600018,validacion_mnc
rio-cuarto,2024-25,4,-64.031779,-33.276518,3613,4123,1800020,validacion_mnc
rio-cuarto,2024-25,4,-64.634369,-32.908658,2248,1887,1100009,validacion_mnc
rio-cuarto,2024-25,4,-64.779087,-33.701241,5189,1350,2500006,validacion_mnc
rio-cuarto,2024-25,4,-64.606072,-33.416924,4134,1992,2000009,validacion_mnc
rio-cuarto,2024-25,4,-64.525223,-33.475135,4350,2292,2100011,validacion_mnc
rio-cuarto,2024-25,4,-64.646496,-33.377848,3989,1842,1900009,validacion_mnc
rio-cuarto,2024-25,4,-64.610114,-33.725765,5280,1977,2600009,validacion_mnc
rio-cuarto,2024-25,4,-64.310975,-33.656236,5022,3087,2500015,validacion_mnc
rio-cuarto,2024-25,4,-64.061423,-34.14968,6853,4013,3400020,validacion_mnc
rio-cuarto,2024-25,4,-64.842149,-33.495347,4425,1116,2200005,validacion_mnc
rio-cuarto,2024-25,4,-64.149817,-32.63539,1234,3685,600018,validacion_mnc
rio-cuarto,2024-25,4,-64.854815,-33.321793,3781,1069,1800005,validacion_mnc
rio-cuarto,2024-25,4,-64.03124,-33.28056,3628,4125,1800020,validacion_mnc
rio-cuarto,2024-25,4,-64.759414,-33.703397,5197,1423,2500007,validacion_mnc
rio-cuarto,2024-25,4,-64.147392,-32.633234,1226,3694,600018,validacion_mnc
rio-cuarto,2024-25,4,-64.071664,-32.917551,2281,3975,1100019,validacion_mnc
rio-cuarto,2024-25,4,-64.662666,-33.368954,3956,1782,1900008,validacion_mnc
rio-cuarto,2024-25,4,-64.798221,-33.690461,5149,1279,2500006,validacion_mnc
rio-cuarto,2024-25,4,-64.426588,-33.578352,4733,2658,2300013,validacion_mnc
rio-cuarto,2024-25,4,-64.073281,-32.92321,2302,3969,1100019,validacion_mnc
rio-cuarto,2024-25,4,-64.14847,-32.633234,1226,3690,600018,validacion_mnc
rio-cuarto,2024-25,4,-64.198596,-32.385299,306,3504,100017,validacion_mnc
rio-cuarto,2024-25,4,-64.153321,-32.637815,1243,3672,600018,validacion_mnc
rio-cuarto,2024-25,4,-64.391015,-32.964173,2454,2790,1200013,validacion_mnc
rio-cuarto,2024-25,4,-64.069777,-33.426357,4169,3982,2000019,validacion_mnc
rio-cuarto,2024-25,4,-64.040403,-34.006039,6320,4091,3100020,validacion_mnc
rio-cuarto,2024-25,4,-64.773158,-33.657044,5025,1372,2500006,validacion_mnc
rio-cuarto,2024-25,4,-64.44707,-33.627939,4917,2582,2400012,validacion_mnc
rio-cuarto,2024-25,4,-64.742166,-33.691,5151,1487,2500007,validacion_mnc
rio-cuarto,2024-25,4,-64.579392,-32.996243,2573,2091,1200010,validacion_mnc
rio-cuarto,2024-25,4,-64.529266,-33.56838,4696,2277,2300011,validacion_mnc
rio-cuarto,2024-25,4,-64.492884,-32.981421,2518,2412,1200012,validacion_mnc
rio-cuarto,2024-25,4,-64.500969,-33.517446,4507,2382,2200011,validacion_mnc
rio-cuarto,2024-25,4,-64.086756,-32.842362,2002,3919,1000019,validacion_mnc
rio-cuarto,2024-25,4,-64.962074,-33.459504,4292,671,2100003,validacion_mnc
rio-cuarto,2024-25,4,-64.149009,-32.633773,1228,3688,600018,validacion_mnc
rio-cuarto,2024-25,4,-64.64434,-33.096495,2945,1850,1400009,validacion_mnc
rio-cuarto,2024-25,4,-64.123407,-33.394826,4052,3783,2000018,validacion_mnc
rio-cuarto,2024-25,4,-64.739741,-33.283255,3638,1496,1800007,validacion_mnc
rio-cuarto,2024-25,4,-64.066274,-33.428243,4176,3995,2000019,validacion_mnc
rio-cuarto,2024-25,4,-64.06816,-32.91782,2282,3988,1100019,validacion_mnc
rio-cuarto,2024-25,4,-64.610114,-33.392939,4045,1977,2000009,validacion_mnc
rio-cuarto,2024-25,4,-64.84161,-33.496156,4428,1118,2200005,validacion_mnc
rio-cuarto,2024-25,4,-64.299387,-33.016455,2648,3130,1300015,validacion_mnc
rio-cuarto,2024-25,4,-64.70282,-33.363295,3935,1633,1900008,validacion_mnc
rio-cuarto,2024-25,4,-64.519833,-33.469476,4329,2312,2100011,validacion_mnc
rio-cuarto,2024-25,4,-64.380505,-33.804188,5571,2829,2700014,validacion_mnc
rio-cuarto,2024-25,4,-64.531422,-33.567033,4691,2269,2300011,validacion_mnc
rio-cuarto,2024-25,4,-64.143349,-33.426626,4170,3709,2000018,validacion_mnc
rio-cuarto,2024-25,4,-64.377001,-33.795295,5538,2842,2700014,validacion_mnc
rio-cuarto,2024-25,4,-63.996205,-33.587784,4768,4255,2300021,validacion_mnc
rio-cuarto,2024-25,4,-64.980669,-33.458965,4290,602,2100003,validacion_mnc
rio-cuarto,2024-25,4,-64.541932,-33.565416,4685,2230,2300011,validacion_mnc
rio-cuarto,2024-25,4,-64.460006,-32.764208,1712,2534,800012,validacion_mnc
rio-cuarto,2024-25,4,-64.793101,-33.693965,5162,1298,2500006,validacion_mnc
rio-cuarto,2024-25,4,-64.146853,-32.634582,1231,3696,600018,validacion_mnc
rio-cuarto,2024-25,4,-64.328492,-33.373266,3972,3022,1900015,validacion_mnc
rio-cuarto,2024-25,4,-64.376193,-33.789366,5516,2845,2700014,validacion_mnc
rio-cuarto,2024-25,4,-64.430361,-33.590748,4779,2644,2300013,validacion_mnc
rio-cuarto,2024-25,4,-64.379696,-33.791252,5523,2832,2700014,validacion_mnc
rio-cuarto,2024-25,4,-64.192667,-32.381526,292,3526,100017,validacion_mnc
rio-cuarto,2024-25,4,-64.429283,-33.580238,4740,2648,2300013,validacion_mnc
rio-cuarto,2024-25,4,-64.841071,-33.494808,4423,1120,2200005,validacion_mnc
rio-cuarto,2024-25,4,-64.300465,-33.018072,2654,3126,1300015,validacion_mnc
rio-cuarto,2024-25,4,-64.606072,-33.395095,4053,1992,2000009,validacion_mnc
rio-cuarto,2024-25,4,-64.773158,-33.667554,5064,1372,2500006,validacion_mnc
rio-cuarto,2024-25,4,-64.390207,-32.973336,2488,2793,1200013,validacion_mnc
rio-cuarto,2024-25,4,-64.629787,-32.91243,2262,1904,1100009,validacion_mnc
rio-cuarto,2024-25,4,-64.149278,-32.635121,1233,3687,600018,validacion_mnc
rio-cuarto,2024-25,4,-64.067891,-32.908388,2247,3989,1100019,validacion_mnc
rio-cuarto,2024-25,4,-64.074898,-34.127582,6771,3963,3300019,validacion_mnc
rio-cuarto,2024-25,4,-64.166257,-32.953933,2416,3624,1200018,validacion_mnc
rio-cuarto,2024-25,4,-64.793909,-33.695582,5168,1295,2500006,validacion_mnc
rio-cuarto,2024-25,4,-64.611731,-33.395365,4054,1971,2000009,validacion_mnc
rio-cuarto,2024-25,4,-64.608497,-33.383238,4009,1983,2000009,validacion_mnc
rio-cuarto,2024-25,4,-64.835681,-33.492113,4413,1140,2200005,validacion_mnc
rio-cuarto,2024-25,4,-64.610653,-33.385663,4018,1975,2000009,validacion_mnc
rio-cuarto,2024-25,4,-64.498274,-32.997321,2577,2392,1200011,validacion_mnc
rio-cuarto,2024-25,4,-64.154129,-32.669346,1360,3669,600018,validacion_mnc
rio-cuarto,2024-25,4,-64.194284,-32.386647,311,3520,100017,validacion_mnc
rio-cuarto,2024-25,4,-64.454346,-33.630095,4925,2555,2400012,validacion_mnc
rio-cuarto,2024-25,4,-64.125563,-33.395095,4053,3775,2000018,validacion_mnc
rio-cuarto,2024-25,4,-64.790675,-33.697468,5175,1307,2500006,validacion_mnc
rio-cuarto,2024-25,4,-64.792831,-33.697468,5175,1299,2500006,validacion_mnc
rio-cuarto,2024-25,4,-64.15359,-32.636468,1238,3671,600018,validacion_mnc
rio-cuarto,2024-25,4,-64.752946,-33.405336,4091,1447,2000007,validacion_mnc
rio-cuarto,2024-25,4,-64.060615,-34.14968,6853,4016,3400020,validacion_mnc
rio-cuarto,2024-25,4,-64.457041,-32.761513,1702,2545,800012,validacion_mnc
rio-cuarto,2024-25,4,-64.739202,-33.286758,3651,1498,1800007,validacion_mnc
rio-cuarto,2024-25,4,-64.604455,-33.395634,4055,1998,2000009,validacion_mnc
rio-cuarto,2024-25,4,-64.640836,-33.087602,2912,1863,1400009,validacion_mnc
rio-cuarto,2024-25,4,-64.301004,-33.014299,2640,3124,1300015,validacion_mnc
rio-cuarto,2024-25,4,-64.774775,-33.656775,5024,1366,2500006,validacion_mnc
rio-cuarto,2024-25,4,-64.061423,-34.14995,6854,4013,3400020,validacion_mnc
rio-cuarto,2024-25,4,-64.760223,-33.702589,5194,1420,2500007,validacion_mnc
rio-cuarto,2024-25,4,-64.634908,-32.904885,2234,1885,1100009,validacion_mnc
rio-cuarto,2024-25,4,-64.583165,-33.032895,2709,2077,1300010,validacion_mnc
rio-cuarto,2024-25,4,-64.200752,-32.380987,290,3496,100017,validacion_mnc
rio-cuarto,2024-25,4,-64.61254,-33.364642,3940,1968,1900009,validacion_mnc
rio-cuarto,2024-25,4,-64.636255,-33.089219,2918,1880,1400009,validacion_mnc
rio-cuarto,2024-25,4,-64.149009,-32.636199,1237,3688,600018,validacion_mnc
rio-cuarto,2024-25,4,-64.032318,-33.275979,3611,4121,1800020,validacion_mnc
rio-cuarto,2024-25,4,-64.54274,-33.565955,4687,2227,2300011,validacion_mnc
rio-cuarto,2024-25,4,-64.403681,-32.972528,2485,2743,1200013,validacion_mnc
rio-cuarto,2024-25,4,-64.464048,-33.612038,4858,2519,2400012,validacion_mnc
rio-cuarto,2024-25,4,-64.52711,-33.520949,4520,2285,2200011,validacion_mnc
rio-cuarto,2024-25,4,-64.632213,-32.909736,2252,1895,1100009,validacion_mnc
rio-cuarto,2024-25,4,-64.125024,-32.488515,689,3777,300018,validacion_mnc
rio-cuarto,2024-25,4,-64.11101,-33.395365,4054,3829,2000019,validacion_mnc
rio-cuarto,2024-25,4,-64.797413,-33.693156,5159,1282,2500006,validacion_mnc
rio-cuarto,2024-25,4,-64.62817,-33.08356,2897,1910,1400009,validacion_mnc
rio-cuarto,2024-25,4,-64.497735,-33.516098,4502,2394,2200011,validacion_mnc
rio-cuarto,2024-25,4,-64.223389,-32.927253,2317,3412,1100017,validacion_mnc
rio-cuarto,2024-25,4,-64.038516,-34.008195,6328,4098,3100020,validacion_mnc
rio-cuarto,2024-25,4,-64.435212,-34.102249,6677,2626,3300013,validacion_mnc
rio-cuarto,2024-25,4,-64.607958,-33.392939,4045,1985,2000009,validacion_mnc
rio-cuarto,2024-25,4,-64.375115,-33.793947,5533,2849,2700014,validacion_mnc
rio-cuarto,2024-25,4,-64.410688,-33.511786,4486,2717,2200013,validacion_mnc
rio-cuarto,2024-25,4,-65.112452,-33.596947,4802,113,2400000,validacion_mnc
rio-cuarto,2024-25,4,-64.390745,-32.970911,2479,2791,1200013,validacion_mnc
rio-cuarto,2024-25,4,-64.742166,-33.316672,3762,1487,1800007,validacion_mnc
rio-cuarto,2024-25,4,-64.107507,-33.396173,4057,3842,2000019,validacion_mnc
rio-cuarto,2024-25,4,-64.641375,-33.091914,2928,1861,1400009,validacion_mnc
rio-cuarto,2024-25,4,-64.499621,-32.99786,2579,2387,1200011,validacion_mnc
rio-cuarto,2024-25,4,-64.839454,-33.496964,4431,1126,2200005,validacion_mnc
rio-cuarto,2024-25,4,-64.607419,-33.389705,4033,1987,2000009,validacion_mnc
rio-cuarto,2024-25,4,-64.981208,-33.454654,4274,600,2100003,validacion_mnc
rio-cuarto,2024-25,4,-64.03663,-34.008465,6329,4105,3100020,validacion_mnc
rio-cuarto,2024-25,4,-64.798221,-33.707709,5213,1279,2600006,validacion_mnc
rio-cuarto,2024-25,4,-64.462431,-33.614194,4866,2525,2400012,validacion_mnc
rio-cuarto,2024-25,4,-64.634638,-32.919168,2287,1886,1100009,validacion_mnc
rio-cuarto,2024-25,4,-64.427666,-33.588053,4769,2654,2300013,validacion_mnc
rio-cuarto,2024-25,4,-64.825171,-33.533615,4567,1179,2200005,validacion_mnc
rio-cuarto,2024-25,4,-64.516869,-33.463277,4306,2323,2100011,validacion_mnc
rio-cuarto,2024-25,4,-64.605533,-33.395365,4054,1994,2000009,validacion_mnc
rio-cuarto,2024-25,4,-64.202099,-32.383413,299,3491,100017,validacion_mnc
rio-cuarto,2024-25,4,-64.030701,-33.275709,3610,4127,1800020,validacion_mnc
rio-cuarto,2024-25,4,-64.390207,-32.96579,2460,2793,1200013,validacion_mnc
rio-cuarto,2024-25,4,-64.196979,-32.386916,312,3510,100017,validacion_mnc
rio-cuarto,2024-25,4,-64.112088,-32.919437,2288,3825,1100019,validacion_mnc
rio-cuarto,2024-25,4,-64.067082,-32.917281,2280,3992,1100019,validacion_mnc
rio-cuarto,2024-25,4,-64.640028,-33.367337,3950,1866,1900009,validacion_mnc
rio-cuarto,2024-25,4,-64.796065,-33.710943,5225,1287,2600006,validacion_mnc
rio-cuarto,2024-25,4,-64.841879,-33.498581,4437,1117,2200005,validacion_mnc
rio-cuarto,2024-25,4,-64.638681,-33.092453,2930,1871,1400009,validacion_mnc
rio-cuarto,2024-25,4,-64.188355,-33.04071,2738,3542,1300017,validacion_mnc
rio-cuarto,2024-25,4,-64.038247,-34.01116,6339,4099,3100020,validacion_mnc
rio-cuarto,2024-25,4,-64.79337,-33.706631,5209,1297,2600006,validacion_mnc
rio-cuarto,2024-25,4,-64.088912,-32.845326,2013,3911,1000019,validacion_mnc
rio-cuarto,2024-25,4,-64.031509,-33.275979,3611,4124,1800020,validacion_mnc
rio-cuarto,2024-25,4,-65.114877,-33.597755,4805,104,2400000,validacion_mnc
rio-cuarto,2024-25,4,-64.79337,-33.697738,5176,1297,2500006,validacion_mnc
rio-cuarto,2024-25,4,-64.42551,-33.588862,4772,2662,2300013,validacion_mnc
rio-cuarto,2024-25,4,-64.199404,-32.376406,273,3501,100017,validacion_mnc
rio-cuarto,2024-25,4,-64.42578,-33.589401,4774,2661,2300013,validacion_mnc
rio-cuarto,2024-25,4,-64.461623,-33.613655,4864,2528,2400012,validacion_mnc
rio-cuarto,2024-25,4,-63.92964,-33.545204,4610,4502,2300022,validacion_mnc
rio-cuarto,2024-25,4,-64.823823,-33.533615,4567,1184,2200005,validacion_mnc
rio-cuarto,2024-25,4,-64.744053,-33.692887,5158,1480,2500007,validacion_mnc
rio-cuarto,2024-25,4,-64.085408,-32.92887,2323,3924,1100019,validacion_mnc
rio-cuarto,2024-25,4,-64.152243,-32.634851,1232,3676,600018,validacion_mnc
rio-cuarto,2024-25,4,-64.125024,-32.490402,696,3777,300018,validacion_mnc
rio-cuarto,2024-25,4,-64.086217,-32.843979,2008,3921,1000019,validacion_mnc
rio-cuarto,2024-25,4,-64.63895,-33.088949,2917,1870,1400009,validacion_mnc
rio-cuarto,2024-25,4,-64.604185,-33.383507,4010,1999,2000009,validacion_mnc
rio-cuarto,2024-25,4,-64.376193,-33.796373,5542,2845,2700014,validacion_mnc
rio-cuarto,2024-25,4,-64.396135,-32.97118,2480,2771,1200013,validacion_mnc
rio-cuarto,2024-25,4,-63.951469,-33.545204,4610,4421,2300022,validacion_mnc
rio-cuarto,2024-25,4,-64.148739,-32.671502,1368,3689,600018,validacion_mnc
rio-cuarto,2024-25,4,-64.396135,-32.972528,2485,2771,1200013,validacion_mnc
rio-cuarto,2024-25,4,-64.455155,-32.757471,1687,2552,800012,validacion_mnc
rio-cuarto,2024-25,4,-64.200482,-32.381796,293,3497,100017,validacion_mnc
rio-cuarto,2024-25,4,-64.642453,-33.085176,2903,1857,1400009,validacion_mnc
rio-cuarto,2024-25,4,-64.589632,-33.045022,2754,2053,1300010,validacion_mnc
rio-cuarto,2024-25,4,-64.085408,-32.927253,2317,3924,1100019,validacion_mnc
rio-cuarto,2024-25,4,-64.072742,-32.922402,2299,3971,1100019,validacion_mnc
rio-cuarto,2024-25,4,-64.636255,-33.090836,2924,1880,1400009,validacion_mnc
rio-cuarto,2024-25,4,-64.391284,-32.972258,2484,2789,1200013,validacion_mnc
rio-cuarto,2024-25,4,-64.906828,-33.437945,4212,876,2100004,validacion_mnc
rio-cuarto,2024-25,4,-64.77235,-33.700702,5187,1375,2500006,validacion_mnc
rio-cuarto,2024-25,4,-64.753216,-33.405336,4091,1446,2000007,validacion_mnc
rio-cuarto,2024-25,4,-64.604994,-33.395365,4054,1996,2000009,validacion_mnc
rio-cuarto,2024-25,4,-64.518216,-33.465703,4315,2318,2100011,validacion_mnc
rio-cuarto,2024-25,4,-63.931796,-33.548168,4621,4494,2300022,validacion_mnc
rio-cuarto,2024-25,4,-64.5802,-32.993548,2563,2088,1200010,validacion_mnc
rio-cuarto,2024-25,4,-64.60715,-33.730886,5299,1988,2600009,validacion_mnc
rio-cuarto,2024-25,4,-64.792562,-33.696121,5170,1300,2500006,validacion_mnc
rio-cuarto,2024-25,4,-64.433595,-34.104136,6684,2632,3300013,validacion_mnc
rio-cuarto,2024-25,4,-64.52711,-33.476213,4354,2285,2100011,validacion_mnc
rio-cuarto,2024-25,4,-64.067891,-32.921324,2295,3989,1100019,validacion_mnc
rio-cuarto,2024-25,4,-64.795526,-33.711751,5228,1289,2600006,validacion_mnc
rio-cuarto,2024-25,4,-64.43117,-33.583472,4752,2641,2300013,validacion_mnc
rio-cuarto,2024-25,4,-64.115592,-33.396443,4058,3812,2000019,validacion_mnc
rio-cuarto,2024-25,4,-64.382661,-33.795025,5537,2821,2700014,validacion_mnc
rio-cuarto,2024-25,4,-64.742436,-33.287567,3654,1486,1800007,validacion_mnc
rio-cuarto,2024-25,4,-64.839993,-33.497773,4434,1124,2200005,validacion_mnc
rio-cuarto,2024-25,4,-64.454077,-32.762861,1707,2556,800012,validacion_mnc
rio-cuarto,2024-25,4,-64.523606,-33.571884,4709,2298,2300011,validacion_mnc
rio-cuarto,2024-25,4,-64.482104,-32.979265,2510,2452,1200012,validacion_mnc
rio-cuarto,2024-25,4,-64.772889,-33.669171,5070,1373,2500006,validacion_mnc
rio-cuarto,2024-25,4,-64.739202,-33.283255,3638,1498,1800007,validacion_mnc
rio-cuarto,2024-25,4,-64.088103,-33.970736,6189,3914,3000019,validacion_mnc
rio-cuarto,2024-25,4,-64.451382,-32.767981,1726,2566,800012,validacion_mnc
rio-cuarto,2024-25,4,-64.03097,-33.281099,3630,4126,1800020,validacion_mnc
rio-cuarto,2024-25,4,-64.126641,-32.487976,687,3771,300018,validacion_mnc
rio-cuarto,2024-25,4,-64.394788,-32.969563,2474,2776,1200013,validacion_mnc
rio-cuarto,2024-25,4,-64.835951,-33.498581,4437,1139,2200005,validacion_mnc
rio-cuarto,2024-25,4,-64.07382,-32.925636,2311,3967,1100019,validacion_mnc
rio-cuarto,2024-25,4,-64.123676,-33.212647,3376,3782,1600018,validacion_mnc
rio-cuarto,2024-25,4,-64.642992,-33.090566,2923,1855,1400009,validacion_mnc
rio-cuarto,2024-25,4,-64.085408,-32.925097,2309,3924,1100019,validacion_mnc
rio-cuarto,2024-25,4,-64.797682,-33.692348,5156,1281,2500006,validacion_mnc
rio-cuarto,2024-25,4,-64.038247,-33.276787,3614,4099,1800020,validacion_mnc
rio-cuarto,2024-25,4,-64.524954,-33.475135,4350,2293,2100011,validacion_mnc
rio-cuarto,2024-25,4,-64.226623,-32.931295,2332,3400,1100017,validacion_mnc
rio-cuarto,2024-25,4,-64.284834,-33.844073,5719,3184,2800015,validacion_mnc
rio-cuarto,2024-25,4,-64.647304,-33.377578,3988,1839,1900009,validacion_mnc
rio-cuarto,2024-25,4,-64.645687,-33.37677,3985,1845,1900009,validacion_mnc
rio-cuarto,2024-25,4,-63.943923,-33.545743,4612,4449,2300022,validacion_mnc
rio-cuarto,2024-25,4,-64.040403,-34.009004,6331,4091,3100020,validacion_mnc
rio-cuarto,2024-25,4,-64.579661,-32.995974,2572,2090,1200010,validacion_mnc
rio-cuarto,2024-25,4,-64.069508,-32.924827,2308,3983,1100019,validacion_mnc
rio-cuarto,2024-25,4,-64.744592,-33.309396,3735,1478,1800007,validacion_mnc
rio-cuarto,2024-25,4,-64.451382,-32.766634,1721,2566,800012,validacion_mnc
rio-cuarto,2024-25,4,-64.608228,-33.416655,4133,1984,2000009,validacion_mnc
rio-cuarto,2024-25,4,-64.122868,-33.665398,5056,3785,2500018,validacion_mnc
rio-cuarto,2024-25,4,-64.620624,-33.370841,3963,1938,1900009,validacion_mnc
rio-cuarto,2024-25,4,-64.793101,-33.711751,5228,1298,2600006,validacion_mnc
rio-cuarto,2024-25,4,-64.428205,-33.584819,4757,2652,2300013,validacion_mnc
rio-cuarto,2024-25,4,-64.05765,-34.150219,6855,4027,3400020,validacion_mnc
rio-cuarto,2024-25,4,-64.825171,-33.53146,4559,1179,2200005,validacion_mnc
rio-cuarto,2024-25,4,-63.991355,-32.342449,147,4273,21,validacion_mnc
rio-cuarto,2024-25,4,-64.837298,-33.495617,4426,1134,2200005,validacion_mnc
rio-cuarto,2024-25,4,-64.611192,-33.395904,4056,1973,2000009,validacion_mnc
rio-cuarto,2024-25,4,-64.60688,-33.386202,4020,1989,2000009,validacion_mnc
rio-cuarto,2024-25,4,-64.096727,-32.870389,2106,3882,1000019,validacion_mnc
rio-cuarto,2024-25,4,-64.072203,-32.921054,2294,3973,1100019,validacion_mnc
rio-cuarto,2024-25,4,-64.038516,-34.010082,6335,4098,3100020,validacion_mnc
rio-cuarto,2024-25,4,-64.526032,-33.523105,4528,2289,2200011,validacion_mnc
rio-cuarto,2024-25,4,-64.525223,-33.523914,4531,2292,2200011,validacion_mnc
rio-cuarto,2024-25,4,-64.16949,-32.953663,2415,3612,1200018,validacion_mnc
rio-cuarto,2024-25,4,-64.774236,-33.667285,5063,1368,2500006,validacion_mnc
rio-cuarto,2024-25,4,-64.461892,-33.613925,4865,2527,2400012,validacion_mnc
rio-cuarto,2024-25,4,-63.953086,-33.545204,4610,4415,2300022,validacion_mnc
rio-cuarto,2024-25,4,-64.120981,-32.493097,706,3792,300018,validacion_mnc
rio-cuarto,2024-25,4,-64.739741,-33.285141,3645,1496,1800007,validacion_mnc
rio-cuarto,2024-25,4,-64.111819,-32.920515,2292,3826,1100019,validacion_mnc
rio-cuarto,2024-25,4,-64.40449,-32.978726,2508,2740,1200013,validacion_mnc
rio-cuarto,2024-25,4,-64.399908,-32.979804,2512,2757,1200013,validacion_mnc
rio-cuarto,2024-25,4,-64.608228,-33.415846,4130,1984,2000009,validacion_mnc
rio-cuarto,2024-25,4,-64.082713,-32.927792,2319,3934,1100019,validacion_mnc
rio-cuarto,2024-25,4,-64.393979,-32.963365,2451,2779,1200013,validacion_mnc
rio-cuarto,2024-25,4,-64.151704,-32.636199,1237,3678,600018,validacion_mnc
rio-cuarto,2024-25,4,-64.607958,-33.38728,4024,1985,2000009,validacion_mnc
rio-cuarto,2024-25,4,-64.122329,-32.988428,2544,3787,1200018,validacion_mnc
rio-cuarto,2024-25,4,-64.647304,-33.09919,2955,1839,1400009,validacion_mnc
rio-cuarto,2024-25,4,-64.12179,-32.489593,693,3789,300018,validacion_mnc
rio-cuarto,2024-25,4,-64.062501,-34.14995,6854,4009,3400020,validacion_mnc
rio-cuarto,2024-25,4,-64.453268,-32.7634,1709,2559,800012,validacion_mnc
rio-cuarto,2024-25,4,-64.124485,-32.493366,707,3779,300018,validacion_mnc
rio-cuarto,2024-25,4,-64.426858,-33.588862,4772,2657,2300013,validacion_mnc
rio-cuarto,2024-25,4,-64.58047,-32.991662,2556,2087,1200010,validacion_mnc
rio-cuarto,2024-25,4,-64.067352,-33.427704,4174,3991,2000019,validacion_mnc
rio-cuarto,2024-25,4,-64.429014,-33.578621,4734,2649,2300013,validacion_mnc
rio-cuarto,2024-25,4,-64.582895,-33.031817,2705,2078,1300010,validacion_mnc
rio-cuarto,2024-25,4,-64.760223,-33.703397,5197,1420,2500007,validacion_mnc
rio-cuarto,2024-25,4,-64.607958,-33.390783,4037,1985,2000009,validacion_mnc
rio-cuarto,2024-25,4,-64.480487,-32.979535,2511,2458,1200012,validacion_mnc
