{"type": "FeatureCollection", "features": [{"type": "Feature", "properties": {"zona": "rio-cuarto", "nombre": "Departamento Río Cuarto", "in1": "14098", "fuente": "IGN, capa ign:departamento via WFS (wms.ign.gob.ar), 2026-08-04"}, "geometry": {"type": "MultiPolygon", "coordinates": [[[[-64.1632324, -32.30616326], [-64.16256943, -32.30628711], [-64.1608036, -32.30614682], [-64.14884751, -32.30651989], [-64.13097744, -32.30707302], [-64.13052975, -32.30708685], [-64.11398179, -32.30752623], [-64.11397003, -32.30752654], [-64.10979851, -32.30763731], [-64.10964804, -32.30764129], [-64.09651259, -32.30785638], [-64.08942324, -32.30812629], [-64.08203529, -32.31053397], [-64.05983106, -32.31857897], [-64.05454872, -32.32054457], [-64.04651933, -32.32359598], [-64.04513924, -32.32407315], [-64.04377325, -32.32446669], [-64.03505744, -32.32483513], [-64.02168349, -32.32561146], [-64.01487766, -32.32593771], [-63.99385334, -32.32725036], [-63.98621069, -32.32762624], [-63.98193315, -32.32948346], [-63.98202021, -32.32981767], [-63.98481966, -32.34096985], [-63.9861166, -32.34681439], [-63.98802943, -32.35413108], [-63.98954341, -32.3599652], [-63.98860162, -32.36089564], [-63.98733461, -32.36109786], [-63.97568243, -32.3635743], [-63.92687396, -32.37325976], [-63.92039397, -32.3745207], [-63.92607902, -32.39557969], [-63.93175189, -32.41570968], [-63.93658808, -32.43268894], [-63.94236116, -32.45316414], [-63.94395656, -32.45787549], [-63.94412547, -32.4587151], [-63.96200006, -32.46770791], [-63.96993245, -32.47154031], [-63.97301155, -32.47291183], [-63.97793603, -32.47556243], [-63.97788474, -32.47613139], [-63.97414849, -32.47701745], [-63.97818433, -32.49451068], [-63.98307686, -32.51199701], [-63.9854843, -32.52103005], [-63.98872289, -32.53434799], [-63.98772419, -32.53380235], [-63.9931355, -32.55567804], [-63.99720573, -32.57329487], [-64.00480157, -32.59882139], [-64.01120166, -32.62011397], [-64.01836128, -32.64830326], [-64.02197576, -32.66242158], [-64.02593255, -32.6807752], [-64.04401306, -32.75036289], [-64.03148201, -32.74554329], [-63.9857543, -32.72783532], [-63.97341872, -32.72321712], [-63.97739719, -32.73768748], [-63.97932717, -32.74469644], [-63.98177337, -32.75386446], [-63.98640418, -32.77174302], [-63.99140338, -32.78959141], [-63.99351766, -32.79753933], [-63.99587317, -32.80550507], [-63.99628013, -32.80688133], [-63.99712612, -32.80994957], [-63.99871752, -32.81572066], [-64.00012683, -32.82092089], [-64.00106588, -32.82438593], [-64.00228976, -32.8302633], [-64.00451774, -32.83819514], [-64.00526529, -32.84183317], [-64.007765, -32.85080182], [-64.01267978, -32.86842975], [-64.0179768, -32.88671199], [-64.0223638, -32.90276837], [-64.03759445, -32.89974162], [-64.04059003, -32.91080884], [-64.04265866, -32.91077014], [-64.03682613, -32.91879744], [-64.04646144, -32.92532443], [-64.03557096, -32.92742911], [-64.03605304, -32.92921016], [-64.02933722, -32.93051351], [-64.03295449, -32.94448669], [-64.03456859, -32.95071995], [-64.03662002, -32.95864206], [-64.03913255, -32.96839885], [-64.04092879, -32.97537414], [-64.04334912, -32.98430198], [-64.04637155, -32.99544803], [-64.04803086, -33.00187252], [-64.0538533, -33.0014043], [-64.06384092, -33.00051839], [-64.0663499, -33.01050077], [-64.06909557, -33.02167444], [-64.07114041, -33.02969759], [-64.07315143, -33.03811897], [-64.07517795, -33.04628096], [-64.07482704, -33.04631612], [-64.07437551, -33.04620753], [-64.07387994, -33.04626044], [-64.07345759, -33.04605473], [-64.0731473, -33.04564736], [-64.07194423, -33.04558565], [-64.0710834, -33.04541628], [-64.07020172, -33.04510246], [-64.06939696, -33.04483618], [-64.06848617, -33.04459356], [-64.06775895, -33.04431428], [-64.06720915, -33.04428588], [-64.06712529, -33.04428155], [-64.06610993, -33.04449971], [-64.06511635, -33.04462238], [-64.06423342, -33.04455376], [-64.06348562, -33.04444595], [-64.06273508, -33.04410968], [-64.06196355, -33.04388777], [-64.060924, -33.04371155], [-64.0600677, -33.04336785], [-64.05922914, -33.04297832], [-64.05873674, -33.0427383], [-64.05822787, -33.04265101], [-64.05773389, -33.04279907], [-64.05710976, -33.04316407], [-64.05669159, -33.04335894], [-64.05644276, -33.0434749], [-64.0556484, -33.04377162], [-64.05516595, -33.0438849], [-64.05490717, -33.04394566], [-64.0547624, -33.04395169], [-64.05398285, -33.0439841], [-64.05331238, -33.04400494], [-64.05269656, -33.04405595], [-64.0524117, -33.04409654], [-64.05212742, -33.04413705], [-64.05190001, -33.04416945], [-64.05172207, -33.04427816], [-64.05138852, -33.04448191], [-64.05121596, -33.04458732], [-64.05105114, -33.0447465], [-64.05092918, -33.04486429], [-64.05068862, -33.04493504], [-64.05033775, -33.04503823], [-64.04953794, -33.04487719], [-64.04891741, -33.04453143], [-64.04829797, -33.04427713], [-64.04769689, -33.04405329], [-64.04706134, -33.04398234], [-64.04644227, -33.04375865], [-64.04582392, -33.04359606], [-64.04524511, -33.0437077], [-64.04457615, -33.04388107], [-64.04381499, -33.04391807], [-64.04310786, -33.04390867], [-64.04204525, -33.04371916], [-64.0412203, -33.04387409], [-64.04058163, -33.04414348], [-64.04027621, -33.0442338], [-64.03973238, -33.04439462], [-64.03878933, -33.04437199], [-64.03773829, -33.04442654], [-64.03694065, -33.04444849], [-64.03666399, -33.04453029], [-64.03609139, -33.04469961], [-64.03529838, -33.04511829], [-64.03468397, -33.04529116], [-64.03399644, -33.04541896], [-64.03380334, -33.04547762], [-64.03344678, -33.04558594], [-64.03327368, -33.04563852], [-64.03288916, -33.04567302], [-64.03212592, -33.04574148], [-64.03171545, -33.04591845], [-64.03140422, -33.04605263], [-64.03069751, -33.04634238], [-64.02970582, -33.04657024], [-64.02883745, -33.04673], [-64.02802249, -33.04681301], [-64.02707923, -33.04677498], [-64.02650204, -33.04669898], [-64.02620738, -33.04666019], [-64.02540087, -33.04672948], [-64.02502996, -33.04676134], [-64.0244504, -33.04681191], [-64.02377996, -33.04686322], [-64.02303528, -33.04674723], [-64.02211126, -33.04681579], [-64.02107497, -33.04706979], [-64.02051422, -33.04716586], [-64.01973525, -33.04724852], [-64.01948667, -33.04737498], [-64.0193389, -33.04745016], [-64.01905242, -33.04778817], [-64.01862188, -33.04817316], [-64.01818894, -33.04837509], [-64.01739335, -33.04857998], [-64.01687105, -33.04888942], [-64.01640174, -33.04906114], [-64.01576635, -33.04900521], [-64.01503476, -33.04846191], [-64.01457594, -33.04797725], [-64.01406405, -33.04759994], [-64.01340021, -33.04746872], [-64.01263882, -33.04749008], [-64.01195124, -33.04761776], [-64.01184973, -33.04768113], [-64.01135703, -33.04798874], [-64.01122641, -33.04808486], [-64.01085369, -33.04835912], [-64.01062215, -33.04843208], [-64.01025738, -33.04854703], [-64.00973331, -33.04870387], [-64.00957128, -33.04878135], [-64.0092464, -33.04893669], [-64.00882422, -33.04901316], [-64.00854079, -33.0490645], [-64.00776092, -33.04907081], [-64.00751723, -33.04912264], [-64.0071642, -33.04919772], [-64.00689092, -33.04926851], [-64.00649511, -33.04937103], [-64.00580646, -33.04940707], [-64.00513299, -33.04916831], [-64.00458247, -33.04860818], [-64.00382818, -33.04838669], [-64.00301352, -33.04850016], [-64.0025259, -33.04867185], [-64.00192882, -33.04876826], [-64.00127578, -33.04874301], [-64.00105119, -33.04874929], [-64.00051437, -33.0487643], [-63.99995433, -33.04895187], [-63.99928524, -33.04912514], [-63.99877229, -33.04902154], [-63.99870374, -33.0490077], [-63.99789635, -33.04871122], [-63.99728887, -33.04867228], [-63.99666337, -33.04870577], [-63.99579343, -33.04875852], [-63.99508746, -33.04885576], [-63.99457999, -33.0488903], [-63.99408981, -33.04904946], [-63.99400193, -33.04907799], [-63.99348022, -33.04944831], [-63.99304772, -33.04969596], [-63.99247069, -33.04997524], [-63.99189193, -33.05010194], [-63.99134679, -33.05001467], [-63.99089167, -33.04985051], [-63.9902756, -33.0498859], [-63.98958966, -33.05016603], [-63.98922855, -33.05030618], [-63.98888283, -33.05018682], [-63.98846542, -33.05017495], [-63.98794164, -33.05036218], [-63.98747283, -33.05049388], [-63.9873659, -33.05052392], [-63.98691582, -33.05078937], [-63.9866736, -33.05093929], [-63.98651708, -33.050983], [-63.98566129, -33.05122198], [-63.98482964, -33.05145744], [-63.98380012, -33.05175413], [-63.98359854, -33.05172506], [-63.98344627, -33.05170311], [-63.98297069, -33.05179283], [-63.98259835, -33.05192606], [-63.98199856, -33.05193079], [-63.98179148, -33.05201881], [-63.98165162, -33.05214561], [-63.98148033, -33.05252168], [-63.98138606, -33.05261135], [-63.98122517, -33.05276438], [-63.98086387, -33.05288249], [-63.98061324, -33.05288446], [-63.97980838, -33.05289078], [-63.97939992, -33.05296599], [-63.97917208, -33.05310504], [-63.97759969, -33.05406466], [-63.97657643, -33.05428486], [-63.98358371, -33.07846561], [-63.98761378, -33.09409498], [-63.99205939, -33.11132897], [-63.99252295, -33.11131524], [-64.00121645, -33.11105764], [-64.00773682, -33.11087139], [-64.0164306, -33.11062252], [-64.02621102, -33.11034182], [-64.03794959, -33.11000391], [-64.04359823, -33.10984091], [-64.04883046, -33.1096822], [-64.04832925, -33.12746139], [-64.04819645, -33.16040026], [-64.04804171, -33.17224151], [-64.04802124, -33.18245242], [-64.04793693, -33.19264411], [-64.04759778, -33.19257159], [-64.04692091, -33.19242684], [-64.04545656, -33.19262532], [-64.04426442, -33.19352528], [-64.04384632, -33.19478281], [-64.04372564, -33.1949909], [-64.04332767, -33.19567712], [-64.04293969, -33.19605154], [-64.04245342, -33.1965208], [-64.04218598, -33.1967789], [-64.04152277, -33.19709149], [-64.04017634, -33.19772612], [-64.03829907, -33.19766089], [-64.03675046, -33.1969052], [-64.03659183, -33.19569295], [-64.03730585, -33.19503976], [-64.03790927, -33.19452226], [-64.03811559, -33.19434531], [-64.03803829, -33.19379521], [-64.0379055, -33.19285032], [-64.0370181, -33.19103736], [-64.03627458, -33.18918273], [-64.03491238, -33.18789958], [-64.03326729, -33.1871042], [-64.0314393, -33.18711936], [-64.03043761, -33.1878558], [-64.02973307, -33.18931793], [-64.02981442, -33.19015898], [-64.02989727, -33.19101558], [-64.03022476, -33.19188933], [-64.03024491, -33.19194311], [-64.02943607, -33.1927184], [-64.02828384, -33.19293019], [-64.02683492, -33.19245672], [-64.02561807, -33.19125317], [-64.0235712, -33.18900468], [-64.02243609, -33.18654639], [-64.02232015, -33.18484834], [-64.02312475, -33.18370905], [-64.02422266, -33.18297187], [-64.02493243, -33.18195472], [-64.02506402, -33.18086141], [-64.02423405, -33.17981647], [-64.02283676, -33.1796257], [-64.02243837, -33.17973326], [-64.02173875, -33.17992216], [-64.02144605, -33.18000119], [-64.0207997, -33.18078978], [-64.02054478, -33.18110081], [-64.01896584, -33.18184189], [-64.01815231, -33.18221262], [-64.01656959, -33.18263008], [-64.01431714, -33.1833766], [-64.01310184, -33.18438129], [-64.01298281, -33.18447969], [-64.01165639, -33.1857795], [-64.01131776, -33.18611134], [-64.01009523, -33.18686069], [-64.00998011, -33.18693125], [-64.00941537, -33.18802806], [-64.00934967, -33.18811078], [-64.00870398, -33.18892378], [-64.00774694, -33.18937652], [-64.00716411, -33.1888958], [-64.00691432, -33.18808877], [-64.00569733, -33.18684457], [-64.00510252, -33.18531217], [-64.00475424, -33.18430367], [-64.00349846, -33.18386882], [-64.0019619, -33.18412391], [-64.00123228, -33.18453244], [-64.00086241, -33.18473955], [-63.99976841, -33.18584056], [-63.99845079, -33.18701572], [-63.99754446, -33.18749307], [-63.99588388, -33.18836019], [-63.99468924, -33.18931974], [-63.99434865, -33.19117992], [-63.99457131, -33.19259735], [-63.99620672, -33.19448055], [-63.99647075, -33.19538229], [-63.99578382, -33.19629789], [-63.99440374, -33.1964417], [-63.9929024, -33.19557638], [-63.99243961, -33.1944669], [-63.99190841, -33.19395835], [-63.99107299, -33.19371851], [-63.99040866, -33.19418506], [-63.99008793, -33.19531663], [-63.98959388, -33.19598053], [-63.98890315, -33.19681528], [-63.9875316, -33.19718412], [-63.98555632, -33.19695706], [-63.98381437, -33.19608166], [-63.98263563, -33.19505651], [-63.98193767, -33.19416161], [-63.98089662, -33.1936697], [-63.97958756, -33.19321413], [-63.97834949, -33.19357543], [-63.97652358, -33.19379203], [-63.97547144, -33.19436662], [-63.97489905, -33.19481609], [-63.97410188, -33.19599546], [-63.97263842, -33.19715522], [-63.97213219, -33.1973744], [-63.97093704, -33.19715299], [-63.97063763, -33.19634615], [-63.97111223, -33.19529068], [-63.97244079, -33.19402627], [-63.97240118, -33.19222405], [-63.97147825, -33.19140587], [-63.9707223, -33.19128889], [-63.96937704, -33.19146118], [-63.96880363, -33.19247742], [-63.96884231, -33.19355787], [-63.96893216, -33.1944177], [-63.96872819, -33.19563288], [-63.96789736, -33.19693383], [-63.96588762, -33.19792032], [-63.96404503, -33.1973729], [-63.96378075, -33.19603536], [-63.9647783, -33.19443063], [-63.96562872, -33.19306798], [-63.96571168, -33.19153013], [-63.96406116, -33.1908843], [-63.96234744, -33.19098984], [-63.96161047, -33.1916556], [-63.96191105, -33.19304427], [-63.96223929, -33.19429297], [-63.96237725, -33.19540214], [-63.96233381, -33.19652719], [-63.96150411, -33.19746882], [-63.96016493, -33.19820731], [-63.95844214, -33.19907011], [-63.95739598, -33.20021084], [-63.95678107, -33.20118643], [-63.95548638, -33.20160091], [-63.95428002, -33.20128654], [-63.95334851, -33.19969397], [-63.95328323, -33.19799654], [-63.95175568, -33.19614084], [-63.95201196, -33.19243037], [-63.95138675, -33.1910716], [-63.94982751, -33.19059693], [-63.94849003, -33.19089395], [-63.94656917, -33.1912322], [-63.94431067, -33.19149207], [-63.94263942, -33.19267787], [-63.94206601, -33.19304629], [-63.94136254, -33.19475064], [-63.94085106, -33.19641308], [-63.94033307, -33.19746877], [-63.9385568, -33.19784626], [-63.93562367, -33.19803015], [-63.93355483, -33.19804569], [-63.93090906, -33.19810596], [-63.92808065, -33.19909796], [-63.92622085, -33.20068948], [-63.92633625, -33.20250901], [-63.92707631, -33.20424297], [-63.92779659, -33.2060515], [-63.92691888, -33.2069545], [-63.92518619, -33.20702329], [-63.92362257, -33.20527998], [-63.92322744, -33.20431204], [-63.92266238, -33.20215296], [-63.92160761, -33.20049574], [-63.92108024, -33.19966713], [-63.91908051, -33.19888158], [-63.91739696, -33.19893445], [-63.91576743, -33.19955325], [-63.91409858, -33.20102183], [-63.91334471, -33.20256458], [-63.91212115, -33.20415837], [-63.91035015, -33.20515095], [-63.9074097, -33.20564198], [-63.90641564, -33.20520689], [-63.90605367, -33.20465168], [-63.90603665, -33.20372399], [-63.90675207, -33.20253188], [-63.90828988, -33.20165898], [-63.9086341, -33.2004955], [-63.90810193, -33.19914006], [-63.90737266, -33.19829751], [-63.9066891, -33.19723333], [-63.90634725, -33.19577916], [-63.90602129, -33.19430779], [-63.90488875, -33.19330588], [-63.90376278, -33.19282762], [-63.90187679, -33.19357336], [-63.90118433, -33.19542724], [-63.9015417, -33.19736261], [-63.90160637, -33.19895101], [-63.89999355, -33.20039647], [-63.89821869, -33.20093519], [-63.89759403, -33.2010206], [-63.89622466, -33.20022662], [-63.89421071, -33.19910191], [-63.89258223, -33.19821186], [-63.89142408, -33.198199], [-63.89015324, -33.19948783], [-63.8901737, -33.20026483], [-63.89105124, -33.20114852], [-63.89192874, -33.20182164], [-63.89284918, -33.20387522], [-63.89295453, -33.20598688], [-63.8919407, -33.20701461], [-63.89043806, -33.20735421], [-63.89045019, -33.21314151], [-63.89012619, -33.22204776], [-63.89002008, -33.23683572], [-63.88997628, -33.27871507], [-63.88935813, -33.31553723], [-63.88919224, -33.33786293], [-63.88900097, -33.372155], [-63.88858761, -33.3953005], [-63.88855826, -33.4492511], [-63.88825108, -33.47034111], [-63.88805957, -33.48904099], [-63.88793818, -33.50083544], [-63.88776553, -33.52520433], [-63.88778593, -33.55253899], [-63.88762757, -33.56780077], [-63.88739892, -33.57460025], [-63.88706522, -33.575859], [-63.88677843, -33.58289104], [-63.88613644, -33.60664445], [-63.88573833, -33.6186416], [-63.88551841, -33.62856162], [-63.88544335, -33.63194724], [-63.88540522, -33.63366707], [-63.88540437, -33.63398672], [-63.88537951, -33.64328866], [-63.88561009, -33.64328757], [-63.88565041, -33.64328738], [-63.90239096, -33.64320736], [-63.91900498, -33.64315723], [-63.92779365, -33.64313071], [-63.92976486, -33.64312476], [-63.9372213, -33.64312976], [-63.94918166, -33.64313778], [-63.9608037, -33.64318346], [-63.97468367, -33.64326675], [-63.97477859, -33.64326683], [-63.97491611, -33.64326694], [-63.98029044, -33.64327151], [-63.98034047, -33.64327155], [-63.98049497, -33.64327158], [-63.9976741, -33.64328561], [-64.00465763, -33.64329133], [-64.0079381, -33.64322573], [-64.0087423, -33.64320964], [-64.02117996, -33.6429609], [-64.03361949, -33.64307565], [-64.03585611, -33.64313261], [-64.03921319, -33.64310444], [-64.03921577, -33.64369834], [-64.03921588, -33.64372354], [-64.0392153, -33.64375114], [-64.03913066, -33.64780114], [-64.03877598, -33.66477244], [-64.03857548, -33.67635661], [-64.03781197, -33.71492588], [-64.03724626, -33.76994492], [-64.0366685, -33.81161829], [-64.03598879, -33.83282155], [-64.03482592, -33.83283132], [-64.0346886, -33.84625734], [-64.0347547, -33.85845998], [-64.0347086, -33.86745336], [-64.03467393, -33.89479745], [-64.03520341, -33.93085905], [-64.03530969, -33.95068011], [-64.03509019, -33.98667989], [-64.03495457, -34.00342532], [-64.0344468, -34.02165926], [-64.03300323, -34.02161291], [-64.03269529, -34.03784826], [-64.03158441, -34.08982208], [-64.03114613, -34.12738423], [-64.03098001, -34.14162253], [-64.03100357, -34.15554947], [-64.03171195, -34.17423414], [-64.03301536, -34.17449854], [-64.03431878, -34.17476292], [-64.03560227, -34.1750612], [-64.03688576, -34.17535946], [-64.03816927, -34.17565772], [-64.03945279, -34.17595595], [-64.04112469, -34.17649895], [-64.04209797, -34.17682086], [-64.04351935, -34.17720086], [-64.04497853, -34.17778982], [-64.04682676, -34.17851695], [-64.04785004, -34.17885903], [-64.04867554, -34.17928533], [-64.04965066, -34.17975161], [-64.05090804, -34.18020167], [-64.05183016, -34.18040013], [-64.05319938, -34.18057411], [-64.05421963, -34.18066852], [-64.05551327, -34.18076058], [-64.05628448, -34.18081585], [-64.0570808, -34.18089153], [-64.05881768, -34.18064956], [-64.05999699, -34.18049411], [-64.06116759, -34.18028612], [-64.06233819, -34.18007812], [-64.06356596, -34.17967906], [-64.06510085, -34.17919112], [-64.06611461, -34.1787696], [-64.06685499, -34.17835045], [-64.06762229, -34.17809615], [-64.06836317, -34.17771825], [-64.06898593, -34.17738698], [-64.06932286, -34.17720178], [-64.07094377, -34.17755217], [-64.07238531, -34.17792067], [-64.0735912, -34.17823644], [-64.0747971, -34.17855219], [-64.07589734, -34.17875795], [-64.07673902, -34.17903224], [-64.07708288, -34.17939374], [-64.07774834, -34.18061906], [-64.07841381, -34.18184436], [-64.07895118, -34.18277303], [-64.07948857, -34.18370171], [-64.08002597, -34.18463037], [-64.08065143, -34.18562173], [-64.08127692, -34.18661309], [-64.08190241, -34.18760445], [-64.08244488, -34.18848695], [-64.08298736, -34.18936944], [-64.08352985, -34.19025194], [-64.08392609, -34.19125655], [-64.08432234, -34.19226116], [-64.0847186, -34.19326577], [-64.08511486, -34.19427038], [-64.08551114, -34.19527498], [-64.08612542, -34.19598573], [-64.08655372, -34.19641805], [-64.08742058, -34.19754795], [-64.08828747, -34.19867784], [-64.08938946, -34.1986922], [-64.09049146, -34.19870655], [-64.09160578, -34.19870843], [-64.09272009, -34.19871029], [-64.09383441, -34.19871215], [-64.09494872, -34.198714], [-64.09606304, -34.19871583], [-64.09717735, -34.19871766], [-64.09829167, -34.19871947], [-64.09943203, -34.19872101], [-64.10057238, -34.19872253], [-64.10171274, -34.19872405], [-64.1028531, -34.19872555], [-64.10399346, -34.19872704], [-64.10513382, -34.19872852], [-64.10627418, -34.19872999], [-64.10741453, -34.19873145], [-64.10855489, -34.1987329], [-64.10969525, -34.19873434], [-64.1108356, -34.19873577], [-64.11165806, -34.19940531], [-64.11248052, -34.20007485], [-64.113303, -34.20074439], [-64.11412549, -34.20141391], [-64.114948, -34.20208343], [-64.11577052, -34.20275295], [-64.11659305, -34.20342246], [-64.11741559, -34.20409196], [-64.11823815, -34.20476146], [-64.11906072, -34.20543095], [-64.11988331, -34.20610044], [-64.1207059, -34.20676992], [-64.12199007, -34.20625138], [-64.12263301, -34.20605725], [-64.12367813, -34.20593184], [-64.12449685, -34.20583746], [-64.1254506, -34.20591595], [-64.1267618, -34.20612112], [-64.1273395, -34.20651591], [-64.1280999, -34.20703554], [-64.12948985, -34.20660282], [-64.13009847, -34.20645242], [-64.13098426, -34.20615465], [-64.13278062, -34.20610911], [-64.13358383, -34.20615961], [-64.13449053, -34.20612227], [-64.13624986, -34.20664204], [-64.13723315, -34.20711077], [-64.13816335, -34.20752206], [-64.13876249, -34.20796538], [-64.14061278, -34.20803506], [-64.14215047, -34.20807304], [-64.14368816, -34.208111], [-64.14478869, -34.20813131], [-64.14588923, -34.20815161], [-64.14698976, -34.2081719], [-64.1480903, -34.20819218], [-64.14919083, -34.20821245], [-64.15029137, -34.20823272], [-64.1513919, -34.20825297], [-64.15249244, -34.20827321], [-64.15359297, -34.20829344], [-64.15469351, -34.20831366], [-64.15579404, -34.20833387], [-64.15689458, -34.20835408], [-64.15799512, -34.20837427], [-64.15909565, -34.20839445], [-64.16019619, -34.20841462], [-64.16097535, -34.20904193], [-64.16175451, -34.20966924], [-64.16253368, -34.21029653], [-64.16331288, -34.21092383], [-64.16409207, -34.21155111], [-64.16487127, -34.21217839], [-64.1656505, -34.21280567], [-64.16642974, -34.21343294], [-64.16720898, -34.21406021], [-64.16807111, -34.21475945], [-64.16893325, -34.21545868], [-64.16979542, -34.21615792], [-64.17087314, -34.21703194], [-64.17195088, -34.21790596], [-64.17305641, -34.21821964], [-64.1742357, -34.21872911], [-64.17541501, -34.21923858], [-64.17659432, -34.21974803], [-64.17760317, -34.22024283], [-64.17861205, -34.22073763], [-64.17861208, -34.22073764], [-64.17962091, -34.22123241], [-64.18062979, -34.22172718], [-64.18192081, -34.22259906], [-64.18327835, -34.22314603], [-64.18413411, -34.22337358], [-64.18520299, -34.22359907], [-64.18587579, -34.22344518], [-64.18786477, -34.22282764], [-64.1886679, -34.22263319], [-64.18943695, -34.22327056], [-64.190206, -34.22390793], [-64.19097508, -34.2245453], [-64.19174417, -34.22518267], [-64.19251327, -34.22582003], [-64.19328237, -34.22645738], [-64.19405149, -34.22709472], [-64.19482062, -34.22773207], [-64.19558976, -34.2283694], [-64.19635892, -34.22900673], [-64.197192, -34.22969702], [-64.19802508, -34.23038729], [-64.1988582, -34.23107757], [-64.19969132, -34.23176784], [-64.20052445, -34.23245809], [-64.2013576, -34.23314835], [-64.2017634, -34.23348454], [-64.20253821, -34.23412645], [-64.20339595, -34.23483703], [-64.20425369, -34.2355476], [-64.20511146, -34.23625817], [-64.20596923, -34.23696873], [-64.20682702, -34.23767928], [-64.20768483, -34.23838983], [-64.20854265, -34.23910037], [-64.20898474, -34.23905343], [-64.21024722, -34.23904097], [-64.21170961, -34.23917798], [-64.21308876, -34.23916854], [-64.21446792, -34.23915909], [-64.21584708, -34.23914963], [-64.21697295, -34.23915304], [-64.21809882, -34.23915644], [-64.21922469, -34.23915983], [-64.22035056, -34.23916321], [-64.22143743, -34.23911166], [-64.22252429, -34.23906011], [-64.22361115, -34.23900854], [-64.22469801, -34.23895696], [-64.22578487, -34.23890538], [-64.22687173, -34.23885378], [-64.22795858, -34.23880218], [-64.22904543, -34.23875057], [-64.23013229, -34.23869894], [-64.23137227, -34.23850974], [-64.23261224, -34.23832052], [-64.2338522, -34.2381313], [-64.23509217, -34.23794206], [-64.23633212, -34.23775281], [-64.23763974, -34.2389316], [-64.23924609, -34.23889517], [-64.24058261, -34.23872003], [-64.24191911, -34.23854487], [-64.24340655, -34.23813008], [-64.2435299, -34.23797987], [-64.24377921, -34.23785817], [-64.24393732, -34.23763312], [-64.24400424, -34.23730473], [-64.24443222, -34.23713653], [-64.24486371, -34.23720663], [-64.24529235, -34.23708311], [-64.24561164, -34.23684152], [-64.245733, -34.23655727], [-64.24610433, -34.23619599], [-64.24678138, -34.23589118], [-64.24706831, -34.23588826], [-64.2474438, -34.23580996], [-64.24807145, -34.23580357], [-64.24843406, -34.23606801], [-64.24919186, -34.23637311], [-64.24956933, -34.23642885], [-64.25010798, -34.23646804], [-64.25029282, -34.23683856], [-64.2506012, -34.23707375], [-64.25099903, -34.23729314], [-64.25145133, -34.23755665], [-64.2519858, -34.23731286], [-64.25208391, -34.23667132], [-64.25165999, -34.23590106], [-64.25143973, -34.23556069], [-64.2511495, -34.23534021], [-64.25071779, -34.23525524], [-64.2505245, -34.23552534], [-64.25027476, -34.23561727], [-64.25004053, -34.23554517], [-64.2498227, -34.23536864], [-64.24944325, -34.23517886], [-64.24938417, -34.23482196], [-64.24950354, -34.23440365], [-64.2498206, -34.23401312], [-64.2502831, -34.23375517], [-64.25038277, -34.23321789], [-64.25039167, -34.23260706], [-64.25002775, -34.23225327], [-64.24962862, -34.23194452], [-64.24934534, -34.23097916], [-64.24933852, -34.23051745], [-64.24958253, -34.23003828], [-64.24984446, -34.22955894], [-64.25046479, -34.22906104], [-64.25080042, -34.22871501], [-64.2513344, -34.22844143], [-64.25217364, -34.22819452], [-64.2529241, -34.2280081], [-64.25327897, -34.22775124], [-64.25359621, -34.2273756], [-64.25422159, -34.22722024], [-64.25486732, -34.22722853], [-64.25535676, -34.22758103], [-64.25592257, -34.22824556], [-64.2563082, -34.22885235], [-64.2568738, -34.22950198], [-64.25777635, -34.22989492], [-64.25879978, -34.22997379], [-64.25926555, -34.22993922], [-64.2596213, -34.22974191], [-64.25968881, -34.2294582], [-64.25934612, -34.22932765], [-64.25910858, -34.22903217], [-64.25905146, -34.22880931], [-64.25928191, -34.22862819], [-64.2596392, -34.22853515], [-64.26010585, -34.22856014], [-64.26068032, -34.22859893], [-64.2612041, -34.22884677], [-64.26169068, -34.22900562], [-64.26205375, -34.22929981], [-64.26243609, -34.22968317], [-64.26316002, -34.2301226], [-64.26413344, -34.23045518], [-64.26481729, -34.23061198], [-64.26550136, -34.23078367], [-64.26623634, -34.23076119], [-64.26675412, -34.23060688], [-64.26734207, -34.23034757], [-64.2676783, -34.23004617], [-64.26804973, -34.22969973], [-64.2683873, -34.22948769], [-64.26895686, -34.22919877], [-64.26922381, -34.22906194], [-64.26968533, -34.22874435], [-64.26984001, -34.22829586], [-64.26971091, -34.22805886], [-64.26988664, -34.2278187], [-64.26997272, -34.22757947], [-64.2700402, -34.22729575], [-64.27028877, -34.22712932], [-64.27073905, -34.22725872], [-64.27140361, -34.22732631], [-64.27172458, -34.22720381], [-64.27182723, -34.22687503], [-64.2720572, -34.2266641], [-64.27239967, -34.22677972], [-64.27267356, -34.22710459], [-64.27280603, -34.22756499], [-64.2730519, -34.22841152], [-64.27312923, -34.22878311], [-64.27291787, -34.22903854], [-64.272635, -34.22930961], [-64.27264128, -34.22972663], [-64.27291697, -34.23017065], [-64.27363984, -34.23053555], [-64.27418272, -34.23085762], [-64.27456107, -34.23097286], [-64.27526265, -34.23111452], [-64.27585574, -34.23119773], [-64.27653692, -34.23117574], [-64.2771634, -34.23109474], [-64.27793334, -34.23101223], [-64.27827224, -34.23088953], [-64.27849927, -34.23048497], [-64.27836722, -34.23005436], [-64.27800477, -34.22980491], [-64.27748184, -34.22961671], [-64.27719606, -34.22969417], [-64.27675047, -34.22987756], [-64.27676054, -34.22935609], [-64.27700595, -34.22898114], [-64.27762815, -34.22861715], [-64.27835634, -34.22814778], [-64.27903434, -34.22791727], [-64.27958952, -34.22786679], [-64.27998288, -34.2277882], [-64.28036326, -34.22803746], [-64.28074522, -34.22839098], [-64.28094787, -34.22874637], [-64.28106223, -34.22919206], [-64.28167662, -34.22949845], [-64.28244586, -34.22937124], [-64.28310389, -34.22900685], [-64.28345574, -34.22855629], [-64.28380554, -34.22797168], [-64.28395833, -34.22740403], [-64.28416536, -34.2268656], [-64.28450566, -34.22565546], [-64.28458988, -34.22529707], [-64.28474628, -34.22496772], [-64.28474108, -34.22462517], [-64.28495058, -34.22425057], [-64.28514125, -34.22381659], [-64.28558204, -34.2233204], [-64.28606388, -34.22316638], [-64.28654481, -34.22295279], [-64.28751166, -34.22285327], [-64.28797444, -34.22262497], [-64.28836572, -34.22241231], [-64.28870253, -34.22215554], [-64.28914804, -34.2219721], [-64.28933733, -34.22144875], [-64.2891687, -34.22097385], [-64.28891088, -34.22052968], [-64.28908042, -34.21988737], [-64.28939497, -34.2193478], [-64.28971089, -34.2188976], [-64.29000841, -34.2184178], [-64.29076958, -34.21776926], [-64.29142363, -34.21715163], [-64.29174179, -34.21685036], [-64.29197395, -34.21678833], [-64.2922978, -34.2168594], [-64.29276485, -34.21691406], [-64.2930113, -34.21661354], [-64.29306054, -34.2163151], [-64.2932162, -34.21594106], [-64.29320824, -34.21541978], [-64.29357562, -34.21482006], [-64.29374762, -34.21434157], [-64.29431539, -34.21394829], [-64.29498168, -34.2141349], [-64.29522204, -34.21460904], [-64.29578784, -34.21525849], [-64.2960709, -34.21617905], [-64.29609499, -34.21658099], [-64.2959938, -34.21699915], [-64.29594777, -34.2175061], [-64.29566434, -34.21773253], [-64.29543468, -34.2179584], [-64.29559992, -34.21820989], [-64.29601182, -34.21817574], [-64.2969979, -34.21816532], [-64.29734038, -34.21828086], [-64.29759549, -34.21854629], [-64.29788669, -34.21882624], [-64.29824527, -34.21882244], [-64.29864244, -34.21899699], [-64.29899965, -34.21890383], [-64.2994465, -34.21880972], [-64.30005608, -34.21880326], [-64.30080886, -34.21878038], [-64.30104171, -34.21876301], [-64.30156165, -34.21875749], [-64.30216893, -34.21860209], [-64.3024751, -34.21868821], [-64.30263967, -34.21889501], [-64.30300489, -34.21932311], [-64.3036524, -34.21945029], [-64.30438749, -34.21944248], [-64.30499868, -34.21954025], [-64.30550345, -34.21971363], [-64.3060273, -34.21996128], [-64.30649598, -34.22012014], [-64.3071281, -34.22041133], [-64.30750921, -34.22070518], [-64.3082149, -34.22111475], [-64.30899185, -34.22149375], [-64.30956628, -34.22153231], [-64.310086, -34.22151186], [-64.31025883, -34.22109292], [-64.31030363, -34.2205115], [-64.31040728, -34.22025716], [-64.3109086, -34.22020711], [-64.31142947, -34.22026113], [-64.31179267, -34.22055516], [-64.31213979, -34.22096854], [-64.31253885, -34.22126219], [-64.31290807, -34.22194345], [-64.31331222, -34.22256475], [-64.31375017, -34.22305163], [-64.31393293, -34.22327311], [-64.31420558, -34.22350853], [-64.31465984, -34.22389095], [-64.31511063, -34.22404997], [-64.31534881, -34.22437513], [-64.31582194, -34.22481693], [-64.31631115, -34.2251394], [-64.31646502, -34.22580806], [-64.31654137, -34.22610516], [-64.31697471, -34.22629416], [-64.31763883, -34.22633171], [-64.31821121, -34.22623618], [-64.31876171, -34.22588765], [-64.31926004, -34.22564396], [-64.31986455, -34.22530974], [-64.3205275, -34.22527281], [-64.3217833, -34.22530397], [-64.32224902, -34.22526916], [-64.3226954, -34.22514517], [-64.32316158, -34.22514014], [-64.32382243, -34.22496915], [-64.32426812, -34.22480049], [-64.32476736, -34.22461634], [-64.32503397, -34.2244645], [-64.32533808, -34.22441653], [-64.32569388, -34.22423393], [-64.32602847, -34.22384302], [-64.32616561, -34.22343934], [-64.32612415, -34.22308229], [-64.32631694, -34.22279718], [-64.32656164, -34.22239234], [-64.32676745, -34.22179428], [-64.32706618, -34.22140375], [-64.32747294, -34.22104184], [-64.32795306, -34.22078341], [-64.32846785, -34.22045012], [-64.32903877, -34.22026519], [-64.32948372, -34.22005182], [-64.33012471, -34.21976185], [-64.3305352, -34.21963822], [-64.33109357, -34.21979602], [-64.33177698, -34.21992266], [-64.33263709, -34.21988353], [-64.33317379, -34.21980321], [-64.33363547, -34.21951517], [-64.33407994, -34.219272], [-64.33458006, -34.21914739], [-64.3352215, -34.21888718], [-64.3357051, -34.21885212], [-64.33631444, -34.21883058], [-64.33665249, -34.21866304], [-64.3371, -34.21861348], [-64.33788556, -34.21839637], [-64.33820521, -34.21819923], [-64.33840054, -34.21807793], [-64.33888107, -34.21784925], [-64.33919954, -34.21757764], [-64.33962864, -34.21749848], [-64.34007496, -34.21737443], [-64.34030236, -34.21701444], [-64.34022169, -34.21644928], [-64.34007355, -34.21615298], [-64.33983647, -34.21590234], [-64.33958053, -34.21559232], [-64.33957535, -34.21526467], [-64.33973198, -34.21496504], [-64.33990702, -34.214695], [-64.3403295, -34.21419881], [-64.34075764, -34.21406007], [-64.34115015, -34.21393661], [-64.34121761, -34.21366774], [-64.34123011, -34.213325], [-64.3413707, -34.21314471], [-64.34169127, -34.21300714], [-64.34190828, -34.21312393], [-64.34250367, -34.21335575], [-64.34289641, -34.21324718], [-64.34325307, -34.21312411], [-64.34360831, -34.21291167], [-64.3441808, -34.21283092], [-64.34475447, -34.21282463], [-64.34527602, -34.21292318], [-64.34567184, -34.21300822], [-64.34604926, -34.21306366], [-64.34651797, -34.21322237], [-64.34696545, -34.21317277], [-64.34747026, -34.21334597], [-64.3478085, -34.21319329], [-64.34866925, -34.21319873], [-64.34935049, -34.21319123], [-64.3497963, -34.21303737], [-64.35080022, -34.21302632], [-64.35123309, -34.2131854], [-64.35169801, -34.2131058], [-64.35223393, -34.21298072], [-64.35260659, -34.21273828], [-64.35289057, -34.21255639], [-64.35328496, -34.21255204], [-64.35364065, -34.21236937], [-64.3542681, -34.21236244], [-64.35460633, -34.21220974], [-64.35503372, -34.21202627], [-64.35554883, -34.21172266], [-64.35611891, -34.21149292], [-64.35663497, -34.21124888], [-64.35706545, -34.21125901], [-64.3574804, -34.21141827], [-64.35768118, -34.21163949], [-64.35813341, -34.21188771], [-64.35849338, -34.2119731], [-64.35902832, -34.21178842], [-64.3600143, -34.21177749], [-64.36046655, -34.21202571], [-64.36070391, -34.2122912], [-64.36063962, -34.21275369], [-64.36068314, -34.21322987], [-64.36092409, -34.21371877], [-64.36118011, -34.21402874], [-64.36150543, -34.21418898], [-64.36197131, -34.21416891], [-64.36304575, -34.2140825], [-64.36354772, -34.21407691], [-64.36421151, -34.21409932], [-64.36482296, -34.21421169], [-64.36566868, -34.21439592], [-64.36599137, -34.21439232], [-64.36694248, -34.21444131], [-64.36805374, -34.21441402], [-64.36871489, -34.21427258], [-64.36957396, -34.21417362], [-64.36998243, -34.21393072], [-64.37069422, -34.21359506], [-64.37128268, -34.21339483], [-64.37185128, -34.21307566], [-64.37244215, -34.21302436], [-64.37299934, -34.2131075], [-64.37329173, -34.21344683], [-64.37328347, -34.21404276], [-64.3730436, -34.21473065], [-64.37287616, -34.21546243], [-64.37301277, -34.21614611], [-64.37343043, -34.21646914], [-64.37400726, -34.21665632], [-64.37463691, -34.21678333], [-64.37515609, -34.21673282], [-64.37572518, -34.21644342], [-64.3757734, -34.21610027], [-64.3761947, -34.2155444], [-64.37656149, -34.21494444], [-64.37691253, -34.21447873], [-64.37739342, -34.21427968], [-64.37796685, -34.21425835], [-64.37843587, -34.21443183], [-64.37854853, -34.21474337], [-64.37864641, -34.21524873], [-64.37859845, -34.21560677], [-64.37860573, -34.21605357], [-64.379044, -34.2165402], [-64.37947573, -34.21662472], [-64.37996318, -34.21682778], [-64.38028588, -34.21682415], [-64.38059138, -34.21686539], [-64.38107665, -34.21693441], [-64.38156046, -34.21691406], [-64.38218234, -34.21656445], [-64.38273396, -34.216305], [-64.38343192, -34.21622265], [-64.3838806, -34.21624738], [-64.38411366, -34.21624475], [-64.38472296, -34.21622298], [-64.38520359, -34.21600901], [-64.3857041, -34.21591398], [-64.38641852, -34.21574205], [-64.38692611, -34.21607891], [-64.3873443, -34.21643168], [-64.38781507, -34.21670938], [-64.38824387, -34.21661515], [-64.388724, -34.21637138], [-64.38900425, -34.21596602], [-64.3890846, -34.21539906], [-64.38884738, -34.21514852], [-64.38843065, -34.21488512], [-64.38801197, -34.21450256], [-64.38789879, -34.21416124], [-64.387625, -34.21386642], [-64.38736792, -34.21349693], [-64.38752145, -34.21301853], [-64.38814083, -34.21251996], [-64.38896547, -34.21251062], [-64.38965207, -34.21283055], [-64.39026843, -34.21324065], [-64.390652, -34.21366828], [-64.39117825, -34.2140496], [-64.39177254, -34.21420671], [-64.39223864, -34.21420142], [-64.39280962, -34.21403108], [-64.39344715, -34.21354718], [-64.3936893, -34.21300817], [-64.39407609, -34.21254201], [-64.39417408, -34.21195995], [-64.39382734, -34.2115915], [-64.39319476, -34.21128588], [-64.39268718, -34.21094904], [-64.39223461, -34.21068605], [-64.39202885, -34.21016703], [-64.39193187, -34.20972126], [-64.39192232, -34.20914043], [-64.39211142, -34.20864672], [-64.39262172, -34.20805999], [-64.39354872, -34.20773664], [-64.39428368, -34.20772829], [-64.39495184, -34.20801861], [-64.39585108, -34.20818713], [-64.39631126, -34.20782439], [-64.39646645, -34.20745023], [-64.3967842, -34.20714869], [-64.39719009, -34.20675678], [-64.39837269, -34.20671351], [-64.3990249, -34.20712315], [-64.39953297, -34.20748975], [-64.40024045, -34.20798813], [-64.40028197, -34.20833026], [-64.40044897, -34.20867096], [-64.40049024, -34.2089982], [-64.4009092, -34.2093956], [-64.40123433, -34.20954084], [-64.40170066, -34.20955041], [-64.40221879, -34.20944022], [-64.40270403, -34.20950915], [-64.40306773, -34.2098178], [-64.40339756, -34.210246], [-64.40383372, -34.21059851], [-64.40437497, -34.21080086], [-64.40491227, -34.21076491], [-64.40546798, -34.21075854], [-64.40600627, -34.21078216], [-64.40647607, -34.21100021], [-64.40692942, -34.21130783], [-64.40734743, -34.21164563], [-64.40767506, -34.21193979], [-64.40809233, -34.21223292], [-64.40842219, -34.21266111], [-64.40852125, -34.21322601], [-64.40849357, -34.21371789], [-64.40875075, -34.21408733], [-64.40888764, -34.21477096], [-64.40905717, -34.21526058], [-64.40949263, -34.21556838], [-64.40960912, -34.21610329], [-64.40986805, -34.21657698], [-64.41017629, -34.21678198], [-64.41047808, -34.21659976], [-64.41078285, -34.21659625], [-64.41102112, -34.21690632], [-64.41097181, -34.21717501], [-64.41067101, -34.21741681], [-64.41040259, -34.21744968], [-64.41002437, -34.21734976], [-64.40948555, -34.21729638], [-64.40903711, -34.21728663], [-64.40873506, -34.21745396], [-64.40846962, -34.21766555], [-64.40847457, -34.21796341], [-64.40831719, -34.21820355], [-64.40803579, -34.21853448], [-64.40741376, -34.21886933], [-64.40741996, -34.21924166], [-64.40751678, -34.21967252], [-64.40730437, -34.21983881], [-64.40672992, -34.21980072], [-64.40608822, -34.22003152], [-64.4057911, -34.22049669], [-64.40602937, -34.22080677], [-64.40609083, -34.22126784], [-64.40640007, -34.22153241], [-64.40689083, -34.22192897], [-64.40754171, -34.22224921], [-64.4081712, -34.22236115], [-64.4090512, -34.22244041], [-64.40976736, -34.2223726], [-64.41051938, -34.22230436], [-64.41107293, -34.22216393], [-64.41171663, -34.22205225], [-64.41205305, -34.22179515], [-64.41254983, -34.22147662], [-64.41290193, -34.22108527], [-64.41329387, -34.2209318], [-64.41383048, -34.22085113], [-64.41449085, -34.22066477], [-64.41480658, -34.22024404], [-64.4148905, -34.21990047], [-64.41513551, -34.21954015], [-64.41546917, -34.21911922], [-64.4158972, -34.21898021], [-64.41640193, -34.21913824], [-64.41696019, -34.21928074], [-64.41803912, -34.21946192], [-64.41877193, -34.21931938], [-64.41930327, -34.21892594], [-64.41951191, -34.21853624], [-64.41957488, -34.21801415], [-64.41987341, -34.2176383], [-64.41986416, -34.21708727], [-64.42003644, -34.21666819], [-64.42009965, -34.216161], [-64.42036081, -34.21569621], [-64.42065858, -34.21527568], [-64.42101087, -34.2148992], [-64.42102355, -34.21458625], [-64.42087338, -34.2141858], [-64.42086688, -34.21379859], [-64.42096619, -34.21330588], [-64.42124927, -34.21307916], [-64.42174821, -34.21289463], [-64.42244335, -34.21264823], [-64.42283198, -34.21230112], [-64.42318725, -34.21210335], [-64.42368468, -34.21182946], [-64.42398568, -34.21160253], [-64.42434445, -34.21161325], [-64.42461285, -34.21158035], [-64.42489766, -34.21145787], [-64.4249641, -34.21114429], [-64.42508131, -34.21065137], [-64.42548935, -34.2103934], [-64.42609432, -34.21011824], [-64.42662207, -34.20951627], [-64.42675468, -34.20887421], [-64.42660174, -34.20830995], [-64.42622103, -34.20806115], [-64.42596606, -34.20782578], [-64.42574744, -34.20761978], [-64.42554575, -34.207354], [-64.42518398, -34.20716456], [-64.42468006, -34.20705125], [-64.42442459, -34.2067861], [-64.42452513, -34.20636785], [-64.42484076, -34.2059471], [-64.4252291, -34.20558509], [-64.42605065, -34.20539679], [-64.4269108, -34.20537189], [-64.42772094, -34.205571], [-64.42824554, -34.20584791], [-64.42871637, -34.20612545], [-64.42921677, -34.20603024], [-64.42983226, -34.20638057], [-64.43042857, -34.20665663], [-64.4312983, -34.20719763], [-64.43135863, -34.20758421], [-64.43145782, -34.2081491], [-64.43173099, -34.20839913], [-64.43217762, -34.20830455], [-64.43240612, -34.20803375], [-64.43204106, -34.20765073], [-64.4320701, -34.2072482], [-64.43248314, -34.20728807], [-64.43320621, -34.20763712], [-64.43342132, -34.2076346], [-64.43388587, -34.2075398], [-64.4341699, -34.20737262], [-64.434615, -34.20718867], [-64.43606696, -34.20717168], [-64.43647419, -34.20686899], [-64.43693848, -34.20675928], [-64.43787135, -34.20679304], [-64.438373, -34.20677226], [-64.43873353, -34.2068872], [-64.43928947, -34.20689557], [-64.44002314, -34.20681248], [-64.44041521, -34.20667381], [-64.44077473, -34.20672917], [-64.44140744, -34.20703455], [-64.44225348, -34.20723314], [-64.44263296, -34.20740743], [-64.44287056, -34.20767275], [-64.44330102, -34.20768258], [-64.44367593, -34.2075888], [-64.44403444, -34.20758458], [-64.44419983, -34.20782096], [-64.44413423, -34.20817923], [-64.44414007, -34.20852176], [-64.44421482, -34.20869963], [-64.44448574, -34.20881561], [-64.44497049, -34.20885458], [-64.44538024, -34.2087008], [-64.44566222, -34.20841446], [-64.44585329, -34.20805471], [-64.44627638, -34.20763264], [-64.44695525, -34.20749057], [-64.44735292, -34.20767952], [-64.44762741, -34.20800399], [-64.44768628, -34.20830121], [-64.44796051, -34.20861078], [-64.44862579, -34.20872209], [-64.44948443, -34.20860767], [-64.44982247, -34.20845472], [-64.45021351, -34.20825645], [-64.45055027, -34.20802903], [-64.45097844, -34.2079048], [-64.45144016, -34.20764611], [-64.45199584, -34.20763953], [-64.45262119, -34.20751296], [-64.45303679, -34.20770168], [-64.45359043, -34.20757596], [-64.45432665, -34.20764171], [-64.45472049, -34.20760725], [-64.45523751, -34.20743726], [-64.45570459, -34.2074913], [-64.45615682, -34.20772426], [-64.45684131, -34.20790978], [-64.45737702, -34.20778425], [-64.45791196, -34.20761404], [-64.45831834, -34.2072666], [-64.45883792, -34.20724553], [-64.45968451, -34.20747379], [-64.46004687, -34.20769291], [-64.4603913, -34.20791224], [-64.4607534, -34.20811647], [-64.46140515, -34.2084811], [-64.46171785, -34.20893914], [-64.46217293, -34.2093359], [-64.46262725, -34.20968797], [-64.46407496, -34.21046017], [-64.46459764, -34.21061778], [-64.46497408, -34.21061328], [-64.46542326, -34.2106675], [-64.46596078, -34.21064618], [-64.46678433, -34.21057675], [-64.46733565, -34.21031693], [-64.46779733, -34.21005818], [-64.46827693, -34.20979921], [-64.46873628, -34.20940642], [-64.46916391, -34.20925234], [-64.46973468, -34.20908165], [-64.47010853, -34.20892822], [-64.47069619, -34.20869774], [-64.47133788, -34.2084815], [-64.47168888, -34.20804531], [-64.47213105, -34.20769741], [-64.47223161, -34.20729402], [-64.47258597, -34.20705143], [-64.47293514, -34.206511], [-64.47307025, -34.20603271], [-64.47270139, -34.20544132], [-64.47253566, -34.20519008], [-64.4722255, -34.20488099], [-64.47205667, -34.20445105], [-64.47169301, -34.2041575], [-64.47152159, -34.20357862], [-64.47115405, -34.20306168], [-64.47062157, -34.20233818], [-64.47056133, -34.20196651], [-64.47055409, -34.20154952], [-64.47061622, -34.20099764], [-64.47039492, -34.20064279], [-64.47045964, -34.20023983], [-64.47045343, -34.19988241], [-64.47051762, -34.19944967], [-64.47061585, -34.19891225], [-64.47100939, -34.19886284], [-64.47136449, -34.19866494], [-64.47178637, -34.19818321], [-64.47213888, -34.19783638], [-64.47234748, -34.19746149], [-64.47270231, -34.19724869], [-64.47299064, -34.1973346], [-64.47401225, -34.19732233], [-64.47519283, -34.19717407], [-64.47549414, -34.1969768], [-64.47574429, -34.19692911], [-64.47619469, -34.19705775], [-64.47662381, -34.196993], [-64.4770911, -34.19706185], [-64.47753787, -34.19698199], [-64.47796906, -34.19703638], [-64.47829063, -34.19697292], [-64.47866545, -34.19687903], [-64.47902521, -34.19694917], [-64.47940133, -34.19692974], [-64.4798455, -34.19670095], [-64.48036135, -34.19647129], [-64.48138217, -34.19641428], [-64.48207777, -34.19621223], [-64.48261258, -34.19604192], [-64.48335985, -34.19572007], [-64.48369986, -34.19568617], [-64.48419751, -34.19544182], [-64.48484063, -34.19531487], [-64.48558711, -34.19494833], [-64.48631382, -34.19447777], [-64.48682416, -34.19393534], [-64.48738302, -34.19309441], [-64.48789098, -34.19241794], [-64.488687, -34.19181246], [-64.48964691, -34.19135393], [-64.4909502, -34.19105508], [-64.49198493, -34.19077438], [-64.49298748, -34.1907026], [-64.49398898, -34.19057124], [-64.49472559, -34.19066654], [-64.49580219, -34.19072789], [-64.49675255, -34.19074609], [-64.49809666, -34.19072968], [-64.49908207, -34.19070275], [-64.49968981, -34.19060595], [-64.50017606, -34.19073406], [-64.50141369, -34.1907785], [-64.50185856, -34.19059431], [-64.50264815, -34.19064422], [-64.50324167, -34.19075612], [-64.50365175, -34.19063192], [-64.50424103, -34.19050554], [-64.50476154, -34.19054384], [-64.50507176, -34.19085284], [-64.50513585, -34.19143298], [-64.50520126, -34.19208759], [-64.50549356, -34.19239681], [-64.50610925, -34.19274674], [-64.50670491, -34.19297776], [-64.50748032, -34.19323635], [-64.50823489, -34.19333135], [-64.50880573, -34.19317537], [-64.50937127, -34.19272155], [-64.50971935, -34.19213633], [-64.50986844, -34.1914493], [-64.50968418, -34.19116855], [-64.50962139, -34.19066287], [-64.50941523, -34.19015896], [-64.50940515, -34.18959305], [-64.50957534, -34.18908451], [-64.5096222, -34.18869664], [-64.50975787, -34.188263], [-64.51019607, -34.18770647], [-64.5105639, -34.18722528], [-64.51112753, -34.1866672], [-64.51140921, -34.18638072], [-64.51152881, -34.18605154], [-64.51207849, -34.18571706], [-64.51230587, -34.18540145], [-64.51246157, -34.18508672], [-64.51277775, -34.18472533], [-64.51313029, -34.18439328], [-64.51364279, -34.18398478], [-64.51440988, -34.18378167], [-64.51535963, -34.18376994], [-64.51585978, -34.18367439], [-64.51611013, -34.1836415], [-64.51646799, -34.18360729], [-64.51686142, -34.18355774], [-64.51730781, -34.18346284], [-64.51786252, -34.18341129], [-64.51830838, -34.18328661], [-64.51902276, -34.18314371], [-64.51952104, -34.1829439], [-64.52002012, -34.18278876], [-64.52024933, -34.18257738], [-64.52051385, -34.18233577], [-64.52083185, -34.1820786], [-64.52120789, -34.18205905], [-64.52168101, -34.18245536], [-64.5220394, -34.18245091], [-64.52242106, -34.18274409], [-64.52290944, -34.18299125], [-64.52312795, -34.18318218], [-64.52357594, -34.18317662], [-64.52384072, -34.1829499], [-64.52387227, -34.18271118], [-64.52424162, -34.1823193], [-64.52447055, -34.18209303], [-64.52471579, -34.18177717], [-64.52503646, -34.18166892], [-64.52561095, -34.18172136], [-64.52597282, -34.1819105], [-64.52646416, -34.18232146], [-64.52680999, -34.18261507], [-64.52726522, -34.18301158], [-64.52741556, -34.183397], [-64.52751026, -34.18367883], [-64.52755147, -34.18397623], [-64.52784382, -34.1842854], [-64.5280498, -34.18477439], [-64.52839404, -34.18497864], [-64.52859976, -34.18545273], [-64.52892931, -34.18583591], [-64.52897267, -34.18625244], [-64.52931988, -34.1866205], [-64.52928887, -34.18688901], [-64.52965508, -34.18731642], [-64.5300186, -34.1875949], [-64.53040058, -34.18790294], [-64.53097834, -34.18813406], [-64.5316139, -34.18858789], [-64.53195924, -34.1888517], [-64.53239419, -34.18911438], [-64.53257744, -34.18933553], [-64.53310145, -34.18956731], [-64.53344842, -34.18992046], [-64.53365148, -34.19024563], [-64.53399306, -34.19030094], [-64.53433814, -34.19054985], [-64.53459632, -34.1909488], [-64.53476355, -34.19127441], [-64.53489655, -34.19168982], [-64.53549282, -34.19195047], [-64.53599731, -34.19209311], [-64.5361931, -34.19201618], [-64.53655314, -34.19210105], [-64.53696533, -34.19209588], [-64.53735555, -34.19186756], [-64.53764175, -34.19183418], [-64.53805259, -34.19175455], [-64.538499, -34.19165958], [-64.53906869, -34.1914439], [-64.5396237, -34.19140714], [-64.54005354, -34.19138685], [-64.54041169, -34.19136746], [-64.54084153, -34.19134716], [-64.54141419, -34.19129528], [-64.54193255, -34.19121429], [-64.5423985, -34.19120843], [-64.54288454, -34.19132148], [-64.54345992, -34.19141851], [-64.54494737, -34.19139979], [-64.54532426, -34.19142483], [-64.54588063, -34.19146251], [-64.54614781, -34.19136977], [-64.54643455, -34.19136615], [-64.5468299, -34.19142075], [-64.54765428, -34.19141035], [-64.5480279, -34.19125668], [-64.54901111, -34.19111021], [-64.54990498, -34.19097976], [-64.55042223, -34.19083916], [-64.55097233, -34.1905343], [-64.55143527, -34.19036459], [-64.5519669, -34.19003017], [-64.55246158, -34.18963662], [-64.55285065, -34.18934868], [-64.55297036, -34.18903436], [-64.55319841, -34.18876336], [-64.55351607, -34.18849122], [-64.5536184, -34.18820691], [-64.55375575, -34.18787747], [-64.55414153, -34.18741082], [-64.55445153, -34.1867217], [-64.55444059, -34.18612602], [-64.55454101, -34.18573746], [-64.55458767, -34.18534959], [-64.55491256, -34.18449643], [-64.5555228, -34.18356517], [-64.55572634, -34.18293698], [-64.55587941, -34.18248817], [-64.55587094, -34.18202652], [-64.55617146, -34.18179927], [-64.55658332, -34.18177915], [-64.55681189, -34.18153793], [-64.55671327, -34.18104763], [-64.55650577, -34.18048423], [-64.55603031, -34.17996892], [-64.55535393, -34.17924761], [-64.55514835, -34.17878846], [-64.55514179, -34.17843105], [-64.55545749, -34.17805466], [-64.55595564, -34.1778547], [-64.55655994, -34.17757892], [-64.55700543, -34.17743921], [-64.55741535, -34.17731484], [-64.55784457, -34.1772647], [-64.55824041, -34.17734905], [-64.55861997, -34.17752297], [-64.55903318, -34.17757731], [-64.5596647, -34.17780761], [-64.5603679, -34.17803699], [-64.56092638, -34.17819374], [-64.56154191, -34.1785285], [-64.56215909, -34.17895262], [-64.56250475, -34.17923123], [-64.56272252, -34.17937741], [-64.56298025, -34.17974651], [-64.56350977, -34.180276], [-64.5639241, -34.18038989], [-64.56444787, -34.18060664], [-64.56488121, -34.18077986], [-64.56488671, -34.1810777], [-64.56455203, -34.18139477], [-64.56413962, -34.18138514], [-64.56367648, -34.18154], [-64.5633939, -34.18176703], [-64.56318602, -34.18215696], [-64.56342886, -34.1826901], [-64.56381175, -34.18304271], [-64.5643019, -34.18337906], [-64.56462884, -34.18361322], [-64.56518462, -34.18362103], [-64.56591656, -34.18346273], [-64.56637475, -34.18303981], [-64.56681612, -34.18267668], [-64.56722192, -34.1823289], [-64.56764978, -34.18220427], [-64.56814406, -34.18179578], [-64.56880045, -34.18142989], [-64.56882967, -34.18107203], [-64.56898211, -34.18059342], [-64.56881285, -34.18016362], [-64.56892312, -34.17934296], [-64.56900388, -34.17886527], [-64.56898348, -34.17776327], [-64.56933247, -34.17725236], [-64.56996703, -34.17667821], [-64.57053157, -34.17619433], [-64.57091941, -34.17584677], [-64.57134446, -34.17557321], [-64.57180617, -34.17534386], [-64.57216121, -34.17516057], [-64.57258791, -34.17497635], [-64.57301517, -34.17482192], [-64.57342257, -34.17456347], [-64.57387022, -34.17454284], [-64.57411885, -34.17442048], [-64.57456679, -34.17441474], [-64.57492873, -34.17460373], [-64.57529233, -34.17488208], [-64.57566694, -34.17478789], [-64.57584196, -34.17456221], [-64.57566714, -34.17383458], [-64.5760108, -34.17304071], [-64.57634347, -34.17261936], [-64.57695976, -34.17203052], [-64.57750576, -34.17151705], [-64.57769536, -34.17111244], [-64.57826314, -34.17080723], [-64.57878189, -34.17075587], [-64.57937341, -34.17076315], [-64.58002034, -34.17085909], [-64.58056034, -34.17098619], [-64.58100658, -34.17089107], [-64.58156477, -34.17103283], [-64.58226296, -34.17099404], [-64.58310726, -34.17110231], [-64.58386921, -34.17159892], [-64.58444783, -34.17187447], [-64.58506396, -34.1722389], [-64.58555189, -34.17245602], [-64.58600371, -34.17265872], [-64.58656304, -34.17286002], [-64.58726291, -34.17291055], [-64.58801793, -34.17303484], [-64.5884639, -34.1729248], [-64.58891433, -34.17305303], [-64.58925308, -34.17295927], [-64.58970128, -34.17296836], [-64.59034461, -34.17287065], [-64.59113546, -34.17299445], [-64.59210213, -34.17293723], [-64.59335603, -34.17290605], [-64.59440664, -34.1726654], [-64.59484099, -34.17237365], [-64.59518094, -34.17214671], [-64.59552029, -34.17188798], [-64.59589698, -34.17158108], [-64.59644634, -34.17130372], [-64.59749755, -34.17127414], [-64.59814758, -34.17126568], [-64.59876237, -34.17141661], [-64.59960149, -34.17129441], [-64.59997756, -34.17095572], [-64.60048416, -34.17044048], [-64.60078435, -34.17013456], [-64.60148902, -34.16998231], [-64.60196878, -34.17007142], [-64.60248497, -34.17006468], [-64.60288345, -34.16990053], [-64.60324489, -34.16980044], [-64.60379571, -34.1696025], [-64.60392412, -34.16931471], [-64.60435752, -34.16897526], [-64.60475268, -34.1686363], [-64.60516876, -34.16839243], [-64.60575539, -34.16806686], [-64.60636625, -34.16801118], [-64.60710823, -34.16781073], [-64.60754522, -34.16766195], [-64.60796219, -34.16746575], [-64.60851359, -34.16729958], [-64.60893025, -34.16708748], [-64.60940487, -34.16690641], [-64.60999238, -34.1666285], [-64.61058411, -34.16657305], [-64.61090911, -34.16656878], [-64.61138764, -34.16659429], [-64.61182583, -34.16650906], [-64.61216783, -34.1663933], [-64.61254655, -34.16619759], [-64.6129814, -34.16593755], [-64.61349666, -34.1658831], [-64.6137467, -34.16595928], [-64.61407623, -34.16619337], [-64.61415965, -34.16655785], [-64.61426704, -34.16717633], [-64.61456318, -34.16766518], [-64.61538917, -34.16786094], [-64.61590414, -34.16779058], [-64.61643276, -34.16743393], [-64.61676869, -34.16700034], [-64.61707003, -34.16675795], [-64.61756162, -34.16646537], [-64.6183433, -34.1663438], [-64.61874658, -34.16643385], [-64.61918901, -34.16657106], [-64.61953737, -34.16678899], [-64.61985054, -34.16716633], [-64.62004596, -34.16738628], [-64.62001319, -34.16767282], [-64.62002685, -34.1683879], [-64.62005326, -34.16876903], [-64.62026963, -34.16908406], [-64.6202927, -34.16929039], [-64.62066505, -34.16976231], [-64.62101343, -34.16998024], [-64.62126743, -34.17026299], [-64.62180395, -34.17031948], [-64.62225671, -34.1699956], [-64.62265332, -34.16973604], [-64.62297041, -34.16931858], [-64.62363467, -34.16905548], [-64.62422123, -34.16872982], [-64.62469247, -34.16837389], [-64.6253312, -34.16777733], [-64.62558513, -34.1670587], [-64.62548375, -34.16675805], [-64.62545489, -34.1662498], [-64.62533196, -34.16582227], [-64.62528124, -34.16517125], [-64.62492495, -34.16454018], [-64.62410744, -34.16378806], [-64.62364773, -34.16374646], [-64.62314491, -34.16345111], [-64.6225265, -34.1631096], [-64.62210381, -34.16300393], [-64.6218735, -34.16295929], [-64.62148843, -34.16282132], [-64.62146263, -34.16247198], [-64.62145382, -34.16201115], [-64.62187012, -34.16178312], [-64.62213167, -34.16146177], [-64.62256495, -34.16112225], [-64.62332199, -34.16071487], [-64.62410543, -34.16068861], [-64.62515955, -34.1608177], [-64.62596424, -34.16090241], [-64.62692187, -34.16098509], [-64.62782062, -34.16098906], [-64.62849395, -34.16120266], [-64.62946166, -34.16180971], [-64.63009707, -34.16203969], [-64.63036317, -34.16195668], [-64.63078372, -34.16195109], [-64.63108836, -34.16188346], [-64.63131805, -34.1618963], [-64.63158782, -34.16200398], [-64.63187976, -34.16227031], [-64.63209524, -34.16253765], [-64.63231041, -34.16278911], [-64.6324713, -34.16320023], [-64.63242068, -34.16355059], [-64.63242833, -34.16394785], [-64.63249241, -34.16429669], [-64.63290212, -34.16472039], [-64.63346599, -34.16520562], [-64.63387357, -34.16551809], [-64.63450106, -34.16533489], [-64.63491642, -34.16505915], [-64.63550229, -34.16470166], [-64.63595466, -34.16436184], [-64.63646436, -34.16402125], [-64.63706811, -34.16359994], [-64.63763608, -34.16330625], [-64.63834216, -34.16323325], [-64.63893077, -34.16301876], [-64.63936584, -34.16277453], [-64.64004603, -34.16235218], [-64.64045582, -34.16179038], [-64.64077341, -34.16140466], [-64.64112985, -34.16105021], [-64.64173817, -34.16086723], [-64.64205698, -34.16054507], [-64.64274361, -34.16045641], [-64.64329766, -34.1604331], [-64.64426855, -34.16021346], [-64.64495208, -34.15996588], [-64.6456942, -34.15978109], [-64.64607311, -34.15960117], [-64.64658398, -34.1593241], [-64.64699866, -34.15901654], [-64.64739267, -34.15862978], [-64.64748084, -34.15824712], [-64.64776108, -34.15790957], [-64.64796208, -34.15743003], [-64.64829596, -34.15690102], [-64.64856631, -34.15605497], [-64.64894181, -34.15570024], [-64.64932286, -34.15563154], [-64.64962591, -34.15548442], [-64.64994807, -34.15533703], [-64.65034855, -34.15528396], [-64.6509411, -34.15527599], [-64.6513983, -34.15519037], [-64.65176147, -34.15518548], [-64.65242892, -34.15509702], [-64.65298138, -34.15499421], [-64.65335902, -34.15475071], [-64.65360193, -34.15446133], [-64.6536506, -34.15401562], [-64.65343415, -34.15370065], [-64.65313908, -34.15327546], [-64.65278759, -34.15289873], [-64.65247465, -34.15253736], [-64.65197305, -34.15230569], [-64.65173533, -34.15187974], [-64.65152044, -34.15164421], [-64.65134564, -34.15150351], [-64.65117052, -34.15134692], [-64.6508832, -34.15131899], [-64.6505999, -34.15149765], [-64.65033725, -34.15175549], [-64.65005426, -34.15195003], [-64.64949965, -34.15194159], [-64.64919322, -34.15191392], [-64.64880662, -34.15169659], [-64.6485717, -34.15141364], [-64.6483155, -34.15101972], [-64.64800444, -34.15075368], [-64.64769214, -34.15042409], [-64.6471545, -34.15030415], [-64.64663844, -34.15031107], [-64.6462013, -34.15044409], [-64.64588007, -34.15063914], [-64.64553696, -34.15069142], [-64.64499839, -34.1505238], [-64.6447268, -34.15032081], [-64.64462784, -34.15014729], [-64.64437475, -34.14991226], [-64.64417438, -34.14943811], [-64.64418302, -34.14889757], [-64.64396908, -34.1487097], [-64.64396354, -34.14842367], [-64.64379986, -34.14786955], [-64.64379186, -34.14745639], [-64.64392072, -34.14720035], [-64.64378293, -34.14699556], [-64.64395125, -34.14680257], [-64.64425089, -34.14648066], [-64.64418585, -34.14608417], [-64.6444485, -34.14582633], [-64.6445379, -34.14550724], [-64.64460696, -34.14512484], [-64.64469666, -34.14482164], [-64.64469081, -34.14451972], [-64.64485635, -34.14418371], [-64.64495593, -34.14340353], [-64.64517941, -34.14309854], [-64.64496241, -34.14275176], [-64.64493591, -34.14237064], [-64.64518127, -34.14220841], [-64.64569636, -34.14215382], [-64.64613593, -34.14214792], [-64.6467327, -34.14236244], [-64.64768673, -34.14227017], [-64.6481229, -34.14208947], [-64.64853965, -34.14189314], [-64.64895578, -34.14166502], [-64.6496783, -34.14146457], [-64.65003771, -34.14126901], [-64.65068409, -34.14108547], [-64.65096674, -34.14087504], [-64.65126757, -34.14061668], [-64.65167385, -34.14086553], [-64.65224843, -34.14092137], [-64.65279894, -34.14072323], [-64.65296567, -34.14045077], [-64.6529567, -34.13998994], [-64.65277418, -34.13945198], [-64.65276211, -34.13883225], [-64.65315353, -34.13831835], [-64.65324165, -34.13793569], [-64.65338927, -34.13766349], [-64.65362656, -34.13708808], [-64.65386199, -34.13641733], [-64.65411591, -34.13571454], [-64.65424587, -34.13453658], [-64.65452539, -34.13416724], [-64.6548046, -34.133782], [-64.65538956, -34.13339264], [-64.65618905, -34.13322291], [-64.65744717, -34.13304698], [-64.65786726, -34.13302541], [-64.65824572, -34.13282956], [-64.65904893, -34.1328505], [-64.65956892, -34.1330501], [-64.66001092, -34.13317128], [-64.66060798, -34.13340163], [-64.66114117, -34.13329905], [-64.66186422, -34.13313032], [-64.6623943, -34.13286882], [-64.66315338, -34.13258833], [-64.66372354, -34.13242166], [-64.66410074, -34.13216223], [-64.66459165, -34.13185357], [-64.66487236, -34.13154777], [-64.66509388, -34.1311474], [-64.66560015, -34.13064779], [-64.6659711, -34.13007055], [-64.66668506, -34.12944097], [-64.66723234, -34.12908385], [-64.66774171, -34.12874314], [-64.66819313, -34.12837143], [-64.66877549, -34.12785489], [-64.6696053, -34.12728729], [-64.67015381, -34.12699372], [-64.67062556, -34.12668531], [-64.67136326, -34.12629379], [-64.67183657, -34.12606482], [-64.67272931, -34.12578245], [-64.67314404, -34.1254907], [-64.67365555, -34.1252612], [-64.67414671, -34.1249684], [-64.67457959, -34.12462871], [-64.67543284, -34.12428328], [-64.67615891, -34.12427337], [-64.67692131, -34.12416759], [-64.67726524, -34.12416289], [-64.67822123, -34.12418161], [-64.67908073, -34.12415397], [-64.67986381, -34.12412736], [-64.68049592, -34.12419818], [-64.68116467, -34.12418903], [-64.68171311, -34.12389541], [-64.68205169, -34.12362056], [-64.68235236, -34.12336213], [-64.68278269, -34.12289529], [-64.68315821, -34.12255635], [-64.68357005, -34.12212155], [-64.6836007, -34.12173966], [-64.68336009, -34.12117075], [-64.68335158, -34.12074171], [-64.68360962, -34.12026133], [-64.68430678, -34.11975903], [-64.68499239, -34.11963836], [-64.68548568, -34.11945675], [-64.68593981, -34.11922799], [-64.68627583, -34.11882601], [-64.68640073, -34.11837924], [-64.68662369, -34.11805829], [-64.6866158, -34.11766103], [-64.68649423, -34.11731301], [-64.68618412, -34.11709475], [-64.68615713, -34.11669775], [-64.68635656, -34.11615459], [-64.68656357, -34.1159928], [-64.68715046, -34.11571453], [-64.68743578, -34.11564703], [-64.68779688, -34.1155467], [-64.68819524, -34.11539817], [-64.68861461, -34.11534472], [-64.68917118, -34.11546422], [-64.68981917, -34.11537583], [-64.69062127, -34.1153489], [-64.69117405, -34.11527771], [-64.69224393, -34.11526297], [-64.69253335, -34.11540203], [-64.69310872, -34.11550536], [-64.6935322, -34.11565847], [-64.69399231, -34.11573159], [-64.69456673, -34.11578725], [-64.69474026, -34.11586432], [-64.69501407, -34.11617844], [-64.69504205, -34.1166231], [-64.69499172, -34.11697348], [-64.69520853, -34.11730427], [-64.69564732, -34.11726643], [-64.696103, -34.11711708], [-64.69670961, -34.11687028], [-64.69730187, -34.11686209], [-64.69786196, -34.11715635], [-64.69807625, -34.11736002], [-64.69839052, -34.11778482], [-64.69872198, -34.11811403], [-64.69876846, -34.11852664], [-64.69898816, -34.11900044], [-64.69886236, -34.11939955], [-64.6986213, -34.11976846], [-64.69805701, -34.12022132], [-64.6976822, -34.12059208], [-64.69746626, -34.12126264], [-64.69746939, -34.12237522], [-64.69722895, -34.12277591], [-64.69698786, -34.12314482], [-64.69659234, -34.12343639], [-64.69621179, -34.12352112], [-64.69552204, -34.12343528], [-64.69496509, -34.12329992], [-64.6943941, -34.12341906], [-64.69394156, -34.1237273], [-64.69383199, -34.12398313], [-64.69393672, -34.12444263], [-64.69398159, -34.1247758], [-64.69433059, -34.12502529], [-64.69464233, -34.12532299], [-64.69493307, -34.12552561], [-64.69562188, -34.12556378], [-64.69619795, -34.12569887], [-64.69652405, -34.12575794], [-64.69713929, -34.12594018], [-64.69769722, -34.1261232], [-64.69850195, -34.12622333], [-64.69917866, -34.12661133], [-64.69979583, -34.12688889], [-64.70037319, -34.12708753], [-64.70062159, -34.12708408], [-64.70117794, -34.12718764], [-64.70177027, -34.12717943], [-64.70219223, -34.12725305], [-64.70238968, -34.12756821], [-64.7025107, -34.12788442], [-64.70289732, -34.12810158], [-64.70333871, -34.12819083], [-64.70364029, -34.12798001], [-64.70382435, -34.12762778], [-64.70408707, -34.12738571], [-64.70462113, -34.12733061], [-64.70498545, -34.12738913], [-64.70510392, -34.12757822], [-64.70543609, -34.12793918], [-64.7058571, -34.12796512], [-64.70633064, -34.12775191], [-64.70641852, -34.12736922], [-64.70648568, -34.12690735], [-64.7066675, -34.12644388], [-64.70679326, -34.12604476], [-64.70720755, -34.125737], [-64.70731229, -34.12524282], [-64.70732277, -34.12481352], [-64.70765871, -34.12441148], [-64.70831306, -34.12368712], [-64.7086872, -34.12328455], [-64.70906006, -34.12281841], [-64.70943548, -34.1224794], [-64.70985102, -34.1222352], [-64.70990839, -34.12219879], [-64.71020956, -34.12200768], [-64.71064708, -34.12190622], [-64.71094766, -34.12164771], [-64.71120907, -34.12134207], [-64.71144976, -34.12095725], [-64.71178983, -34.12076177], [-64.71216842, -34.12058165], [-64.71239001, -34.12019709], [-64.71238071, -34.11973628], [-64.71223672, -34.11922966], [-64.71197618, -34.1186293], [-64.71186816, -34.11801092], [-64.71165288, -34.1177596], [-64.71126564, -34.11751069], [-64.71105101, -34.11729115], [-64.71100511, -34.11691032], [-64.71099391, -34.11635417], [-64.71077895, -34.11611874], [-64.71031627, -34.11591856], [-64.70996375, -34.11549432], [-64.71025887, -34.11496568], [-64.71064471, -34.11419737], [-64.7106905, -34.11362452], [-64.71093054, -34.11320792], [-64.71134539, -34.11293193], [-64.71169973, -34.11249784], [-64.71247595, -34.11213733], [-64.71331204, -34.11190314], [-64.71403062, -34.11152754], [-64.71460021, -34.11134475], [-64.71545315, -34.11099905], [-64.71588451, -34.11059566], [-64.7162462, -34.11052702], [-64.71672315, -34.11048857], [-64.71739178, -34.11047922], [-64.71796585, -34.11051887], [-64.71882005, -34.11023671], [-64.71956863, -34.11040107], [-64.72035735, -34.11066023], [-64.72078117, -34.11082913], [-64.7214307, -34.11082003], [-64.72219452, -34.11079342], [-64.72293828, -34.11071941], [-64.72360658, -34.11069414], [-64.72416188, -34.11074992], [-64.72486839, -34.1107241], [-64.72597672, -34.11072442], [-64.72685484, -34.11068029], [-64.72784888, -34.1106981], [-64.72908673, -34.11048994], [-64.72992017, -34.11012852], [-64.73067751, -34.10978406], [-64.73139567, -34.10939247], [-64.73202122, -34.10914523], [-64.73247483, -34.10890041], [-64.7328569, -34.10889502], [-64.73339276, -34.10893514], [-64.73377223, -34.10880263], [-64.73428152, -34.10847754], [-64.7345046, -34.1081724], [-64.73447998, -34.10790254], [-64.73456544, -34.1074086], [-64.73474414, -34.10680208], [-64.73480919, -34.10624485], [-64.7348953, -34.10578269], [-64.73523071, -34.1053647], [-64.73535631, -34.10496556], [-64.73553532, -34.10437493], [-64.73572565, -34.10340267], [-64.73579167, -34.10289311], [-64.73606976, -34.10247592], [-64.73650098, -34.10207246], [-64.73694967, -34.10158928], [-64.73728343, -34.10109183], [-64.73773309, -34.10065631], [-64.73814844, -34.10041202], [-64.7387027, -34.10042007], [-64.73917926, -34.10036564], [-64.73944114, -34.10009172], [-64.73954502, -34.09956573], [-64.73974277, -34.09895893], [-64.73992402, -34.09847953], [-64.74011819, -34.09769794], [-64.74066364, -34.09727696], [-64.74122787, -34.09683981], [-64.74175291, -34.09635552], [-64.7424505, -34.09590058], [-64.74343458, -34.09544157], [-64.74432413, -34.09503157], [-64.74534672, -34.09458789], [-64.74593587, -34.09443647], [-64.74665807, -34.09425136], [-64.7472851, -34.0940835], [-64.74796648, -34.09377181], [-64.74874139, -34.09336341], [-64.74948071, -34.09308268], [-64.75059711, -34.09255814], [-64.75104764, -34.09217025], [-64.75163513, -34.09193935], [-64.75220515, -34.09178817], [-64.7524482, -34.09153039], [-64.75278412, -34.09114413], [-64.75316119, -34.09090033], [-64.75346677, -34.09089597], [-64.75396924, -34.0911749], [-64.75473648, -34.09132288], [-64.75523371, -34.09134757], [-64.7556002, -34.09151717], [-64.75650803, -34.09199692], [-64.75733652, -34.09233475], [-64.75776491, -34.09272598], [-64.7580438, -34.0932783], [-64.75879558, -34.09360132], [-64.7594756, -34.093226], [-64.7598655, -34.09268001], [-64.7601576, -34.09202414], [-64.76029394, -34.09122747], [-64.76050767, -34.09047736], [-64.7603022, -34.08978095], [-64.76007534, -34.08897358], [-64.7597958, -34.08838949], [-64.75955642, -34.08790019], [-64.75923836, -34.08730075], [-64.758674, -34.08680021], [-64.75849062, -34.08624652], [-64.75830625, -34.08564517], [-64.75844556, -34.0849915], [-64.75896616, -34.08430058], [-64.75975937, -34.08386007], [-64.76051931, -34.08365845], [-64.76101145, -34.08365912], [-64.76153179, -34.08365983], [-64.76248665, -34.08364613], [-64.76302566, -34.08384502], [-64.76440593, -34.08407952], [-64.76471391, -34.0841389], [-64.76481112, -34.08415764], [-64.76601703, -34.08439015], [-64.76636375, -34.08452822], [-64.76685076, -34.08498215], [-64.76703122, -34.08539281], [-64.76700227, -34.08583828], [-64.76735825, -34.08642125], [-64.76762105, -34.08711683], [-64.76782392, -34.08768611], [-64.76816148, -34.08830114], [-64.76882007, -34.0887367], [-64.76958863, -34.08894815], [-64.77037695, -34.0891911], [-64.77072337, -34.08931327], [-64.77091833, -34.08950119], [-64.77111659, -34.08984801], [-64.77108866, -34.09034114], [-64.77151975, -34.09085944], [-64.77234861, -34.09121306], [-64.77293736, -34.09104561], [-64.77398149, -34.09072854], [-64.77449119, -34.09043508], [-64.77501898, -34.09009367], [-64.77548782, -34.08967364], [-64.77574657, -34.08925664], [-64.77614066, -34.08891716], [-64.77653508, -34.08859357], [-64.77733123, -34.08829595], [-64.77831502, -34.08783666], [-64.77872952, -34.08756046], [-64.7793923, -34.08728065], [-64.77973639, -34.08729156], [-64.7802517, -34.0872682], [-64.78067418, -34.08737334], [-64.78123168, -34.08754009], [-64.78144675, -34.08777539], [-64.78166382, -34.08810602], [-64.78189865, -34.08837282], [-64.78205943, -34.08875196], [-64.78206576, -34.08905386], [-64.78216658, -34.08930671], [-64.78196616, -34.08977056], [-64.78198481, -34.09066037], [-64.78223908, -34.09094278], [-64.78241663, -34.09121041], [-64.78267191, -34.09154049], [-64.78304545, -34.09204369], [-64.78335703, -34.09232527], [-64.78374701, -34.09270107], [-64.78411523, -34.09295003], [-64.78469487, -34.0932595], [-64.78540421, -34.09337635], [-64.78606026, -34.0936847], [-64.78650722, -34.09404377], [-64.7871576, -34.09408199], [-64.78776744, -34.09400954], [-64.78800971, -34.09371991], [-64.78813538, -34.09333661], [-64.78826005, -34.09290565], [-64.78826678, -34.09231746], [-64.7881817, -34.09190544], [-64.78803932, -34.09149426], [-64.78776191, -34.09102147], [-64.78798207, -34.09058911], [-64.78799621, -34.08944451], [-64.78798218, -34.08877715], [-64.78808006, -34.087981], [-64.78816385, -34.08742348], [-64.78848049, -34.0870374], [-64.7889459, -34.08645842], [-64.78910608, -34.08589978], [-64.7893413, -34.08527648], [-64.78998024, -34.08477444], [-64.79056054, -34.08420968], [-64.79149932, -34.08343306], [-64.79248198, -34.08292599], [-64.79316276, -34.08259817], [-64.79373298, -34.08246269], [-64.79454006, -34.08268932], [-64.79547915, -34.08283454], [-64.79592005, -34.08290757], [-64.79668627, -34.08300762], [-64.79716536, -34.08308009], [-64.79775703, -34.08305553], [-64.7981202, -34.08306611], [-64.79919062, -34.08309812], [-64.80006907, -34.08308525], [-64.80068117, -34.08312397], [-64.80120418, -34.08346597], [-64.80168968, -34.08384032], [-64.80224888, -34.08408643], [-64.80311497, -34.0843916], [-64.80426079, -34.08437478], [-64.80500321, -34.08425261], [-64.8058183, -34.08395453], [-64.80611946, -34.08374348], [-64.80670235, -34.08330576], [-64.80711369, -34.08288645], [-64.80731565, -34.08250202], [-64.80770789, -34.08208299], [-64.80786828, -34.08154022], [-64.80774492, -34.08112878], [-64.8079609, -34.08050572], [-64.80784009, -34.07931542], [-64.80775425, -34.07887164], [-64.80768447, -34.07828458], [-64.80767197, -34.07769667], [-64.8079623, -34.07697715], [-64.8083089, -34.07620912], [-64.8089125, -34.07585056], [-64.80966616, -34.07536262], [-64.81036523, -34.07500265], [-64.81100938, -34.07475474], [-64.81163375, -34.07447533], [-64.81272566, -34.07372808], [-64.81305988, -34.07327811], [-64.81344901, -34.07271606], [-64.81376107, -34.07212336], [-64.81404524, -34.07111782], [-64.81408795, -34.07043373], [-64.81422105, -34.06950989], [-64.81430635, -34.0690318], [-64.81446735, -34.0685208], [-64.8144173, -34.06796524], [-64.81421858, -34.0676026], [-64.81392676, -34.0673526], [-64.81359744, -34.06713494], [-64.81355282, -34.0668336], [-64.81333772, -34.06659836], [-64.81332824, -34.06615346], [-64.81308288, -34.06539415], [-64.81302052, -34.06515665], [-64.81301104, -34.06471175], [-64.81279155, -34.06426995], [-64.81274152, -34.06371438], [-64.81273238, -34.06328537], [-64.81310475, -34.06283483], [-64.81332505, -34.06241832], [-64.8134117, -34.06200379], [-64.81368996, -34.06161822], [-64.81390957, -34.06116993], [-64.81443533, -34.06074892], [-64.81512059, -34.06064343], [-64.81544786, -34.06076575], [-64.81575908, -34.06103135], [-64.81580473, -34.06138036], [-64.81607947, -34.06172597], [-64.81625909, -34.06208889], [-64.81642268, -34.06259509], [-64.8164707, -34.06305532], [-64.81669597, -34.06376724], [-64.81657555, -34.0643889], [-64.81658607, -34.06488147], [-64.81699379, -34.06519333], [-64.8173081, -34.06560193], [-64.81782835, -34.06581676], [-64.81834758, -34.06598391], [-64.81886104, -34.06588095], [-64.81925757, -34.06566845], [-64.82001788, -34.06549825], [-64.82071104, -34.06486809], [-64.8210551, -34.06398881], [-64.82114138, -34.06355838], [-64.82124811, -34.06319123], [-64.82144962, -34.06279088], [-64.8215168, -34.06236074], [-64.82174799, -34.06156259], [-64.82158987, -34.06042054], [-64.82158408, -34.06015042], [-64.82159841, -34.05992769], [-64.82187764, -34.05958976], [-64.82219675, -34.05933072], [-64.8231496, -34.05923712], [-64.82485177, -34.0593549], [-64.82519541, -34.0593498], [-64.82586326, -34.05932398], [-64.82658599, -34.05918608], [-64.82723543, -34.05919232], [-64.82782725, -34.05918352], [-64.82839554, -34.05896844], [-64.82888986, -34.05886571], [-64.82938588, -34.05884244], [-64.82997872, -34.05888129], [-64.83079997, -34.05888495], [-64.83163997, -34.05887244], [-64.83223042, -34.05880005], [-64.83322452, -34.05884881], [-64.83406486, -34.05885216], [-64.83456601, -34.0590672], [-64.83502454, -34.05907625], [-64.83579092, -34.05919196], [-64.83665035, -34.05919501], [-64.83714466, -34.05909225], [-64.83771704, -34.0590678], [-64.83803815, -34.05890405], [-64.83830028, -34.05866171], [-64.83858355, -34.05851443], [-64.83907373, -34.05822099], [-64.83991028, -34.05804953], [-64.8406691, -34.05781564], [-64.84117939, -34.05756958], [-64.84172786, -34.05732295], [-64.84234081, -34.05740913], [-64.84295481, -34.05754297], [-64.84356604, -34.05754969], [-64.84418107, -34.0577312], [-64.84475413, -34.05773849], [-64.84551947, -34.05780647], [-64.84620156, -34.05755781], [-64.84728179, -34.057176], [-64.84809198, -34.0566711], [-64.84868067, -34.0565192], [-64.84935963, -34.05612751], [-64.85040613, -34.05595282], [-64.85128427, -34.05593959], [-64.85191735, -34.0560731], [-64.85277917, -34.05618726], [-64.85324252, -34.05641869], [-64.85355558, -34.05676364], [-64.85398802, -34.05732931], [-64.85431285, -34.05821449], [-64.85441206, -34.05926202], [-64.85465742, -34.06000534], [-64.85440364, -34.06062905], [-64.8542297, -34.06141049], [-64.85453061, -34.06207351], [-64.85471593, -34.06269059], [-64.85501546, -34.06329005], [-64.85516642, -34.06408249], [-64.85492862, -34.0645629], [-64.8549404, -34.06510313], [-64.85512158, -34.06552954], [-64.8553215, -34.06593977], [-64.85540688, -34.06635173], [-64.85575921, -34.06674377], [-64.8563396, -34.06708467], [-64.85693494, -34.06723462], [-64.85756534, -34.06724099], [-64.85810062, -34.06726468], [-64.8584488, -34.06746604], [-64.85904032, -34.0674412], [-64.85945896, -34.06737128], [-64.8599519, -34.06720488], [-64.86025008, -34.06686659], [-64.86062602, -34.06659069], [-64.8608093, -34.06623824], [-64.86081797, -34.06576128], [-64.86109358, -34.06526439], [-64.86163856, -34.06485878], [-64.86180378, -34.06455428], [-64.86210125, -34.06418421], [-64.86255598, -34.06401837], [-64.86293155, -34.06372658], [-64.86336266, -34.06335448], [-64.86383229, -34.06299768], [-64.86444322, -34.06298841], [-64.86495416, -34.06277403], [-64.8653509, -34.06257728], [-64.86572994, -34.06244437], [-64.86625962, -34.06221381], [-64.8667445, -34.06168193], [-64.86726964, -34.06124481], [-64.86754833, -34.0608909], [-64.86759236, -34.06028625], [-64.86748575, -34.05977926], [-64.86701642, -34.05927777], [-64.86647003, -34.05874567], [-64.86575463, -34.05834328], [-64.86532489, -34.05790477], [-64.86478131, -34.05749977], [-64.86457544, -34.05681944], [-64.8646167, -34.05608768], [-64.86484886, -34.05535302], [-64.86500849, -34.0547943], [-64.86538505, -34.05455017], [-64.86602748, -34.05423843], [-64.86693333, -34.05374784], [-64.86734772, -34.05348724], [-64.86781937, -34.05322576], [-64.8681581, -34.05299809], [-64.8685513, -34.05264244], [-64.8690042, -34.05239714], [-64.86945013, -34.05183406], [-64.87011405, -34.05163323], [-64.87076307, -34.05162335], [-64.87141594, -34.05178824], [-64.87184148, -34.05203607], [-64.87236422, -34.05236189], [-64.87307785, -34.05268479], [-64.87367031, -34.05270755], [-64.87426207, -34.05269852], [-64.8750055, -34.0526395], [-64.87578605, -34.05253222], [-64.87633718, -34.05241255], [-64.87715625, -34.05232057], [-64.87760913, -34.05207523], [-64.87789581, -34.05208675], [-64.87812137, -34.05192436], [-64.87849474, -34.05153719], [-64.87883343, -34.05130949], [-64.87905968, -34.05117888], [-64.87945844, -34.05107742], [-64.87987418, -34.05088033], [-64.88036698, -34.05071385], [-64.88107431, -34.0507507], [-64.88152107, -34.05109354], [-64.88157083, -34.05161728], [-64.88158453, -34.05223695], [-64.88152116, -34.052826], [-64.88178196, -34.0533942], [-64.8824235, -34.05390888], [-64.88341719, -34.05394134], [-64.88375658, -34.05374541], [-64.88428685, -34.05354655], [-64.88487616, -34.05342625], [-64.88559697, -34.05320857], [-64.88648746, -34.05289291], [-64.88719164, -34.05278673], [-64.88814609, -34.05277207], [-64.88858936, -34.05295599], [-64.88895417, -34.05304575], [-64.88951021, -34.05314846], [-64.88991108, -34.05314229], [-64.89040987, -34.05324588], [-64.89084574, -34.05309613], [-64.8912869, -34.05318471], [-64.89170827, -34.0532418], [-64.89224665, -34.05340834], [-64.89255984, -34.05375319], [-64.89313675, -34.05393503], [-64.89380523, -34.05394063], [-64.89441148, -34.05372466], [-64.89497991, -34.05352516], [-64.89564343, -34.05330831], [-64.89619382, -34.05315677], [-64.89670426, -34.05292637], [-64.8972338, -34.05269568], [-64.89799097, -34.05239789], [-64.89851731, -34.0520242], [-64.89909771, -34.05150662], [-64.89959786, -34.05081544], [-64.89985836, -34.05050942], [-64.90015384, -34.05005982], [-64.90054583, -34.0496564], [-64.90114601, -34.0491703], [-64.90182395, -34.04874656], [-64.9026196, -34.04846404], [-64.9027818, -34.04803239], [-64.90305995, -34.04766252], [-64.90339145, -34.04711698], [-64.90405063, -34.04670942], [-64.9050746, -34.04639156], [-64.90581616, -34.04625291], [-64.90644106, -34.0460207], [-64.9070094, -34.04582115], [-64.90778557, -34.04552301], [-64.90847969, -34.04497184], [-64.90912116, -34.0446281], [-64.90975871, -34.04410958], [-64.91058641, -34.04355631], [-64.91129922, -34.04298894], [-64.91199864, -34.04267607], [-64.91260227, -34.0423488], [-64.91334664, -34.04233721], [-64.91402946, -34.04213585], [-64.91473565, -34.04212485], [-64.91546128, -34.04212944], [-64.9161862, -34.04210224], [-64.91696874, -34.04209004], [-64.91752546, -34.0422244], [-64.91791541, -34.04258388], [-64.91841774, -34.04284624], [-64.91890277, -34.04318834], [-64.91966981, -34.0433353], [-64.92074044, -34.04339804], [-64.92178948, -34.04334985], [-64.9231147, -34.04369469], [-64.92363398, -34.0438614], [-64.92411617, -34.04407637], [-64.92450185, -34.04424516], [-64.92479748, -34.04465378], [-64.92486121, -34.04493887], [-64.92471426, -34.04519548], [-64.92451436, -34.04564364], [-64.92454673, -34.04623122], [-64.92484381, -34.04670339], [-64.92544198, -34.04698011], [-64.92628146, -34.04695106], [-64.92705684, -34.04662102], [-64.92746812, -34.04623311], [-64.92802814, -34.04566804], [-64.92854351, -34.04481757], [-64.92887375, -34.0442243], [-64.92900701, -34.04336393], [-64.92926306, -34.0428672], [-64.92927027, -34.04234258], [-64.92951083, -34.04200503], [-64.93001391, -34.04145673], [-64.93111297, -34.0410898], [-64.93196499, -34.04077442], [-64.93255268, -34.04059035], [-64.93310147, -34.0403751], [-64.93372878, -34.04025397], [-64.934225, -34.04024616], [-64.93507271, -34.04058249], [-64.93618726, -34.04089871], [-64.93722331, -34.04112079], [-64.93815707, -34.0410425], [-64.93884343, -34.04099988], [-64.93970337, -34.04103399], [-64.94096375, -34.04104588], [-64.94194969, -34.04074422], [-64.94261189, -34.04047945], [-64.94341203, -34.04040322], [-64.94541601, -34.04037152], [-64.94618197, -34.04047065], [-64.94711825, -34.0405035], [-64.94761592, -34.04055919], [-64.94844496, -34.04091161], [-64.94975187, -34.04128824], [-64.95097335, -34.04126885], [-64.95177313, -34.04117669], [-64.95247456, -34.04095892], [-64.9530413, -34.04069561], [-64.95387887, -34.04058694], [-64.95454322, -34.04041744], [-64.95576505, -34.04041389], [-64.95673512, -34.04025541], [-64.95720568, -34.03996182], [-64.95777312, -34.03973027], [-64.9587219, -34.03947674], [-64.95968538, -34.03903225], [-64.9600983, -34.03872368], [-64.96070134, -34.03838029], [-64.96109408, -34.03802435], [-64.96171948, -34.03782365], [-64.96221239, -34.03767273], [-64.96289212, -34.037344], [-64.96387463, -34.03689917], [-64.96442588, -34.036795], [-64.96499218, -34.03651575], [-64.96556362, -34.03645893], [-64.96605431, -34.03621267], [-64.96673621, -34.03597924], [-64.96751426, -34.03577607], [-64.96825561, -34.03563705], [-64.96888465, -34.03559518], [-64.96943479, -34.03544332], [-64.97008255, -34.03538526], [-64.97120483, -34.03520833], [-64.97169513, -34.03494616], [-64.97222507, -34.03474693], [-64.97261848, -34.03442274], [-64.97311355, -34.03436711], [-64.97377523, -34.03408629], [-64.97460902, -34.0338186], [-64.9755397, -34.03361291], [-64.9761632, -34.0333327], [-64.97646153, -34.03302591], [-64.97687731, -34.03284439], [-64.97736242, -34.03235977], [-64.97775616, -34.03205146], [-64.97830109, -34.03167713], [-64.97894402, -34.03141247], [-64.97959063, -34.0313067], [-64.98027688, -34.03126386], [-64.98096756, -34.03141167], [-64.98141386, -34.03172235], [-64.98173139, -34.03224173], [-64.98180416, -34.0329081], [-64.98170555, -34.03359313], [-64.98185503, -34.03427416], [-64.98215126, -34.03469851], [-64.98265891, -34.03518304], [-64.98331996, -34.03569687], [-64.98397326, -34.03587705], [-64.98481185, -34.03581583], [-64.98555353, -34.03569259], [-64.98606658, -34.03558894], [-64.98659797, -34.0354532], [-64.98720754, -34.03539567], [-64.9877958, -34.03524311], [-64.98861493, -34.03516629], [-64.98968139, -34.03505366], [-64.99052034, -34.03500829], [-64.99111676, -34.03520525], [-64.99176858, -34.03532184], [-64.9925038, -34.03573906], [-64.99325253, -34.03591764], [-64.99399978, -34.03603267], [-64.99455917, -34.0362779], [-64.99512414, -34.03676144], [-64.99572171, -34.03700604], [-64.99620551, -34.03728427], [-64.99683976, -34.03746469], [-64.99733446, -34.03739308], [-64.99778764, -34.03717909], [-64.99831044, -34.03667789], [-64.99875541, -34.03611437], [-64.99933657, -34.03565989], [-64.99991661, -34.03515774], [-65.00051311, -34.03454407], [-65.00105011, -34.033836], [-65.00162863, -34.0332703], [-65.00165411, -34.03272949], [-65.00204963, -34.03250054], [-65.00226966, -34.0321155], [-65.00241374, -34.0317476], [-65.00283957, -34.03118438], [-65.0035509, -34.03058471], [-65.00397747, -34.03005326], [-65.00469213, -34.02959658], [-65.00511832, -34.02904924], [-65.00567471, -34.02835673], [-65.00600622, -34.02784272], [-65.00616411, -34.02725207], [-65.00637851, -34.02662871], [-65.00642079, -34.02599227], [-65.00657232, -34.02513153], [-65.00682973, -34.02471409], [-65.0071586, -34.02408886], [-65.00773889, -34.02360257], [-65.00822639, -34.02322905], [-65.00883061, -34.02294898], [-65.00943146, -34.02252592], [-65.01020665, -34.02221127], [-65.01140161, -34.02188974], [-65.01213863, -34.0215757], [-65.01283373, -34.0211034], [-65.01383373, -34.02061021], [-65.01470128, -34.02016686], [-65.01532041, -34.01971168], [-65.01574722, -34.01919609], [-65.01644116, -34.0186761], [-65.01688704, -34.01816019], [-65.01729138, -34.01750191], [-65.01788425, -34.01674517], [-65.01824816, -34.01599219], [-65.01884778, -34.01552142], [-65.01919486, -34.01486408], [-65.02005705, -34.01419827], [-65.02020253, -34.0138939], [-65.02059264, -34.01344246], [-65.02058059, -34.01293406], [-65.02070887, -34.01270944], [-65.02085208, -34.01230974], [-65.02109257, -34.01198791], [-65.02148342, -34.01156824], [-65.02149195, -34.01112308], [-65.0217736, -34.01092772], [-65.02189547, -34.01043301], [-65.02222267, -34.00974419], [-65.02229295, -34.00948874], [-65.0226258, -34.00903824], [-65.02311013, -34.00853756], [-65.02358066, -34.00825962], [-65.02407743, -34.00828323], [-65.02466656, -34.00817817], [-65.02503318, -34.00834697], [-65.0254593, -34.00861014], [-65.02574659, -34.00865309], [-65.02613494, -34.00893278], [-65.0267118, -34.009114], [-65.02705972, -34.00929899], [-65.02742673, -34.00948366], [-65.02764339, -34.00976618], [-65.02819966, -34.00988415], [-65.02873384, -34.00987534], [-65.02902492, -34.01007715], [-65.02948505, -34.01016492], [-65.02999637, -34.00999754], [-65.03056454, -34.00981333], [-65.03118994, -34.00962817], [-65.03173751, -34.00938072], [-65.03268836, -34.00923785], [-65.03363579, -34.00895199], [-65.03428329, -34.0088936], [-65.03504259, -34.00872209], [-65.03589918, -34.00862844], [-65.03658103, -34.00841053], [-65.03712668, -34.00808362], [-65.03726943, -34.00766802], [-65.0372607, -34.00730261], [-65.03757742, -34.00697948], [-65.03779609, -34.00654673], [-65.0382303, -34.00634881], [-65.03860842, -34.00619949], [-65.03909682, -34.00587352], [-65.03974125, -34.005688], [-65.04035246, -34.00570965], [-65.04097895, -34.0055721], [-65.04135249, -34.00523213], [-65.04159098, -34.00483083], [-65.04175392, -34.00446257], [-65.04207023, -34.00412355], [-65.04244262, -34.00373591], [-65.04297067, -34.00347284], [-65.04331023, -34.00330826], [-65.0436536, -34.00330255], [-65.04414234, -34.00299245], [-65.04471653, -34.00306237], [-65.04506675, -34.00334263], [-65.0455341, -34.0037322], [-65.04601939, -34.00407379], [-65.04667561, -34.00438074], [-65.04725361, -34.00460953], [-65.04784498, -34.00459968], [-65.04838331, -34.00476554], [-65.04894263, -34.00501052], [-65.04954049, -34.00527075], [-65.05045845, -34.00535081], [-65.05133329, -34.00522496], [-65.05201049, -34.00481632], [-65.05274261, -34.0043114], [-65.05321339, -34.00404924], [-65.05374064, -34.00375435], [-65.05425339, -34.00365042], [-65.05484628, -34.00370409], [-65.05540063, -34.0037425], [-65.05597904, -34.00398713], [-65.05631291, -34.00437889], [-65.05674063, -34.0047055], [-65.0568826, -34.00505279], [-65.05698947, -34.00552781], [-65.0570002, -34.00597266], [-65.05733523, -34.00641207], [-65.05802928, -34.00670244], [-65.05895033, -34.00690953], [-65.05971416, -34.00692852], [-65.06060539, -34.00669108], [-65.06143362, -34.00621628], [-65.06208478, -34.00552193], [-65.06259139, -34.00516378], [-65.06304562, -34.00421843], [-65.0629944, -34.00367891], [-65.06257959, -34.0030978], [-65.0620118, -34.00250336], [-65.06145016, -34.00216312], [-65.06096405, -34.00178982], [-65.06051687, -34.00144765], [-65.06035276, -34.00097359], [-65.06021232, -34.00068986], [-65.06023973, -34.00024438], [-65.06004054, -33.99989805], [-65.0598909, -33.99923303], [-65.05984316, -33.99883648], [-65.05958559, -33.99844346], [-65.05932266, -33.99782801], [-65.05930809, -33.99722429], [-65.05952356, -33.9966644], [-65.06017774, -33.99609717], [-65.06064922, -33.99586676], [-65.06123438, -33.99560265], [-65.06187752, -33.99536936], [-65.06225248, -33.99509288], [-65.06233709, -33.99464644], [-65.06278526, -33.99424158], [-65.06293094, -33.99395305], [-65.06334365, -33.99366004], [-65.06352631, -33.9933232], [-65.06319246, -33.99293146], [-65.06271178, -33.99278059], [-65.06203845, -33.99255348], [-65.06117707, -33.99244077], [-65.06056979, -33.99257809], [-65.06024823, -33.99269474], [-65.05994881, -33.99293816], [-65.05935753, -33.99294806], [-65.05902714, -33.99269929], [-65.0589821, -33.99241396], [-65.05897213, -33.99200089], [-65.05871766, -33.99173496], [-65.05842466, -33.99145378], [-65.05820987, -33.99125075], [-65.05789282, -33.99076335], [-65.0581266, -33.99017138], [-65.05842295, -33.98980086], [-65.05879866, -33.98955617], [-65.05944176, -33.98932289], [-65.05998759, -33.98901177], [-65.06010805, -33.98846936], [-65.06013009, -33.98780146], [-65.05992518, -33.98721682], [-65.0596089, -33.9867612], [-65.05950281, -33.98631795], [-65.05947185, -33.98582577], [-65.05991386, -33.98516672], [-65.06009882, -33.98492522], [-65.06049358, -33.9846802], [-65.0608658, -33.98429252], [-65.06112321, -33.98389086], [-65.06147598, -33.98348761], [-65.06163956, -33.9831511], [-65.06166696, -33.98270561], [-65.06188737, -33.98235226], [-65.06238054, -33.98223273], [-65.06302396, -33.98201532], [-65.0632875, -33.98186786], [-65.06331566, -33.98145415], [-65.06284644, -33.98098521], [-65.06247488, -33.98060999], [-65.0625614, -33.98024299], [-65.06295383, -33.97990264], [-65.06327188, -33.979643], [-65.06351481, -33.97943231], [-65.06381878, -33.97937953], [-65.06410177, -33.97924763], [-65.06441982, -33.97898799], [-65.06466235, -33.97876141], [-65.0648496, -33.97861523], [-65.06524508, -33.97840197], [-65.06560741, -33.97839588], [-65.0659549, -33.97856488], [-65.06626003, -33.97855975], [-65.06689473, -33.9787716], [-65.06789524, -33.97912034], [-65.06843093, -33.97996959], [-65.06844363, -33.98049387], [-65.06833921, -33.98090886], [-65.06815736, -33.98127747], [-65.0681273, -33.98161175], [-65.06800535, -33.98209061], [-65.06791962, -33.98248939], [-65.06811803, -33.98280393], [-65.06837519, -33.98318105], [-65.06891535, -33.98342627], [-65.06936324, -33.98380018], [-65.06975969, -33.98441336], [-65.06971519, -33.9849386], [-65.06972251, -33.98524046], [-65.07003883, -33.98569605], [-65.07046458, -33.98594319], [-65.0706237, -33.9862107], [-65.07106853, -33.98645751], [-65.07144649, -33.9863081], [-65.07203772, -33.98629814], [-65.07255537, -33.98640067], [-65.07284762, -33.98665005], [-65.07289348, -33.98696715], [-65.0729012, -33.98728489], [-65.07283224, -33.98758803], [-65.07280297, -33.98795408], [-65.07304187, -33.98836329], [-65.07320217, -33.98867846], [-65.07332587, -33.98905782], [-65.07357652, -33.98916485], [-65.07409843, -33.98944214], [-65.07469006, -33.98944805], [-65.07554524, -33.98930647], [-65.07624358, -33.98899271], [-65.07695634, -33.98848797], [-65.07755583, -33.98803282], [-65.07798675, -33.98770767], [-65.07882759, -33.98697825], [-65.07925231, -33.9863989], [-65.08007521, -33.98571745], [-65.08074165, -33.98487971], [-65.08137807, -33.98437624], [-65.08175639, -33.98424268], [-65.08209851, -33.98418921], [-65.0826691, -33.98411598], [-65.08304704, -33.98396653], [-65.08342808, -33.98394419], [-65.0838609, -33.98369845], [-65.08435559, -33.98364239], [-65.08496237, -33.98348906], [-65.08558978, -33.98339895], [-65.08603816, -33.9830099], [-65.08643128, -33.98270126], [-65.08661228, -33.98230085], [-65.08654769, -33.98199996], [-65.08653642, -33.98153924], [-65.08694899, -33.98124615], [-65.08723038, -33.98105066], [-65.08730084, -33.98081106], [-65.08704515, -33.98049752], [-65.08726817, -33.98025533], [-65.08753011, -33.98004427], [-65.08791229, -33.98006957], [-65.08813725, -33.97990682], [-65.08826297, -33.97958681], [-65.08829295, -33.97925254], [-65.0885685, -33.97881873], [-65.08856073, -33.97850099], [-65.0884759, -33.97815277], [-65.08810774, -33.97792062], [-65.08776021, -33.97775169], [-65.08771236, -33.97735516], [-65.087798, -33.97695636], [-65.08811285, -33.97656957], [-65.08867872, -33.97630567], [-65.08921306, -33.97631249], [-65.0898871, -33.97657123], [-65.0910877, -33.97651904], [-65.09163799, -33.97639842], [-65.09214664, -33.97613548], [-65.09286115, -33.97571009], [-65.09361964, -33.97552235], [-65.0940123, -33.9751978], [-65.09468515, -33.97463006], [-65.09536266, -33.97425297], [-65.09601565, -33.97365378], [-65.09683673, -33.97290869], [-65.09777025, -33.9720822], [-65.09820063, -33.97174109], [-65.09880262, -33.97139706], [-65.09936802, -33.97111722], [-65.10005135, -33.9709784], [-65.1008487, -33.97082175], [-65.10160135, -33.97117444], [-65.10201312, -33.97162832], [-65.10241942, -33.97185978], [-65.10299264, -33.97189767], [-65.10371333, -33.97172641], [-65.1043546, -33.97142935], [-65.10470515, -33.97094655], [-65.1046934, -33.97046994], [-65.10472214, -33.97008801], [-65.10459912, -33.96974045], [-65.10446788, -33.96905927], [-65.10435336, -33.96828245], [-65.10458792, -33.96773805], [-65.10481818, -33.9670189], [-65.10495701, -33.96646025], [-65.10494946, -33.96537962], [-65.10522242, -33.96407167], [-65.10474446, -33.96325339], [-65.10411634, -33.96253302], [-65.10394737, -33.96186838], [-65.10358227, -33.96098458], [-65.10348567, -33.96015977], [-65.10393464, -33.95980243], [-65.10445908, -33.95941202], [-65.10486756, -33.95896001], [-65.10538573, -33.9583154], [-65.10596868, -33.95804723], [-65.10650448, -33.95760261], [-65.10661339, -33.95659465], [-65.1067882, -33.95602126], [-65.10741619, -33.95558342], [-65.10825317, -33.95548664], [-65.10903794, -33.9556755], [-65.10927425, -33.95584208], [-65.10922557, -33.95056865], [-65.10996238, -33.93233394], [-65.11073484, -33.91163806], [-65.11097252, -33.90491998], [-65.11150135, -33.88682704], [-65.11225005, -33.86106392], [-65.11307242, -33.84490418], [-65.1137094, -33.83244863], [-65.1140065, -33.8265197], [-65.11477896, -33.8120874], [-65.11607431, -33.79193758], [-65.11744097, -33.77071111], [-65.11820273, -33.75010772], [-65.11871375, -33.73543405], [-65.11907026, -33.72588189], [-65.11967635, -33.71461056], [-65.12019924, -33.70486736], [-65.12131634, -33.68415561], [-65.1214946, -33.68061871], [-65.12164909, -33.6763961], [-65.12219456, -33.65988417], [-65.1228363, -33.63883346], [-65.12299079, -33.63466842], [-65.12450006, -33.59420031], [-65.1246189, -33.59064974], [-65.12467832, -33.58664149], [-65.12479716, -33.58478152], [-65.12501107, -33.58069342], [-65.12537947, -33.57478472], [-65.12570034, -33.56938299], [-65.12643715, -33.55726514], [-65.12715019, -33.54578244], [-65.12772062, -33.5318897], [-65.12845743, -33.5140826], [-65.12881395, -33.50498353], [-65.12987162, -33.48326729], [-65.13095306, -33.46174476], [-65.13128823, -33.45481331], [-65.13192755, -33.44159177], [-65.13284262, -33.42207183], [-65.13341305, -33.41056106], [-65.13371015, -33.40210888], [-65.13447072, -33.38607936], [-65.13506492, -33.37475323], [-65.13552721, -33.36489848], [-65.1362759, -33.35305094], [-65.13675126, -33.34497215], [-65.13744053, -33.33050821], [-65.13780299, -33.32281606], [-65.13816545, -33.31512391], [-65.13853386, -33.30687192], [-65.1386221, -33.30505693], [-65.13864134, -33.30466131], [-65.13935385, -33.29000628], [-65.13989419, -33.27932872], [-65.14048283, -33.26769667], [-65.14099622, -33.25818614], [-65.14107228, -33.25598956], [-65.14122439, -33.25000661], [-65.14299924, -33.19477483], [-65.14272702, -33.19459996], [-65.14269589, -33.19457996], [-65.14213204, -33.19421776], [-65.14131704, -33.19370601], [-65.14091214, -33.19350356], [-65.140521, -33.19330799], [-65.1393364, -33.19268253], [-65.13902975, -33.19251962], [-65.13872989, -33.19236032], [-65.13837926, -33.19205706], [-65.13741482, -33.19163732], [-65.13638863, -33.19099526], [-65.13642705, -33.19064503], [-65.13621856, -33.19005747], [-65.13523298, -33.18928986], [-65.13323339, -33.18769777], [-65.13276903, -33.18738504], [-65.13215305, -33.18710074], [-65.13195355, -33.18700421], [-65.13185927, -33.18695859], [-65.13157497, -33.18685434], [-65.13130014, -33.18649423], [-65.13094003, -33.1859351], [-65.13074102, -33.18534754], [-65.13026718, -33.18481685], [-65.13008712, -33.18487371], [-65.12958486, -33.18470313], [-65.12906438, -33.18454431], [-65.1290276, -33.18451489], [-65.12855171, -33.1844554], [-65.12796206, -33.18433275], [-65.1260314, -33.18396701], [-65.12488688, -33.18341466], [-65.12481974, -33.1833113], [-65.12411678, -33.18277935], [-65.12389882, -33.1823908], [-65.123624, -33.18191697], [-65.12332074, -33.18155685], [-65.12304592, -33.1814147], [-65.12274266, -33.18124412], [-65.12263842, -33.1809693], [-65.12264789, -33.18071342], [-65.12262133, -33.18044953], [-65.12270475, -33.18011639], [-65.12265737, -33.17982261], [-65.12245133, -33.17983254], [-65.12205086, -33.17960465], [-65.12178551, -33.17947197], [-65.12132187, -33.17909381], [-65.12076071, -33.17907912], [-65.11987357, -33.17928597], [-65.11941402, -33.17910365], [-65.11906141, -33.17877585], [-65.11886668, -33.17863802], [-65.11890403, -33.1784203], [-65.11896145, -33.17825895], [-65.11901831, -33.17801256], [-65.11897092, -33.17780407], [-65.11890459, -33.17759558], [-65.11860133, -33.17739657], [-65.11826965, -33.17731128], [-65.11647854, -33.17678058], [-65.11597628, -33.17660053], [-65.11589099, -33.1764489], [-65.11564459, -33.1764489], [-65.11482012, -33.17652471], [-65.11378716, -33.17659105], [-65.11258361, -33.17677111], [-65.11220454, -33.1767332], [-65.11180159, -33.17639646], [-65.11130425, -33.17607931], [-65.11121896, -33.17592768], [-65.11127941, -33.17516036], [-65.11127582, -33.17334053], [-65.11120949, -33.17298989], [-65.11101047, -33.17231705], [-65.1105935, -33.17165368], [-65.11024286, -33.17112298], [-65.10966478, -33.17012792], [-65.10878344, -33.16880118], [-65.10838542, -33.16855479], [-65.10779926, -33.16861716], [-65.1070447, -33.16858477], [-65.10685019, -33.16842211], [-65.10666066, -33.1682231], [-65.10646165, -33.16810938], [-65.10593642, -33.16783909], [-65.10572246, -33.16775874], [-65.10546659, -33.16763554], [-65.10530549, -33.1675313], [-65.10512543, -33.16741758], [-65.10506857, -33.16725648], [-65.10508752, -33.16710485], [-65.10512543, -33.16697217], [-65.10521072, -33.16661206], [-65.10546659, -33.1663088], [-65.10585514, -33.16615718], [-65.1059499, -33.16610979], [-65.10608258, -33.16603398], [-65.10612048, -33.16597712], [-65.10616787, -33.16585392], [-65.10618682, -33.16576863], [-65.10605415, -33.16539904], [-65.10526315, -33.16411709], [-65.10498328, -33.16381642], [-65.10471793, -33.16349422], [-65.10454735, -33.16321939], [-65.10438624, -33.16302038], [-65.10430095, -33.16279294], [-65.10417776, -33.16245178], [-65.10413985, -33.1621959], [-65.10403983, -33.16197554], [-65.10397362, -33.16182965], [-65.10376078, -33.16148515], [-65.1035902, -33.16132405], [-65.10329642, -33.16111556], [-65.1030595, -33.1610587], [-65.10274677, -33.1609355], [-65.10250038, -33.16076492], [-65.1022066, -33.16061329], [-65.10186544, -33.16049009], [-65.10158113, -33.16037637], [-65.10150532, -33.16020579], [-65.10149584, -33.16008259], [-65.10108834, -33.15984568], [-65.1006352, -33.15963156], [-65.1002923, -33.15947608], [-65.10006486, -33.15901172], [-65.1001691, -33.15841469], [-65.10047901, -33.15735279], [-65.10072823, -33.15702161], [-65.1008609, -33.15679417], [-65.10089881, -33.15662359], [-65.10084195, -33.15640563], [-65.10055765, -33.15623504], [-65.10012172, -33.1560076], [-65.09996061, -33.15589388], [-65.09949625, -33.15553377], [-65.09942044, -33.15544848], [-65.09930672, -33.15532528], [-65.09923091, -33.15514522], [-65.09901294, -33.15496516], [-65.09895608, -33.15480406], [-65.09891817, -33.1545008], [-65.09882341, -33.15424493], [-65.09868126, -33.15411226], [-65.09857701, -33.15399854], [-65.0980937, -33.1536479], [-65.09774306, -33.15354365], [-65.09736399, -33.15347732], [-65.09693754, -33.1534015], [-65.09669114, -33.1534015], [-65.0962924, -33.15357746], [-65.09587599, -33.15407088], [-65.09496912, -33.15514545], [-65.09446411, -33.15548638], [-65.09413243, -33.15570435], [-65.09359225, -33.15573278], [-65.09317528, -33.15557167], [-65.09254034, -33.1551547], [-65.09203204, -33.15477515], [-65.09196071, -33.1546826], [-65.09097417, -33.15373748], [-65.09086794, -33.15363571], [-65.09093877, -33.15342993], [-65.09095773, -33.1532404], [-65.09061656, -33.15290871], [-65.09014273, -33.15277604], [-65.08963098, -33.15223587], [-65.08923296, -33.15167674], [-65.08858964, -33.15110918], [-65.08832061, -33.150837], [-65.08804666, -33.15036355], [-65.08772372, -33.14999204], [-65.0873884, -33.1496063], [-65.08723617, -33.14948948], [-65.08718215, -33.14944803], [-65.08621162, -33.14870326], [-65.08621157, -33.14870323], [-65.08609617, -33.14825564], [-65.08603931, -33.14794291], [-65.08603931, -33.14769652], [-65.08609617, -33.14742169], [-65.08634256, -33.14724163], [-65.08657948, -33.14714687], [-65.08683535, -33.14698576], [-65.08700593, -33.14642663], [-65.08706279, -33.14609495], [-65.08689221, -33.14579169], [-65.08657948, -33.14547896], [-65.08627622, -33.14541262], [-65.08555181, -33.14541778], [-65.08547298, -33.14540185], [-65.08390982, -33.145504], [-65.0832415, -33.14554767], [-65.0829044, -33.14559173], [-65.08216332, -33.14564954], [-65.08127251, -33.14545053], [-65.08090292, -33.14531786], [-65.08044246, -33.14500735], [-65.08012583, -33.14451234], [-65.07992682, -33.14427542], [-65.07973728, -33.14398164], [-65.07957618, -33.14384897], [-65.07929188, -33.14364995], [-65.07901705, -33.14328036], [-65.07861903, -33.14292025], [-65.07828734, -33.14270228], [-65.07785394, -33.14258948], [-65.07752921, -33.14260751], [-65.07682793, -33.14248432], [-65.0761077, -33.1427781], [-65.07537799, -33.14280653], [-65.07511264, -33.14276862], [-65.07473357, -33.14259804], [-65.07431031, -33.14237041], [-65.07415549, -33.14208629], [-65.0741934, -33.14176409], [-65.07426921, -33.14109124], [-65.07406073, -33.14072165], [-65.07361532, -33.14053211], [-65.07344474, -33.14023833], [-65.0732173, -33.13983083], [-65.07302431, -33.13967732], [-65.07280032, -33.13949915], [-65.07230753, -33.1394802], [-65.07213695, -33.13897793], [-65.07144515, -33.13861781], [-65.0712067, -33.13835335], [-65.07097131, -33.13833351], [-65.07080073, -33.13827665], [-65.07070596, -33.13809659], [-65.0706111, -33.13769505], [-65.07052591, -33.1373195], [-65.07026056, -33.13714892], [-65.07031742, -33.13657084], [-65.07044062, -33.13622968], [-65.07065858, -33.1359359], [-65.07068701, -33.13549997], [-65.07059224, -33.13509247], [-65.07039323, -33.13498823], [-65.07024161, -33.13473236], [-65.07003312, -33.13409742], [-65.06997626, -33.13370887], [-65.06974882, -33.13315922], [-65.06952137, -33.13280858], [-65.06912335, -33.1320694], [-65.0686123, -33.13192544], [-65.0684505, -33.13187986], [-65.06796719, -33.13161451], [-65.06766394, -33.1314155], [-65.06750283, -33.13130178], [-65.06716167, -33.13095114], [-65.06700057, -33.13064789], [-65.06694466, -33.13040565], [-65.06688684, -33.1301551], [-65.06655838, -33.13012973], [-65.06629929, -33.13006981], [-65.06629065, -33.12994031], [-65.06628033, -33.12978551], [-65.06627086, -33.12970022], [-65.06605289, -33.12958649], [-65.06574502, -33.12957656], [-65.06546534, -33.12956754], [-65.06506731, -33.12940644], [-65.06472615, -33.1290937], [-65.06420493, -33.12861039], [-65.06380691, -33.12834504], [-65.06375024, -33.12806169], [-65.06370267, -33.12782382], [-65.06350365, -33.12770063], [-65.06320237, -33.12755381], [-65.0628979, -33.12701254], [-65.06262232, -33.12688563], [-65.06230959, -33.12656342], [-65.06209162, -33.12615592], [-65.06209444, -33.12580678], [-65.06180783, -33.12538528], [-65.06049912, -33.12318428], [-65.05984477, -33.1226489], [-65.05954734, -33.12169712], [-65.05859556, -33.12080482], [-65.05806018, -33.11961509], [-65.05758428, -33.11872279], [-65.05698942, -33.11794947], [-65.05651353, -33.11747358], [-65.05579969, -33.11646231], [-65.0548479, -33.11557001], [-65.0544315, -33.1142613], [-65.05437201, -33.11307157], [-65.05425304, -33.11170338], [-65.05425304, -33.11110852], [-65.05425304, -33.11015673], [-65.0543389, -33.1094698], [-65.05437201, -33.10920495], [-65.05526431, -33.1072419], [-65.05591866, -33.10533833], [-65.05692993, -33.10402962], [-65.05764377, -33.10307784], [-65.05942837, -33.1005794], [-65.05942837, -33.100062], [-65.05942837, -33.09915173], [-65.05871453, -33.09855686], [-65.05669199, -33.09689124], [-65.05526431, -33.09498767], [-65.05419355, -33.0930841], [-65.05276588, -33.09034772], [-65.05248393, -33.08927633], [-65.05217101, -33.08808723], [-65.05205204, -33.08642161], [-65.05205204, -33.08554237], [-65.05205204, -33.08511548], [-65.05205204, -33.08511291], [-65.05181409, -33.08309037], [-65.05117652, -33.08149645], [-65.05110025, -33.08130577], [-65.05105362, -33.08094436], [-65.05062436, -33.07761761], [-65.04979155, -33.07452431], [-65.04848285, -33.07166895], [-65.04812593, -33.0688136], [-65.04610339, -33.06583927], [-65.04517693, -33.0632452], [-65.04491365, -33.06250803], [-65.04394085, -33.06153523], [-65.04360495, -33.06119933], [-65.0435701, -33.06116131], [-65.04229625, -33.05977165], [-65.04003576, -33.05834397], [-65.03307422, -33.05558773], [-65.0305044, -33.05450269], [-65.02827723, -33.05096206], [-65.02777333, -33.04952647], [-65.02570746, -33.04364094], [-65.02570745, -33.04364091], [-65.02228099, -33.04073989], [-65.0207962, -33.03834139], [-65.01805506, -33.03377283], [-65.01742689, -33.03285912], [-65.01717867, -33.02877845], [-65.01602943, -33.0271334], [-65.01529207, -33.02356948], [-65.01181464, -33.01710152], [-65.01181462, -33.01710148], [-65.00886482, -33.01420497], [-65.00648536, -33.01253935], [-65.00386795, -33.0092081], [-65.00255925, -33.00742351], [-65.00089363, -33.00516302], [-64.9997039, -33.00266459], [-65.00172644, -32.99957129], [-65.00351103, -32.99671593], [-65.00529563, -32.99493134], [-65.00577152, -32.99374161], [-65.00767509, -32.99148112], [-65.00862687, -32.98945858], [-65.00974075, -32.9883447], [-65.00992822, -32.98815723], [-65.01064942, -32.98743604], [-65.01243401, -32.98541349], [-65.01576526, -32.98267711], [-65.01862061, -32.98017868], [-65.02147596, -32.97708538], [-65.02181345, -32.97544618], [-65.02230878, -32.9730403], [-65.02088373, -32.96882035], [-65.01498484, -32.96273711], [-65.01389408, -32.96180217], [-65.01363844, -32.96158305], [-65.01111368, -32.95941898], [-65.00805046, -32.95689453], [-65.00398297, -32.95354245], [-65.00318704, -32.95149234], [-65.00042194, -32.94885012], [-64.99704236, -32.94743685], [-64.99278036, -32.94516607], [-64.9924262, -32.94418752], [-64.99231095, -32.93699089], [-64.99280253, -32.93275105], [-64.99360134, -32.9290028], [-64.99279707, -32.92739426], [-64.99275945, -32.92731902], [-64.99200372, -32.92580756], [-64.99065189, -32.92408705], [-64.98960729, -32.92169062], [-64.9865969, -32.91972389], [-64.98590302, -32.91890756], [-64.9829287, -32.91414864], [-64.98102513, -32.91022253], [-64.98056822, -32.90862336], [-64.98106618, -32.9074964], [-64.98073933, -32.90548796], [-64.98102513, -32.90486874], [-64.98229512, -32.90221198], [-64.98217222, -32.90030712], [-64.98126307, -32.89880111], [-64.98052863, -32.8975993], [-64.97980838, -32.8947284], [-64.97849528, -32.88949449], [-64.980031, -32.88519447], [-64.97702099, -32.87954302], [-64.97483853, -32.87536342], [-64.97447059, -32.8751087], [-64.96896115, -32.86964515], [-64.9653112, -32.86569103], [-64.96306226, -32.86325468], [-64.96263213, -32.86122694], [-64.96171043, -32.85643408], [-64.96244779, -32.85360753], [-64.96603452, -32.8494273], [-64.96757611, -32.84600146], [-64.96757613, -32.8460014], [-64.96872209, -32.84345475], [-64.9692777, -32.84104586], [-64.96927771, -32.84104582], [-64.96984166, -32.83860075], [-64.97115036, -32.83550745], [-64.97210215, -32.83300902], [-64.97400572, -32.82896394], [-64.97424366, -32.82670345], [-64.97412913, -32.8264253], [-64.97341085, -32.82468091], [-64.9736488, -32.82242042], [-64.97329188, -32.82051685], [-64.97312706, -32.8180446], [-64.97305393, -32.81694766], [-64.97250904, -32.81580338], [-64.9718642, -32.81444922], [-64.9718642, -32.81361641], [-64.9718642, -32.81183182], [-64.97174523, -32.81028517], [-64.97067447, -32.80505035], [-64.97051459, -32.80463065], [-64.96849222, -32.79883773], [-64.96672671, -32.79714477], [-64.96491283, -32.79620156], [-64.96294122, -32.79565148], [-64.9599669, -32.79422381], [-64.95889614, -32.79267716], [-64.95794436, -32.79136845], [-64.95663565, -32.7902977], [-64.95615976, -32.78922694], [-64.95520798, -32.78744234], [-64.95389927, -32.78577672], [-64.95232102, -32.78295842], [-64.95223365, -32.78280239], [-64.95128187, -32.7810178], [-64.94950202, -32.77765586], [-64.94946472, -32.7775854], [-64.94914035, -32.77697271], [-64.94783165, -32.77435531], [-64.94604705, -32.77031022], [-64.94571588, -32.76962027], [-64.94461938, -32.7673359], [-64.94315348, -32.76143727], [-64.9457957, -32.75541548], [-64.94845535, -32.75033988], [-64.95132591, -32.74195862], [-64.95089578, -32.73882484], [-64.94935229, -32.73409762], [-64.9493783, -32.7337855], [-64.94902138, -32.73128706], [-64.94854549, -32.72831274], [-64.94866446, -32.72521944], [-64.94818857, -32.72283998], [-64.94711781, -32.72081743], [-64.94569013, -32.71855695], [-64.94307273, -32.71617749], [-64.94276019, -32.71579798], [-64.9414071, -32.71415494], [-64.93664012, -32.70896167], [-64.93034261, -32.70428018], [-64.92817816, -32.70201735], [-64.92515413, -32.69928799], [-64.92362768, -32.69835262], [-64.92191155, -32.69801776], [-64.92110866, -32.69809805], [-64.92079285, -32.69803845], [-64.91985294, -32.69786107], [-64.91807827, -32.69752615], [-64.91566933, -32.69675946], [-64.91431506, -32.69501708], [-64.91368814, -32.69373473], [-64.90946221, -32.6853971], [-64.90917668, -32.68219911], [-64.91037593, -32.67854425], [-64.91140385, -32.67723079], [-64.91366212, -32.67585752], [-64.91562978, -32.67466097], [-64.91757142, -32.67369015], [-64.91796948, -32.67355509], [-64.92076941, -32.67260512], [-64.92139759, -32.67129166], [-64.9214547, -32.67020662], [-64.9215386, -32.66335345], [-64.92260936, -32.66133091], [-64.92368012, -32.65954632], [-64.92439396, -32.6587135], [-64.92462216, -32.65615682], [-64.92447768, -32.65539081], [-64.92423101, -32.65408294], [-64.92420887, -32.65396552], [-64.92392647, -32.65345311], [-64.92084828, -32.65193901], [-64.92041088, -32.65114521], [-64.91785564, -32.64650792], [-64.91595191, -32.64554509], [-64.91266021, -32.64388027], [-64.90991907, -32.64216705], [-64.90981391, -32.63943274], [-64.90980486, -32.63919749], [-64.91111832, -32.63645635], [-64.91363103, -32.63434339], [-64.91791725, -32.63426712], [-64.92036966, -32.63257307], [-64.92088363, -32.63177357], [-64.92184475, -32.62763566], [-64.92175484, -32.62672384], [-64.92146841, -32.62361777], [-64.91908958, -32.61421755], [-64.91609685, -32.60807863], [-64.90806734, -32.59897183], [-64.90693796, -32.59671992], [-64.90671181, -32.596269], [-64.89857681, -32.59006606], [-64.8972681, -32.58840043], [-64.89610281, -32.5869022], [-64.89547453, -32.58616991], [-64.89114353, -32.58112192], [-64.88994498, -32.57957495], [-64.88835514, -32.57988869], [-64.88734117, -32.58008879], [-64.88411368, -32.58073217], [-64.88303784, -32.58094662], [-64.88088614, -32.58137548], [-64.87981029, -32.5815899], [-64.87738604, -32.58207301], [-64.87658268, -32.5822331], [-64.8755068, -32.58244748], [-64.87443092, -32.58266185], [-64.87323457, -32.58290022], [-64.87216474, -32.58311336], [-64.87109491, -32.5833265], [-64.87002507, -32.58353962], [-64.86895522, -32.58375274], [-64.86788537, -32.58396585], [-64.86752306, -32.58403802], [-64.86681552, -32.58417895], [-64.86574566, -32.58439204], [-64.86467579, -32.58460512], [-64.86360592, -32.58481819], [-64.86253604, -32.58503126], [-64.86146616, -32.58524431], [-64.86015994, -32.58550442], [-64.85910924, -32.58571363], [-64.85805853, -32.58592284], [-64.85700782, -32.58613203], [-64.8559571, -32.58634122], [-64.85490638, -32.5865504], [-64.85385565, -32.58675957], [-64.85280492, -32.58696873], [-64.85175418, -32.58717789], [-64.85070343, -32.58738703], [-64.84965268, -32.58759617], [-64.84860193, -32.58780529], [-64.84755117, -32.58801441], [-64.84544963, -32.58843262], [-64.84439885, -32.58864172], [-64.84334807, -32.5888508], [-64.84229729, -32.58905988], [-64.84124649, -32.58926894], [-64.8401957, -32.589478], [-64.83914489, -32.58968705], [-64.83809408, -32.58989609], [-64.83704327, -32.59010513], [-64.83599245, -32.59031415], [-64.83494163, -32.59052317], [-64.8338908, -32.59073217], [-64.83178912, -32.59115016], [-64.83073828, -32.59135914], [-64.82968743, -32.59156811], [-64.82863657, -32.59177708], [-64.82758571, -32.59198603], [-64.82653484, -32.59219498], [-64.82548397, -32.59240392], [-64.8244331, -32.59261284], [-64.82338221, -32.59282177], [-64.82233133, -32.59303068], [-64.82128043, -32.59323958], [-64.82022953, -32.59344847], [-64.81917863, -32.59365736], [-64.81812239, -32.5938673], [-64.81706615, -32.59407722], [-64.8160099, -32.59428714], [-64.81495365, -32.59449705], [-64.81389739, -32.59470695], [-64.81284113, -32.59491685], [-64.81178486, -32.59512673], [-64.81072858, -32.59533661], [-64.8096723, -32.59554647], [-64.80861602, -32.59575633], [-64.80755973, -32.59596618], [-64.80650343, -32.59617602], [-64.80544713, -32.59638585], [-64.80439083, -32.59659567], [-64.80333451, -32.59680549], [-64.8022782, -32.59701529], [-64.80122187, -32.59722509], [-64.80016555, -32.59743488], [-64.79910921, -32.59764466], [-64.79805287, -32.59785443], [-64.79699653, -32.59806419], [-64.79594018, -32.59827394], [-64.79488383, -32.59848369], [-64.79382747, -32.59869342], [-64.7927711, -32.59890315], [-64.79065835, -32.59932258], [-64.78960197, -32.59953228], [-64.78854559, -32.59974197], [-64.78748919, -32.59995166], [-64.7864328, -32.60016133], [-64.78532984, -32.60031432], [-64.78422688, -32.60046731], [-64.78312391, -32.60062028], [-64.78202094, -32.60077325], [-64.78093687, -32.60092358], [-64.7798528, -32.60107391], [-64.77876872, -32.60122423], [-64.77768464, -32.60137453], [-64.77660056, -32.60152483], [-64.77550456, -32.60167677], [-64.77440857, -32.6018287], [-64.77331257, -32.60198062], [-64.77221656, -32.60213253], [-64.77112055, -32.60228443], [-64.77002454, -32.60243632], [-64.76892852, -32.6025882], [-64.7678325, -32.60274007], [-64.76659182, -32.60291197], [-64.76564044, -32.60304379], [-64.7645444, -32.60319563], [-64.76344837, -32.60334747], [-64.76235232, -32.60349929], [-64.76125628, -32.60365111], [-64.76016022, -32.60380291], [-64.75796811, -32.6041065], [-64.75687205, -32.60425828], [-64.75576782, -32.60441117], [-64.7546636, -32.60456406], [-64.75355937, -32.60471694], [-64.75245513, -32.60486981], [-64.7513509, -32.60502267], [-64.75024665, -32.60517552], [-64.74914241, -32.60532836], [-64.74803816, -32.60548119], [-64.7469339, -32.60563401], [-64.74582964, -32.60578682], [-64.74472538, -32.60593962], [-64.74436027, -32.60627879], [-64.74390526, -32.60673589], [-64.74336881, -32.60700107], [-64.74299684, -32.60730847], [-64.74250036, -32.60764784], [-64.74212755, -32.60787911], [-64.74192787, -32.60812126], [-64.74117063, -32.60879673], [-64.74064579, -32.60929609], [-64.74004855, -32.60991086], [-64.73442993, -32.61117995], [-64.73320969, -32.61145553], [-64.73198944, -32.6117311], [-64.72976054, -32.61228709], [-64.72864608, -32.61256507], [-64.72641714, -32.613121], [-64.72656861, -32.61370582], [-64.72671148, -32.61409375], [-64.72721154, -32.61474528], [-64.72747271, -32.61542337], [-64.72743161, -32.61587827], [-64.72744639, -32.61636993], [-64.72763842, -32.61710408], [-64.72763816, -32.61724496], [-64.72757032, -32.6172499], [-64.72472775, -32.61746006], [-64.72360887, -32.61754274], [-64.72248999, -32.61762541], [-64.72137111, -32.61770806], [-64.72025222, -32.61779071], [-64.71801443, -32.61795597], [-64.71689554, -32.61803859], [-64.71465774, -32.6182038], [-64.71353884, -32.61828638], [-64.71241993, -32.61836896], [-64.71130102, -32.61845153], [-64.71018211, -32.61853409], [-64.70777469, -32.61871168], [-64.70657098, -32.61880046], [-64.70536726, -32.61888923], [-64.70311985, -32.61905494], [-64.70199614, -32.61913777], [-64.70087242, -32.6192206], [-64.69750127, -32.61946902], [-64.69637754, -32.61955181], [-64.69413009, -32.61971736], [-64.69300635, -32.61980012], [-64.69188262, -32.61988286], [-64.68963514, -32.62004833], [-64.68699461, -32.62024268], [-64.68567433, -32.62033984], [-64.68435406, -32.62043698], [-64.68432932, -32.62136588], [-64.68430459, -32.62229478], [-64.68427986, -32.62322368], [-64.68425512, -32.62415258], [-64.68423039, -32.62508148], [-64.68420565, -32.62601038], [-64.68418092, -32.62693928], [-64.68378758, -32.6268634], [-64.68344748, -32.6269032], [-64.68310268, -32.62707942], [-64.68287434, -32.6272759], [-64.68261514, -32.6274586], [-64.68235134, -32.6277537], [-64.68215635, -32.62809973], [-64.68189266, -32.6284025], [-64.68159981, -32.62862585], [-64.6814284, -32.62873444], [-64.68111717, -32.62879045], [-64.68081638, -32.62869269], [-64.68053648, -32.62848682], [-64.68032864, -32.62816279], [-64.68010195, -32.62793061], [-64.67935843, -32.62760643], [-64.67910017, -32.62746924], [-64.67883429, -32.62730069], [-64.67856382, -32.62718232], [-64.67821641, -32.62708662], [-64.67797002, -32.62698011], [-64.67776358, -32.62685042], [-64.67764168, -32.62678074], [-64.67742079, -32.62673276], [-64.67724927, -32.62678517], [-64.67707788, -32.62691196], [-64.67697033, -32.62707542], [-64.67683917, -32.62734314], [-64.67669709, -32.62767158], [-64.6766102, -32.62807989], [-64.67660466, -32.62837126], [-64.676579, -32.62869193], [-64.67631733, -32.6290684], [-64.67604116, -32.6291645], [-64.67564406, -32.6291186], [-64.67524693, -32.62903626], [-64.67484426, -32.62891799], [-64.67454516, -32.62878498], [-64.67426003, -32.62858314], [-64.67404645, -32.62837944], [-64.67393083, -32.62817785], [-64.67381565, -32.6278743], [-64.6737285, -32.62757118], [-64.67373205, -32.62728092], [-64.67375441, -32.62671344], [-64.67367445, -32.62647595], [-64.67347206, -32.62631717], [-64.67319525, -32.62631068], [-64.67293846, -32.62631978], [-64.67258735, -32.62638585], [-64.67238617, -32.62657282], [-64.6723746, -32.62683299], [-64.67250425, -32.62696425], [-64.67253005, -32.62717126], [-64.67236788, -32.62741685], [-64.67225282, -32.62762321], [-64.67212274, -32.62787567], [-64.67202952, -32.628128], [-64.67208614, -32.62832443], [-64.67224045, -32.6284759], [-64.67229988, -32.62866418], [-64.67213229, -32.62896194], [-64.67179056, -32.62929702], [-64.67147191, -32.62951032], [-64.67123887, -32.6297839], [-64.67102702, -32.62990113], [-64.67086996, -32.62994118], [-64.67050094, -32.62992049], [-64.67017271, -32.6297037], [-64.67000051, -32.62943299], [-64.66982696, -32.62919838], [-64.66955488, -32.62905034], [-64.66895659, -32.62880109], [-64.66872865, -32.62864598], [-64.66846147, -32.62848904], [-64.66823222, -32.62841068], [-64.66794999, -32.62848485], [-64.6677862, -32.62879301], [-64.66785379, -32.62902286], [-64.66788034, -32.62911317], [-64.66791749, -32.62947899], [-64.66789779, -32.62980075], [-64.6677393, -32.63004989], [-64.66757237, -32.63020681], [-64.66731596, -32.63038712], [-64.66685814, -32.6305068], [-64.66647033, -32.63054801], [-64.66618367, -32.63053288], [-64.66603799, -32.63051966], [-64.66572909, -32.63039782], [-64.66552117, -32.63012496], [-64.66544618, -32.62990146], [-64.66532125, -32.62975436], [-64.66507502, -32.62965594], [-64.66486421, -32.62961726], [-64.66457379, -32.62963039], [-64.66418695, -32.62970575], [-64.66402381, -32.62981385], [-64.66362376, -32.6301952], [-64.6635698, -32.63082593], [-64.66366555, -32.63132504], [-64.66359946, -32.63169105], [-64.66319233, -32.63205257], [-64.66259892, -32.63195819], [-64.66198849, -32.63160531], [-64.66116178, -32.63114182], [-64.66055762, -32.63081055], [-64.66014684, -32.63061683], [-64.6596349, -32.63058834], [-64.65873888, -32.63067602], [-64.65801896, -32.63059537], [-64.65737665, -32.63048809], [-64.65696327, -32.63052673], [-64.65667137, -32.63055401], [-64.65604158, -32.63056485], [-64.65515788, -32.63028628], [-64.65486827, -32.63009347], [-64.65447825, -32.62963232], [-64.65422567, -32.62938807], [-64.65383809, -32.62901326], [-64.65287731, -32.62808412], [-64.65230719, -32.62762452], [-64.65158441, -32.62712013], [-64.65124868, -32.62695064], [-64.65095863, -32.62669342], [-64.65058341, -32.62643958], [-64.65018387, -32.62646475], [-64.64971374, -32.62649083], [-64.64891495, -32.62656104], [-64.64833197, -32.62684737], [-64.64795811, -32.62699162], [-64.64742105, -32.62721763], [-64.64685786, -32.62730464], [-64.64613079, -32.62743361], [-64.64561541, -32.6275598], [-64.64484527, -32.62790829], [-64.64409535, -32.62807735], [-64.64336573, -32.62806699], [-64.6427597, -32.62785597], [-64.64218219, -32.62768438], [-64.64139056, -32.62787421], [-64.64117846, -32.62798013], [-64.64092152, -32.6282224], [-64.64071346, -32.62836876], [-64.64041544, -32.62844368], [-64.63995929, -32.62814913], [-64.63942785, -32.62837504], [-64.6391944, -32.62835818], [-64.63895734, -32.62838118], [-64.63869785, -32.62834476], [-64.6385636, -32.62807289], [-64.63857368, -32.62762107], [-64.63849782, -32.62731723], [-64.63832584, -32.62726908], [-64.63813087, -32.62735051], [-64.63791005, -32.62743391], [-64.6376868, -32.62735594], [-64.63745926, -32.62707105], [-64.63669373, -32.62618557], [-64.63643187, -32.62597486], [-64.6361299, -32.62583203], [-64.63591696, -32.62586389], [-64.63575833, -32.62588762], [-64.63535438, -32.62602497], [-64.63464347, -32.62623231], [-64.63386737, -32.62596614], [-64.63313223, -32.62540897], [-64.63252699, -32.62444961], [-64.63244133, -32.62431383], [-64.63245155, -32.62419006], [-64.63244456, -32.62408956], [-64.63221251, -32.62358668], [-64.63185244, -32.62327395], [-64.63111895, -32.62305425], [-64.63084942, -32.62295195], [-64.63049053, -32.62288607], [-64.63028808, -32.62265947], [-64.6301033, -32.62222102], [-64.62991318, -32.62208241], [-64.62956347, -32.62166375], [-64.6293496, -32.62167122], [-64.62917403, -32.62167349], [-64.62890518, -32.62156556], [-64.62858808, -32.62164396], [-64.62828892, -32.62187712], [-64.62782588, -32.62195165], [-64.62751049, -32.62200191], [-64.62724191, -32.6222077], [-64.62699045, -32.62238757], [-64.62664993, -32.62262452], [-64.62659926, -32.62265978], [-64.62608663, -32.62303156], [-64.62560547, -32.62337697], [-64.62517952, -32.62351718], [-64.62488356, -32.62354104], [-64.62462158, -32.62352089], [-64.62435952, -32.62350075], [-64.62394059, -32.62334506], [-64.62366273, -32.62309621], [-64.62290834, -32.62284455], [-64.62244328, -32.6230239], [-64.6219631, -32.62317868], [-64.62148498, -32.62399771], [-64.62136616, -32.6243689], [-64.62119464, -32.62473518], [-64.62110789, -32.62479537], [-64.62080405, -32.62500619], [-64.62029568, -32.62497244], [-64.61979446, -32.62455779], [-64.61991776, -32.62419268], [-64.62006918, -32.62391321], [-64.61971492, -32.62355715], [-64.6192053, -32.62317604], [-64.61881107, -32.62307943], [-64.61837439, -32.6232743], [-64.617783, -32.62349262], [-64.61745265, -32.62384354], [-64.6170461, -32.62402212], [-64.61676943, -32.62409997], [-64.61657191, -32.6245111], [-64.61611966, -32.6245912], [-64.61554409, -32.62489576], [-64.61505707, -32.62471631], [-64.61442938, -32.62407683], [-64.61399691, -32.62393282], [-64.61369023, -32.62364989], [-64.61339258, -32.62329452], [-64.61293412, -32.6231091], [-64.61236573, -32.62317896], [-64.61190076, -32.62297982], [-64.6117567, -32.6224317], [-64.61157519, -32.62221991], [-64.61134094, -32.62215476], [-64.61103467, -32.6221925], [-64.61066581, -32.62206534], [-64.61020231, -32.62161894], [-64.60971236, -32.62122902], [-64.60900693, -32.62106473], [-64.60730315, -32.62082619], [-64.60665862, -32.62082632], [-64.60626213, -32.62082743], [-64.60592373, -32.62081824], [-64.60539032, -32.62083066], [-64.60516306, -32.62087662], [-64.6049769, -32.62091426], [-64.60469556, -32.62109621], [-64.604299, -32.62116557], [-64.6038127, -32.62098803], [-64.60326586, -32.62094038], [-64.60220877, -32.62072795], [-64.60211132, -32.62068953], [-64.60178166, -32.62055956], [-64.6015578, -32.62027644], [-64.60130303, -32.61983647], [-64.60119332, -32.6195682], [-64.60105733, -32.61944542], [-64.60097013, -32.61937134], [-64.60080575, -32.61928076], [-64.60063163, -32.61920661], [-64.60043778, -32.61914877], [-64.60025371, -32.61913228], [-64.6000795, -32.61912349], [-64.59987579, -32.61912329], [-64.59965299, -32.61913903], [-64.59933401, -32.61917356], [-64.5985347, -32.61932258], [-64.59781216, -32.61932087], [-64.59715239, -32.61931963], [-64.59658791, -32.61927297], [-64.59626855, -32.61910042], [-64.59623926, -32.61880074], [-64.59634667, -32.61849005], [-64.59639894, -32.61819383], [-64.59623528, -32.61795889], [-64.59597457, -32.61795093], [-64.59564763, -32.61813712], [-64.59531095, -32.6183209], [-64.59510871, -32.6183846], [-64.59481928, -32.61837954], [-64.59477308, -32.61815869], [-64.59478578, -32.61776994], [-64.59477922, -32.6174176], [-64.59473125, -32.61713393], [-64.59449588, -32.61684814], [-64.5943179, -32.61687403], [-64.5941387, -32.61717409], [-64.59397477, -32.61749885], [-64.59373321, -32.61775436], [-64.59359732, -32.61776531], [-64.59341438, -32.61778005], [-64.5930057, -32.61776293], [-64.59283145, -32.61775563], [-64.59233215, -32.61777999], [-64.59199769, -32.61802992], [-64.59160973, -32.61844081], [-64.59131038, -32.61873537], [-64.59105944, -32.61885269], [-64.59070061, -32.61879665], [-64.59035967, -32.61866231], [-64.58995467, -32.61871252], [-64.58945195, -32.61893562], [-64.58894424, -32.61917755], [-64.58852244, -32.61938691], [-64.58823937, -32.61969957], [-64.58808902, -32.62001134], [-64.58793571, -32.62051194], [-64.58774746, -32.62101281], [-64.58753544, -32.62146431], [-64.58731308, -32.62186743], [-64.58727962, -32.62225274], [-64.58729595, -32.62255654], [-64.58722888, -32.62292173], [-64.58707964, -32.62325458], [-64.58670839, -32.62361261], [-64.58644773, -32.6239349], [-64.58633767, -32.62432108], [-64.58633956, -32.62452579], [-64.58636021, -32.62509111], [-64.58622058, -32.62531125], [-64.58597051, -32.62534596], [-64.58568957, -32.62540702], [-64.5856847, -32.62567441], [-64.58586088, -32.62590831], [-64.58584609, -32.62619926], [-64.58551977, -32.62668906], [-64.58509242, -32.62705655], [-64.5845529, -32.62746203], [-64.58397103, -32.62776862], [-64.58384349, -32.62777336], [-64.58299745, -32.62780479], [-64.58220688, -32.62787029], [-64.58150383, -32.62797464], [-64.58101017, -32.62817135], [-64.58087834, -32.6282378], [-64.58047758, -32.62843979], [-64.57949742, -32.62892068], [-64.57909046, -32.62912271], [-64.57882128, -32.62928442], [-64.57863364, -32.62953761], [-64.57847047, -32.62995349], [-64.57845212, -32.63019552], [-64.57847514, -32.63071553], [-64.57834722, -32.6307511], [-64.57816013, -32.63080017], [-64.5779971, -32.63083914], [-64.57781042, -32.63087877], [-64.57765696, -32.63092732], [-64.57747093, -32.63100423], [-64.5773173, -32.63104345], [-64.57713127, -32.63112037], [-64.57703258, -32.63114958], [-64.57693406, -32.6311881], [-64.57676892, -32.63124638], [-64.5766273, -32.6312945], [-64.57645163, -32.631334], [-64.57624323, -32.63139255], [-64.57596856, -32.63144261], [-64.57575603, -32.63147227], [-64.57557264, -32.63149419], [-64.57539649, -32.63150573], [-64.57525322, -32.63150752], [-64.57508727, -32.63147232], [-64.57489878, -32.6314373], [-64.57465602, -32.63139383], [-64.57457839, -32.63136683], [-64.57442362, -32.63134081], [-64.57424681, -32.63131506], [-64.57415816, -32.6312882], [-64.57408069, -32.63127053], [-64.57387034, -32.63121723], [-64.57338349, -32.63112341], [-64.57311231, -32.63106518], [-64.57290788, -32.63102418], [-64.57234387, -32.63091008], [-64.5720891, -32.63083869], [-64.57166855, -32.63074141], [-64.57131347, -32.63060602], [-64.57040479, -32.6303284], [-64.5697956, -32.63015889], [-64.56934973, -32.63004558], [-64.56913132, -32.62999007], [-64.56874416, -32.62991101], [-64.56821456, -32.62988034], [-64.56789498, -32.62988433], [-64.5676634, -32.6298779], [-64.56749746, -32.62984268], [-64.56707584, -32.62979171], [-64.56690092, -32.62976623], [-64.56655914, -32.62976117], [-64.5663718, -32.62976351], [-64.56605115, -32.62972086], [-64.56567577, -32.62966965], [-64.56531162, -32.62964622], [-64.56502543, -32.62966843], [-64.56479515, -32.62973656], [-64.56452046, -32.62978659], [-64.56426685, -32.62978043], [-64.56404548, -32.62972726], [-64.56364681, -32.62962035], [-64.56338165, -32.62953076], [-64.56302499, -32.62939697], [-64.56283976, -32.62934664], [-64.56271543, -32.62931677], [-64.56251483, -32.62931926], [-64.56241471, -32.62933112], [-64.56227827, -32.62941766], [-64.56216691, -32.6295039], [-64.56201794, -32.6295906], [-64.56193091, -32.62963411], [-64.56181844, -32.62965672], [-64.5617056, -32.62965813], [-64.56159222, -32.62962772], [-64.56146592, -32.62957626], [-64.56135235, -32.62953525], [-64.56123859, -32.62948363], [-64.56107487, -32.62944324], [-64.56081103, -32.6294147], [-64.56062185, -32.62940641], [-64.56038438, -32.6293988], [-64.56017125, -32.62940144], [-64.56000845, -32.62941407], [-64.55979531, -32.62941672], [-64.55968266, -32.62942873], [-64.55957037, -32.62946194], [-64.55940741, -32.62949588], [-64.55929548, -32.62951838], [-64.55914387, -32.62954167], [-64.55897023, -32.62956485], [-64.55875728, -32.6295781], [-64.55858175, -32.62958028], [-64.55831925, -32.62953644], [-64.55799065, -32.62948156], [-64.55773954, -32.62946346], [-64.55747606, -32.62945612], [-64.55708741, -32.62946095], [-64.55693806, -32.62952644], [-64.55672602, -32.6295927], [-64.55658903, -32.62964743], [-64.55643968, -32.62971292], [-64.55630268, -32.62976765], [-64.555992, -32.6299306], [-64.55581849, -32.63004942], [-64.55558285, -32.63020083], [-64.55548383, -32.63027629], [-64.55538518, -32.63037297], [-64.55527381, -32.6304592], [-64.55513791, -32.63057756], [-64.55498945, -32.63072848], [-64.55486685, -32.63085668], [-64.55473077, -32.63096442], [-64.55464393, -32.63101853], [-64.55458179, -32.63105112], [-64.55448204, -32.63108417], [-64.55438192, -32.63109602], [-64.55411863, -32.63109928], [-64.55397998, -32.63105857], [-64.55381589, -32.63099696], [-64.55355223, -32.63097901], [-64.55337634, -32.63095998], [-64.55312522, -32.63094187], [-64.5529744, -32.63092253], [-64.55269608, -32.63078803], [-64.55248122, -32.63068468], [-64.55211378, -32.6304665], [-64.55191171, -32.63038414], [-64.55179851, -32.63036433], [-64.55164788, -32.63035559], [-64.55147308, -32.63040017], [-64.55121199, -32.63053067], [-64.55112514, -32.63058478], [-64.5510134, -32.6306498], [-64.55083915, -32.63072619], [-64.550652, -32.63078154], [-64.55047739, -32.63083672], [-64.55027715, -32.63086041], [-64.55008835, -32.63082032], [-64.55001038, -32.63066219], [-64.55005596, -32.63039647], [-64.55011792, -32.63035328], [-64.55024129, -32.63023508], [-64.55042844, -32.63017974], [-64.55060305, -32.63012455], [-64.55075167, -32.63001666], [-64.55081143, -32.62984622], [-64.55089426, -32.62955883], [-64.55089023, -32.62932554], [-64.55086241, -32.62916679], [-64.5508086, -32.62895533], [-64.55070465, -32.62874449], [-64.55044476, -32.62821738], [-64.55023867, -32.62790174], [-64.55007185, -32.62768107], [-64.5498438, -32.627546], [-64.54955307, -32.62741171], [-64.54940262, -32.62741357], [-64.54912662, -32.62740637], [-64.54898762, -32.62734445], [-64.54884879, -32.62729313], [-64.54870979, -32.62723121], [-64.54864735, -32.62717991], [-64.54829468, -32.62705986], [-64.547956, -32.62694022], [-64.54745656, -32.62683495], [-64.5469416, -32.62668033], [-64.54660121, -32.62646166], [-64.54621883, -32.62635494], [-64.54576395, -32.62628625], [-64.54542458, -32.62612948], [-64.54520508, -32.62613218], [-64.54501658, -32.62623355], [-64.5450043, -32.62636989], [-64.54475977, -32.62662052], [-64.54449977, -32.62682182], [-64.54428346, -32.62701022], [-64.54416853, -32.62713544], [-64.54403946, -32.62728874], [-64.54394747, -32.62739593], [-64.54364912, -32.62754809], [-64.54338548, -32.62753011], [-64.54328481, -32.62751014], [-64.54310747, -32.62740626], [-64.5429543, -32.62724905], [-64.54281293, -32.62704926], [-64.5426474, -32.62690281], [-64.54241991, -32.62679955], [-64.54209376, -32.62679294], [-64.54180632, -32.62684951], [-64.54153104, -32.62688471], [-64.54109242, -32.6269007], [-64.54069051, -32.62686321], [-64.54003524, -32.6267755], [-64.53972399, -32.62672937], [-64.53948349, -32.62667649], [-64.53921857, -32.62662656], [-64.53896765, -32.62657676], [-64.53866331, -32.62637897], [-64.53842088, -32.62620074], [-64.5382187, -32.62604501], [-64.53806427, -32.62581357], [-64.53796646, -32.6255907], [-64.53792074, -32.62548653], [-64.53784673, -32.62520848], [-64.53776452, -32.62509619], [-64.53761221, -32.62488796], [-64.53753887, -32.6247877], [-64.53736295, -32.62457928], [-64.53716208, -32.62436489], [-64.53682233, -32.62410216], [-64.53622882, -32.62399266], [-64.53593278, -32.6239796], [-64.53546015, -32.62401874], [-64.53508524, -32.62400665], [-64.53490722, -32.62397546], [-64.53472692, -32.62381086], [-64.53446462, -32.62346377], [-64.53428376, -32.62326581], [-64.53414375, -32.62315076], [-64.5339243, -32.62300331], [-64.53383444, -32.6229491], [-64.53324682, -32.62259457], [-64.53263021, -32.62228517], [-64.53231263, -32.62213913], [-64.53155699, -32.62179785], [-64.53139841, -32.62174974], [-64.53119954, -32.62165208], [-64.53107982, -32.62157014], [-64.53093953, -32.6214384], [-64.53089669, -32.62123875], [-64.53087385, -32.62105555], [-64.53086704, -32.62065529], [-64.53084505, -32.62052212], [-64.53074335, -32.62033987], [-64.53060335, -32.62022481], [-64.53036278, -32.61999421], [-64.53031924, -32.61997343], [-64.53017099, -32.61990871], [-64.53016217, -32.61897737], [-64.53015335, -32.61804603], [-64.53014453, -32.6171147], [-64.53005214, -32.61707318], [-64.52896437, -32.61728203], [-64.52787659, -32.61749087], [-64.52763378, -32.61753749], [-64.52678881, -32.6176997], [-64.52335489, -32.60596821], [-64.51852999, -32.58871965], [-64.51639577, -32.58100132], [-64.51340646, -32.56979696], [-64.50734127, -32.54712992], [-64.50532289, -32.54756991], [-64.50499487, -32.5462988], [-64.50261083, -32.53716526], [-64.50018911, -32.52784137], [-64.49787617, -32.51912338], [-64.49538261, -32.50955247], [-64.49220929, -32.49749157], [-64.48995356, -32.48878191], [-64.49031434, -32.48791483], [-64.48766106, -32.4770614], [-64.48750256, -32.47655173], [-64.48220516, -32.47750069], [-64.4804995, -32.47780033], [-64.47250964, -32.47920358], [-64.46003339, -32.48139368], [-64.45906985, -32.48155849], [-64.45582811, -32.47798334], [-64.45438146, -32.4766542], [-64.45359625, -32.4768033], [-64.44893241, -32.4673655], [-64.4485025, -32.4669619], [-64.4464226, -32.46273301], [-64.44600665, -32.46188722], [-64.4455907, -32.46104144], [-64.44551358, -32.460718], [-64.44548735, -32.46037394], [-64.44549593, -32.45995861], [-64.44520251, -32.45758893], [-64.44337808, -32.44056725], [-64.44345649, -32.44033114], [-64.44302411, -32.43628046], [-64.44278019, -32.43386449], [-64.44082501, -32.41728553], [-64.43960084, -32.40613324], [-64.43910128, -32.40127924], [-64.43458721, -32.3940535], [-64.42609608, -32.37988304], [-64.3249481, -32.39881151], [-64.32497761, -32.39867777], [-64.324205, -32.39756333], [-64.32432397, -32.39599854], [-64.32430349, -32.39459555], [-64.32445525, -32.3929627], [-64.32472754, -32.39126352], [-64.32429237, -32.39061548], [-64.32427096, -32.38914879], [-64.32305926, -32.38784637], [-64.3230305, -32.38587394], [-64.32291206, -32.38481601], [-64.32267494, -32.38366587], [-64.32218671, -32.38292333], [-64.32221025, -32.38201968], [-64.3218961, -32.38062112], [-64.32269051, -32.37964179], [-64.32267828, -32.37880252], [-64.32225965, -32.37823309], [-64.32224532, -32.37724955], [-64.32204335, -32.37665052], [-64.32198954, -32.37637006], [-64.31556676, -32.37754228], [-64.31094286, -32.37839345], [-64.30787235, -32.37895867], [-64.30127693, -32.38017235], [-64.29766384, -32.38082129], [-64.29338417, -32.38159062], [-64.29298223, -32.38166288], [-64.2881422, -32.38252718], [-64.28564083, -32.38297409], [-64.2854055, -32.38306202], [-64.28479753, -32.38320106], [-64.28453265, -32.38325591], [-64.27912153, -32.38419368], [-64.27136991, -32.38553706], [-64.26667811, -32.3863498], [-64.26443976, -32.38676028], [-64.26220139, -32.38717072], [-64.26080371, -32.38741956], [-64.24568967, -32.39011039], [-64.24536701, -32.35754787], [-64.24552072, -32.33940676], [-64.24558682, -32.33160481], [-64.24558686, -32.33160151], [-64.24564117, -32.32694243], [-64.24565408, -32.32583519], [-64.24585945, -32.30822295], [-64.23304469, -32.30701168], [-64.22601154, -32.30633514], [-64.21486511, -32.30526212], [-64.20296054, -32.30404648], [-64.18902902, -32.30285956], [-64.18912439, -32.3054151], [-64.18000673, -32.30572429], [-64.17132453, -32.30598448], [-64.1639604, -32.30602726], [-64.1632324, -32.30616326]]]]}}, {"type": "Feature", "properties": {"zona": "pergamino", "nombre": "Partido de Pergamino", "in1": "06623", "fuente": "IGN, capa ign:departamento via WFS (wms.ign.gob.ar), 2026-08-04"}, "geometry": {"type": "MultiPolygon", "coordinates": [[[[-60.81823507, -33.54369825], [-60.81800665, -33.54385529], [-60.81755693, -33.54414797], [-60.81735705, -33.54411941], [-60.8172357, -33.54409086], [-60.8169002, -33.54414797], [-60.81637909, -33.54412655], [-60.81619991, -33.54399639], [-60.81569381, -33.54384816], [-60.81531406, -33.54388205], [-60.81520126, -33.54386957], [-60.81485148, -33.54397665], [-60.81473727, -33.54407658], [-60.81459173, -33.54466566], [-60.81424702, -33.54513684], [-60.81387352, -33.54531152], [-60.81340239, -33.54546857], [-60.81305261, -33.54553995], [-60.81277421, -33.54564703], [-60.81248702, -33.54580999], [-60.81241015, -33.54587546], [-60.81233163, -33.54611102], [-60.81245246, -33.54625924], [-60.81266, -33.54657502], [-60.81261717, -33.54680345], [-60.81249581, -33.54696763], [-60.81214886, -33.54729115], [-60.81192474, -33.54734596], [-60.8116749, -33.54736738], [-60.81127379, -33.54726046], [-60.81098248, -33.54727458], [-60.81077546, -33.54734596], [-60.81060221, -33.54752909], [-60.81034488, -33.54788293], [-60.81029005, -33.54810263], [-60.81016156, -33.54828823], [-60.80993924, -33.54850416], [-60.80967615, -33.54873081], [-60.80958335, -33.54896638], [-60.80963712, -33.54926124], [-60.80959094, -33.54949215], [-60.80947092, -33.54969791], [-60.80929068, -33.54974446], [-60.80906939, -33.54991578], [-60.80899801, -33.55014421], [-60.80891919, -33.55052517], [-60.8087553, -33.55090802], [-60.8084607, -33.55109828], [-60.80786583, -33.55187161], [-60.80779444, -33.55193407], [-60.80757747, -33.55225003], [-60.80731015, -33.55256729], [-60.80714203, -33.5527283], [-60.80708492, -33.55302098], [-60.80708492, -33.55342787], [-60.80701354, -33.55367771], [-60.80702781, -33.55388472], [-60.8070992, -33.55394897], [-60.80728317, -33.55392403], [-60.80764885, -33.55391328], [-60.80809857, -33.55390614], [-60.80832673, -33.55396782], [-60.80865536, -33.55394183], [-60.80892875, -33.55389671], [-60.80906225, -33.55386331], [-60.8092193, -33.553899], [-60.80927551, -33.5540228], [-60.80931923, -33.55419881], [-60.809462, -33.55437727], [-60.80987603, -33.55456287], [-60.81011159, -33.55455573], [-60.81058169, -33.55436465], [-60.81078067, -33.55448902], [-60.81080402, -33.55464853], [-60.81068266, -33.5548484], [-60.81021153, -33.55529812], [-60.80972612, -33.55589775], [-60.80944059, -33.55596199], [-60.80916938, -33.55591927], [-60.80872675, -33.55623325], [-60.80842694, -33.55642599], [-60.8079488, -33.55665458], [-60.80768737, -33.55686848], [-60.80697353, -33.55740386], [-60.80685386, -33.55750358], [-60.80643167, -33.55774891], [-60.80634967, -33.55779656], [-60.80554586, -33.55829615], [-60.80541855, -33.55852531], [-60.80541454, -33.55872455], [-60.80524842, -33.55883153], [-60.80508172, -33.55895656], [-60.80487916, -33.55921709], [-60.80439333, -33.55943754], [-60.80424384, -33.5597025], [-60.80412249, -33.55986669], [-60.80387265, -33.55990238], [-60.80372274, -33.55987383], [-60.80361567, -33.55966434], [-60.80348004, -33.55952404], [-60.80335155, -33.55948121], [-60.80323019, -33.55950977], [-60.80306601, -33.55968823], [-60.80298886, -33.55996086], [-60.80292324, -33.56018791], [-60.8026305, -33.56041522], [-60.80239307, -33.56103253], [-60.80265198, -33.56134909], [-60.80249705, -33.56158709], [-60.80257153, -33.56198432], [-60.80244497, -33.56222949], [-60.80222403, -33.56223045], [-60.80208805, -33.56225805], [-60.80203579, -33.56219861], [-60.80195957, -33.56211194], [-60.80183107, -33.56207483], [-60.80164071, -33.56211052], [-60.80157854, -33.56226208], [-60.80134328, -33.56297902], [-60.80096257, -33.56325266], [-60.80071272, -33.56334784], [-60.80055806, -33.56362148], [-60.80030821, -33.56364527], [-60.80001306, -33.56367424], [-60.7995111, -33.56385942], [-60.79894285, -33.56424481], [-60.79854741, -33.56476362], [-60.79858593, -33.56495864], [-60.79872587, -33.56515623], [-60.79877346, -33.56559643], [-60.79849982, -33.56608422], [-60.79797634, -33.56626268], [-60.79757466, -33.56632683], [-60.79710784, -33.56608422], [-60.79678661, -33.56604853], [-60.7964178, -33.56636975], [-60.79622744, -33.56675047], [-60.79625853, -33.56713723], [-60.7962481, -33.56727279], [-60.7964059, -33.56765466], [-60.79563257, -33.5683923], [-60.79480322, -33.5684132], [-60.79457401, -33.56850795], [-60.79427902, -33.56864411], [-60.79394316, -33.56895147], [-60.79345537, -33.56951064], [-60.79333639, -33.56985566], [-60.79308655, -33.57005792], [-60.79253284, -33.57014984], [-60.79238557, -33.57024286], [-60.79096883, -33.57051002], [-60.79055242, -33.57053381], [-60.79010033, -33.57077176], [-60.78985048, -33.57097401], [-60.7898315, -33.5711502], [-60.78975531, -33.57143801], [-60.78936269, -33.57173544], [-60.78898527, -33.57185326], [-60.78883014, -33.57209703], [-60.78865168, -33.57287035], [-60.7885523, -33.57301943], [-60.78824435, -33.5736866], [-60.78783984, -33.57403162], [-60.78698606, -33.57447649], [-60.78651017, -33.57501187], [-60.78630509, -33.57525704], [-60.78454767, -33.57596321], [-60.78424968, -33.5762016], [-60.78403234, -33.57631863], [-60.78324748, -33.57699405], [-60.78282704, -33.57706753], [-60.78270303, -33.57715338], [-60.78210817, -33.57756979], [-60.78199826, -33.57799342], [-60.78214772, -33.57804442], [-60.78236708, -33.57837414], [-60.78195067, -33.578969], [-60.78168893, -33.57904038], [-60.78133201, -33.5789809], [-60.78054721, -33.57862693], [-60.78033171, -33.57852973], [-60.77928479, -33.57855259], [-60.7785644, -33.57876675], [-60.77833371, -33.57886148], [-60.77776282, -33.57924264], [-60.77694191, -33.579433], [-60.77579977, -33.57954007], [-60.77512074, -33.57938638], [-60.77469332, -33.57927833], [-60.77457338, -33.57945078], [-60.77454038, -33.57949823], [-60.77428881, -33.58015873], [-60.77408655, -33.58024201], [-60.77390809, -33.58011114], [-60.77352738, -33.58014683], [-60.772992, -33.5803134], [-60.77205089, -33.58025332], [-60.77149294, -33.58033719], [-60.77128162, -33.58054411], [-60.77118361, -33.58089636], [-60.77102895, -33.58093206], [-60.77032701, -33.58109862], [-60.76960441, -33.58113884], [-60.76926827, -33.58129163], [-60.76911348, -33.58157451], [-60.76878583, -33.5816751], [-60.76829257, -33.58188384], [-60.76823368, -33.58190116], [-60.76821477, -33.58190672], [-60.76788806, -33.58200281], [-60.76736458, -33.5820742], [-60.76698386, -33.58197902], [-60.76674, -33.58187018], [-60.76663889, -33.58182505], [-60.76611536, -33.58182435], [-60.765925, -33.58190763], [-60.76581793, -33.5820504], [-60.76580584, -33.58224824], [-60.76590121, -33.58255009], [-60.76582387, -33.5826988], [-60.76574654, -33.58284752], [-60.76546101, -33.58307357], [-60.76503271, -33.58307357], [-60.76451533, -33.58295644], [-60.76433123, -33.58303826], [-60.76432574, -33.5830407], [-60.76358035, -33.58337198], [-60.76324811, -33.58378741], [-60.76264924, -33.58401568], [-60.76256908, -33.58408582], [-60.76171336, -33.58442986], [-60.76098762, -33.58441797], [-60.76066937, -33.58479869], [-60.76051173, -33.58508422], [-60.76036896, -33.5851318], [-60.76010722, -33.5851318], [-60.75988117, -33.58502473], [-60.75927441, -33.58504852], [-60.75897501, -33.58493171], [-60.75873687, -33.58495336], [-60.7584191, -33.5850532], [-60.75832688, -33.58508217], [-60.75802519, -33.58531026], [-60.75761983, -33.58584606], [-60.75722699, -33.58597158], [-60.75660941, -33.58628584], [-60.75575656, -33.58655133], [-60.75563666, -33.58667123], [-60.75553866, -33.58678553], [-60.75543158, -33.5869045], [-60.75544348, -33.58705917], [-60.75577301, -33.58727603], [-60.75589557, -33.58739229], [-60.75590747, -33.58752316], [-60.75582419, -33.58776111], [-60.75558625, -33.58795147], [-60.75514604, -33.58796336], [-60.75477723, -33.58783249], [-60.75434893, -33.58764214], [-60.75393252, -33.58747557], [-60.75352713, -33.5872386], [-60.7526833, -33.58717814], [-60.75228347, -33.58734933], [-60.75183371, -33.58758563], [-60.75121993, -33.58760644], [-60.75084576, -33.5873737], [-60.75042281, -33.58751127], [-60.74930447, -33.58748747], [-60.74854182, -33.58747481], [-60.74843126, -33.58753763], [-60.74722394, -33.58822374], [-60.74711556, -33.58828893], [-60.74677135, -33.58839826], [-60.74623496, -33.58837977], [-60.74578287, -33.5882251], [-60.74534267, -33.58811803], [-60.7447478, -33.58802285], [-60.74469815, -33.58799795], [-60.74440461, -33.58785074], [-60.74403583, -33.58755814], [-60.74367891, -33.58714688], [-60.74344192, -33.58708763], [-60.742987, -33.58716624], [-60.74264395, -33.58744035], [-60.74201142, -33.5878087], [-60.74155932, -33.58783249], [-60.74092877, -33.58764214], [-60.73996508, -33.58748747], [-60.73762837, -33.58705558], [-60.73690748, -33.58698778], [-60.73581292, -33.58701158], [-60.73557498, -33.58684969], [-60.7350158, -33.58659517], [-60.73453463, -33.58653035], [-60.73439045, -33.58651093], [-60.73332922, -33.5867902], [-60.73213949, -33.5867902], [-60.73112821, -33.58684969], [-60.73035015, -33.58684969], [-60.729879, -33.58684969], [-60.72978204, -33.5868668], [-60.72886773, -33.58702815], [-60.72815389, -33.58732558], [-60.72732982, -33.58702592], [-60.72684518, -33.58684969], [-60.72652623, -33.58686563], [-60.72565545, -33.58690917], [-60.72464418, -33.58702815], [-60.72375189, -33.58732558], [-60.7223837, -33.58774198], [-60.72143191, -33.58803942], [-60.72027416, -33.5881309], [-60.71920341, -33.5877145], [-60.718787, -33.58729809], [-60.71801368, -33.58711963], [-60.71735932, -33.58729809], [-60.71700241, -33.5872386], [-60.71616959, -33.58741706], [-60.71565889, -33.58741706], [-60.71565884, -33.58741706], [-60.71414705, -33.58753604], [-60.71350548, -33.58757075], [-60.71229195, -33.58797526], [-60.71182708, -33.58824988], [-60.71129258, -33.58876048], [-60.71072151, -33.58860582], [-60.71052571, -33.58838556], [-60.71036742, -33.58771352], [-60.71036742, -33.58762301], [-60.70995101, -33.58726609], [-60.70897172, -33.58688168], [-60.70807943, -33.5868222], [-60.70718713, -33.58676271], [-60.70629483, -33.58664374], [-60.70522407, -33.58634631], [-60.70409383, -33.5859299], [-60.70343948, -33.58563247], [-60.70227725, -33.58530304], [-60.70148337, -33.58508652], [-60.70096855, -33.58494612], [-60.70031419, -33.58506509], [-60.69888652, -33.58506509], [-60.69793473, -33.58506509], [-60.69716876, -33.58509012], [-60.69695545, -33.58509709], [-60.69624161, -33.58497812], [-60.69570623, -33.58468068], [-60.69457599, -33.58468068], [-60.69374317, -33.58456171], [-60.69332677, -33.58450222], [-60.69269552, -33.58435369], [-60.6923155, -33.58426428], [-60.69135716, -33.58419783], [-60.69062738, -33.58414723], [-60.69029296, -33.58426428], [-60.68951963, -33.58450222], [-60.6883299, -33.58444274], [-60.68779452, -33.58444274], [-60.68749709, -33.58468068], [-60.68624787, -33.58491863], [-60.68559352, -33.5850376], [-60.68458225, -33.58515658], [-60.68398738, -33.58542426], [-60.68359848, -33.58619533], [-60.68276567, -33.58655225], [-60.68169491, -33.58702815], [-60.68068364, -33.58708763], [-60.68003611, -33.58718737], [-60.67824187, -33.58767783], [-60.6767547, -33.58821321], [-60.67612414, -33.5886653], [-60.67506528, -33.58884376], [-60.67432765, -33.58873669], [-60.67370899, -33.58896274], [-60.67351786, -33.58913477], [-60.67295039, -33.58964555], [-60.67072277, -33.59074733], [-60.66920274, -33.59131118], [-60.66729917, -33.59160861], [-60.6658715, -33.59202501], [-60.66480074, -33.59232245], [-60.66456266, -33.59259028], [-60.66432485, -33.59285783], [-60.66361101, -33.59369064], [-60.66248076, -33.59440447], [-60.66164795, -33.59499934], [-60.66051771, -33.59565369], [-60.66009943, -33.59711768], [-60.6600985, -33.59712093], [-60.66004182, -33.59731931], [-60.65980052, -33.59796277], [-60.6596849, -33.5982711], [-60.65932798, -33.59922288], [-60.65909003, -33.59987724], [-60.65858038, -33.60073155], [-60.65775233, -33.60066493], [-60.65713963, -33.60060668], [-60.65696701, -33.60093753], [-60.65693379, -33.60164526], [-60.65653211, -33.60238766], [-60.65653211, -33.60303002], [-60.65635365, -33.60380335], [-60.65546135, -33.60451718], [-60.65421214, -33.60552846], [-60.65281137, -33.60652066], [-60.65278446, -33.60653973], [-60.65224908, -33.60737254], [-60.65147576, -33.607551], [-60.65016705, -33.60713459], [-60.64933424, -33.60701562], [-60.648204, -33.60743202], [-60.64760913, -33.60820535], [-60.64653838, -33.60909765], [-60.64606248, -33.60981148], [-60.64493224, -33.61070378], [-60.64427789, -33.61117967], [-60.64379869, -33.61155619], [-60.64352228, -33.61209136], [-60.64362354, -33.61242889], [-60.64326662, -33.61302376], [-60.64207689, -33.61355914], [-60.64142253, -33.61427297], [-60.64076818, -33.61534373], [-60.63969743, -33.61611706], [-60.63910256, -33.61629552], [-60.63896997, -33.61622412], [-60.63856972, -33.6160086], [-60.6376154, -33.61617654], [-60.63678259, -33.61677141], [-60.63600926, -33.61712833], [-60.63535476, -33.61769762], [-60.63520843, -33.61781468], [-60.63467306, -33.61829057], [-60.63443511, -33.61876646], [-60.63424103, -33.6189848], [-60.63231264, -33.61974881], [-60.63193668, -33.61977773], [-60.63157976, -33.62001568], [-60.63152027, -33.62031311], [-60.63157976, -33.62072952], [-60.6314013, -33.62096746], [-60.63116335, -33.62132438], [-60.63056849, -33.62185976], [-60.63039003, -33.62209771], [-60.63003311, -33.62239514], [-60.62967619, -33.6225736], [-60.62937876, -33.62293052], [-60.62908132, -33.62304949], [-60.62884338, -33.62316846], [-60.62866492, -33.62263309], [-60.62845363, -33.62257272], [-60.62824851, -33.62251411], [-60.62789159, -33.62275206], [-60.62780251, -33.62297477], [-60.62777262, -33.62304949], [-60.62795108, -33.62322795], [-60.62818902, -33.62340641], [-60.62818902, -33.62358487], [-60.62666988, -33.62450466], [-60.62548015, -33.62545644], [-60.62452836, -33.62575387], [-60.62369555, -33.62593233], [-60.62226787, -33.62599182], [-60.6212566, -33.62587285], [-60.62054276, -33.62622977], [-60.62051526, -33.62661868], [-60.62003083, -33.62790205], [-60.6199204, -33.62834379], [-60.61917457, -33.62866871], [-60.61846646, -33.62843267], [-60.61828228, -33.62837128], [-60.61786587, -33.62795488], [-60.61789786, -33.62739201], [-60.61822279, -33.62670566], [-60.61792536, -33.62599182], [-60.61756844, -33.62545644], [-60.61655717, -33.62539695], [-60.6156239, -33.62567144], [-60.61474699, -33.62606707], [-60.61453462, -33.6265272], [-60.61376669, -33.62679109], [-60.61340438, -33.62664617], [-60.61275791, -33.62656536], [-60.6124526, -33.6265272], [-60.61132235, -33.62682463], [-60.61060851, -33.6274195], [-60.6090258, -33.62926214], [-60.60867744, -33.62941455], [-60.60826104, -33.62977147], [-60.60772566, -33.62994993], [-60.60724977, -33.63012839], [-60.60690413, -33.63022265], [-60.60654307, -33.63028482], [-60.60593718, -33.63038915], [-60.60507747, -33.62988669], [-60.60383374, -33.62942785], [-60.60306279, -33.62864739], [-60.60272967, -33.62776223], [-60.60183499, -33.62735296], [-60.60016937, -33.62794307], [-60.59943142, -33.6288938], [-60.59761859, -33.62980856], [-60.5960943, -33.63025654], [-60.59573688, -33.63027485], [-60.59460664, -33.6309292], [-60.59371434, -33.63075074], [-60.59261608, -33.63113966], [-60.59225189, -33.63142292], [-60.59147006, -33.63159792], [-60.5903184, -33.63204526], [-60.58940469, -33.6319596], [-60.58818209, -33.63134561], [-60.58741874, -33.63105935], [-60.58639242, -33.63155606], [-60.58681391, -33.63235688], [-60.58711134, -33.6331302], [-60.58697827, -33.63375119], [-60.58693288, -33.63396301], [-60.5868783, -33.63409945], [-60.58598109, -33.63437942], [-60.58514828, -33.63449839], [-60.58394409, -33.63467472], [-60.58366112, -33.63443891], [-60.58276882, -33.63431993], [-60.58187652, -33.63479583], [-60.58116409, -33.6353535], [-60.58116404, -33.63535353], [-60.58019593, -33.63607449], [-60.57979449, -33.63610453], [-60.57902117, -33.63628299], [-60.57789093, -33.63693734], [-60.57616537, -33.63788921], [-60.57422373, -33.63796536], [-60.57352352, -33.63738273], [-60.57283412, -33.63689936], [-60.57175861, -33.63688984], [-60.57062598, -33.63717538], [-60.5705146, -33.63836502], [-60.57015768, -33.63949526], [-60.57007166, -33.63957514], [-60.56932487, -33.64026859], [-60.56789719, -33.64104191], [-60.56644201, -33.64184723], [-60.56590663, -33.64220415], [-60.56507382, -33.64268004], [-60.5643005, -33.64315594], [-60.56382072, -33.64328583], [-60.56274765, -33.64434033], [-60.56215898, -33.64470259], [-60.56121283, -33.64520844], [-60.55952818, -33.64557963], [-60.5582052, -33.6459889], [-60.55762461, -33.64636009], [-60.55694884, -33.64659804], [-60.55645391, -33.64659804], [-60.55589236, -33.64648383], [-60.55536888, -33.64643624], [-60.55354145, -33.64647431], [-60.55245642, -33.64610311], [-60.5520186, -33.6461507], [-60.55129524, -33.64630299], [-60.55071465, -33.64655997], [-60.54992467, -33.64670274], [-60.54884916, -33.64675984], [-60.54833519, -33.64664563], [-60.54797351, -33.64651238], [-60.54758328, -33.64646479], [-60.54717401, -33.64664563], [-60.54675523, -33.64679792], [-60.54635548, -33.64680743], [-60.54579393, -33.64672177], [-60.54508961, -33.64670274], [-60.54448046, -33.64673129], [-60.5438047, -33.64681695], [-60.54299568, -33.64695972], [-60.54221522, -33.64715959], [-60.5417774, -33.64731188], [-60.54132054, -33.64730236], [-60.54078754, -33.64712152], [-60.54050201, -33.64698827], [-60.54016888, -33.6469502], [-60.53938842, -33.64702634], [-60.5383129, -33.64726429], [-60.53732305, -33.64741658], [-60.53666631, -33.64767356], [-60.53642981, -33.64790774], [-60.53593344, -33.648178], [-60.53565549, -33.64823978], [-60.53537189, -33.64827318], [-60.53497317, -33.6480692], [-60.53446576, -33.64794235], [-60.53392853, -33.64812143], [-60.53338266, -33.6484445], [-60.53261506, -33.64855925], [-60.53250271, -33.6485967], [-60.53183125, -33.64863486], [-60.53122211, -33.64858727], [-60.53054085, -33.64831468], [-60.52948736, -33.64840629], [-60.52907108, -33.64863486], [-60.52832868, -33.64889184], [-60.52792224, -33.64889413], [-60.52706281, -33.64884425], [-60.52663202, -33.64850315], [-60.5256161, -33.64808282], [-60.52537815, -33.64802572], [-60.52514972, -33.64805427], [-60.52488843, -33.64812081], [-60.52415987, -33.64861582], [-60.52380771, -33.648711], [-60.52333182, -33.64873004], [-60.52315098, -33.64860631], [-60.52292255, -33.64843498], [-60.52286708, -33.64824097], [-60.52278653, -33.64795923], [-60.52280833, -33.64691213], [-60.52286544, -33.64648383], [-60.52258942, -33.64607456], [-60.52210401, -33.64558915], [-60.52165667, -33.64543686], [-60.52124741, -33.64528458], [-60.52015286, -33.64468495], [-60.51972455, -33.64470399], [-60.51950564, -33.64466592], [-60.51902975, -33.64437087], [-60.51868711, -33.64425665], [-60.51796375, -33.64446604], [-60.51727847, -33.64471351], [-60.51668836, -33.64478965], [-60.51587934, -33.64459929], [-60.51505129, -33.64456122], [-60.51402336, -33.6444946], [-60.51360458, -33.64459929], [-60.5132429, -33.64474206], [-60.51289074, -33.64472303], [-60.51255762, -33.64464688], [-60.51231015, -33.64468495], [-60.51191992, -33.64484676], [-60.5109043, -33.64548993], [-60.51013057, -33.6459889], [-60.50966419, -33.64611263], [-60.50940721, -33.64606504], [-60.5089851, -33.64589065], [-60.50863626, -33.64580806], [-60.50816989, -33.64575095], [-60.50755123, -33.64584613], [-60.50643094, -33.64595588], [-60.50605693, -33.64603649], [-60.50557152, -33.64596986], [-60.50485894, -33.64578866], [-60.5038788, -33.64574605], [-60.50341097, -33.64587468], [-60.50257282, -33.64565361], [-60.50211731, -33.64555238], [-60.50198329, -33.64536072], [-60.5016692, -33.64505615], [-60.50125042, -33.64485628], [-60.50100295, -33.64464688], [-60.50049851, -33.64451363], [-60.49987033, -33.64446604], [-60.49915649, -33.64451363], [-60.49792869, -33.64454219], [-60.49765267, -33.64442797], [-60.49697691, -33.64414244], [-60.49610126, -33.64391401], [-60.49553019, -33.6435904], [-60.4950543, -33.6432668], [-60.49467359, -33.64287656], [-60.49424528, -33.64284801], [-60.49348386, -33.64294319], [-60.49288423, -33.6428956], [-60.4913742, -33.6433283], [-60.49044573, -33.64342137], [-60.48976238, -33.64333342], [-60.48949395, -33.64312394], [-60.48931504, -33.64288608], [-60.48907709, -33.64257199], [-60.48865831, -33.64241971], [-60.4880111, -33.64235308], [-60.48763038, -33.64221983], [-60.4873734, -33.6420961], [-60.48691654, -33.64167732], [-60.48653583, -33.6415631], [-60.48595524, -33.64152503], [-60.48446677, -33.64147558], [-60.484384, -33.64144989], [-60.48392192, -33.64130649], [-60.48310941, -33.64075408], [-60.48249075, -33.64040192], [-60.48112969, -33.63946918], [-60.48085368, -33.6391646], [-60.48035875, -33.63892666], [-60.47879578, -33.63842747], [-60.4786674, -33.63836502], [-60.47747767, -33.63788912], [-60.47711316, -33.63758464], [-60.47639933, -33.63748946], [-60.47557306, -33.63771998], [-60.47486026, -33.63782964], [-60.47443865, -33.63807005], [-60.47328699, -33.63807005], [-60.47287772, -33.63803198], [-60.47269915, -33.63791491], [-60.4723737, -33.63770156], [-60.4721163, -33.6374038], [-60.47143101, -33.63716586], [-60.47073621, -33.63721345], [-60.46989864, -33.6375085], [-60.46948937, -33.63758464], [-60.46899057, -33.63779184], [-60.4685486, -33.63774974], [-60.46814683, -33.63747993], [-60.46794748, -33.6373467], [-60.46789989, -33.63714682], [-60.46791893, -33.63700405], [-60.46805218, -33.63678514], [-60.46807121, -33.63658527], [-60.46814496, -33.63602531], [-60.46779353, -33.63549817], [-60.46759532, -33.63549072], [-60.46679582, -33.63550975], [-60.4659297, -33.63544313], [-60.4655585, -33.63556686], [-60.46516827, -33.63535747], [-60.46441636, -33.63507193], [-60.46384529, -33.63482447], [-60.46340747, -33.63461508], [-60.46300772, -33.6343105], [-60.46281736, -33.63418677], [-60.46253183, -33.63395834], [-60.46243132, -33.63371867], [-60.4624081, -33.63366329], [-60.4622997, -33.6331477], [-60.46207066, -33.63283277], [-60.46202854, -33.63268534], [-60.4621416, -33.63234031], [-60.46213166, -33.63222599], [-60.46212256, -33.6321214], [-60.46181799, -33.63170262], [-60.46159908, -33.63150274], [-60.46115174, -33.63141708], [-60.46046646, -33.63151226], [-60.46005433, -33.63165742], [-60.45957223, -33.63146458], [-60.45891788, -33.62997742], [-60.45843373, -33.62926395], [-60.45783001, -33.62856173], [-60.45774951, -33.62825355], [-60.45759207, -33.62801921], [-60.45750641, -33.62761946], [-60.45746833, -33.62723875], [-60.45753496, -33.626839], [-60.45772814, -33.62650587], [-60.45804892, -33.62610612], [-60.45827735, -33.62573493], [-60.4585153, -33.62533518], [-60.45860096, -33.6250782], [-60.45851098, -33.62485805], [-60.4584278, -33.62457215], [-60.45784712, -33.62408825], [-60.45758624, -33.62385109], [-60.45715425, -33.62368859], [-60.45697341, -33.62348872], [-60.45695437, -33.62333643], [-60.45693534, -33.62318414], [-60.45699244, -33.62292716], [-60.45711617, -33.62271777], [-60.45735896, -33.62259461], [-60.45751764, -33.62251411], [-60.45808314, -33.62222724], [-60.45817654, -33.62215719], [-60.4586771, -33.62189924], [-60.4588389, -33.62168984], [-60.4589436, -33.62147093], [-60.45892456, -33.62128058], [-60.45885794, -33.62110925], [-60.45876276, -33.62083324], [-60.45866758, -33.62045252], [-60.4585724, -33.6200147], [-60.45847723, -33.61952929], [-60.4583059, -33.61918665], [-60.45812507, -33.61892015], [-60.45794423, -33.61850137], [-60.45783953, -33.61802547], [-60.45783001, -33.61764476], [-60.45799182, -33.61736874], [-60.45837253, -33.61616949], [-60.45831542, -33.61583637], [-60.45820121, -33.61519867], [-60.45834398, -33.61472278], [-60.45872469, -33.61408509], [-60.45897215, -33.6136663], [-60.45911492, -33.6132951], [-60.45909633, -33.61302376], [-60.45896264, -33.61275259], [-60.45904672, -33.61242832], [-60.45940584, -33.61183922], [-60.46016426, -33.61089899], [-60.46049977, -33.6102137], [-60.46053211, -33.60969809], [-60.46053211, -33.60969805], [-60.46053212, -33.60969798], [-60.46056654, -33.60921604], [-60.46039194, -33.60880185], [-60.46030703, -33.60860043], [-60.46003577, -33.60832917], [-60.45981017, -33.60826484], [-60.45918631, -33.60815071], [-60.45881511, -33.6080008], [-60.45860096, -33.60764388], [-60.45853671, -33.60732266], [-60.45875677, -33.60696605], [-60.45908637, -33.60669448], [-60.45905781, -33.60630901], [-60.45884366, -33.60583787], [-60.45845105, -33.60555234], [-60.45761586, -33.60494558], [-60.45736602, -33.60457438], [-60.457159, -33.6041318], [-60.45688061, -33.60350362], [-60.45688061, -33.60320381], [-60.45666646, -33.60250425], [-60.45664359, -33.60237229], [-60.45648086, -33.60143349], [-60.45650067, -33.60137406], [-60.45658793, -33.60111226], [-60.45674498, -33.60066968], [-60.45661649, -33.60024138], [-60.45675926, -33.59967031], [-60.4570091, -33.59892792], [-60.45745168, -33.59834971], [-60.45690144, -33.59852834], [-60.456807, -33.598559], [-60.456221, -33.59900332], [-60.45550698, -33.59954471], [-60.45479297, -33.60008609], [-60.45393975, -33.60073302], [-60.44861907, -33.60476731], [-60.435961, -33.614365], [-60.434523, -33.615447], [-60.43307573, -33.61654132], [-60.432973, -33.616619], [-60.431535, -33.617718], [-60.42997, -33.618907], [-60.429335, -33.619387], [-60.428433, -33.618573], [-60.427482, -33.617705], [-60.42668745, -33.61699518], [-60.426638, -33.616951], [-60.4195565, -33.62234339], [-60.417314, -33.624051], [-60.41223907, -33.62787862], [-60.406654, -33.632091], [-60.405662, -33.632827], [-60.404708, -33.633554], [-60.403714, -33.634302], [-60.402764, -33.635017], [-60.401763, -33.635761], [-60.40125377, -33.63614431], [-60.400392, -33.636793], [-60.399004, -33.63783], [-60.397897, -33.638651], [-60.39516, -33.640719], [-60.393426, -33.642014], [-60.39174311, -33.64046236], [-60.389964, -33.638822], [-60.38948895, -33.63838309], [-60.387545, -33.636587], [-60.38745007, -33.63665867], [-60.381574, -33.641095], [-60.38165504, -33.64125628], [-60.381777, -33.641499], [-60.381411, -33.641708], [-60.37705784, -33.64490357], [-60.37659, -33.645247], [-60.3752454, -33.6462539], [-60.37096, -33.649463], [-60.36939, -33.650782], [-60.367945, -33.651933], [-60.366666, -33.652931], [-60.364669, -33.654451], [-60.361227, -33.656805], [-60.359083, -33.658424], [-60.358972, -33.658517], [-60.35596268, -33.66078982], [-60.35535081, -33.66125194], [-60.353411, -33.662717], [-60.352151, -33.663702], [-60.35213053, -33.66371801], [-60.348044, -33.666914], [-60.347951, -33.667065], [-60.34790803, -33.66709692], [-60.345296, -33.669037], [-60.342522, -33.671163], [-60.340607, -33.672644], [-60.33876131, -33.67407388], [-60.33747993, -33.67506658], [-60.330309, -33.680622], [-60.328391, -33.682099], [-60.327036, -33.683138], [-60.326792, -33.68327], [-60.326702, -33.683051], [-60.326686, -33.682839], [-60.32669763, -33.68277095], [-60.32672, -33.68264], [-60.326605, -33.682313], [-60.326515, -33.682059], [-60.326515, -33.681766], [-60.326517, -33.681512], [-60.326559, -33.681312], [-60.326677, -33.68111], [-60.326725, -33.680998], [-60.326822, -33.680874], [-60.326952, -33.680698], [-60.327125, -33.680517], [-60.327287, -33.680269], [-60.327382, -33.679897], [-60.327492, -33.67962], [-60.327687, -33.679432], [-60.327854, -33.67912], [-60.328014, -33.678731], [-60.327871, -33.678378], [-60.327713, -33.677891], [-60.32769543, -33.6777889], [-60.327655, -33.677554], [-60.32768366, -33.67736982], [-60.327758, -33.676892], [-60.327884, -33.676224], [-60.32789, -33.675802], [-60.327843, -33.675467], [-60.327667, -33.675129], [-60.327559, -33.674893], [-60.327321, -33.674736], [-60.327165, -33.674485], [-60.327, -33.674094], [-60.326849, -33.673742], [-60.326734, -33.673168], [-60.326588, -33.672852], [-60.326776, -33.672553], [-60.327186, -33.672367], [-60.327462, -33.672142], [-60.32746165, -33.67213843], [-60.327432, -33.671835], [-60.327226, -33.671606], [-60.32692, -33.671573], [-60.32681693, -33.67160601], [-60.326614, -33.671671], [-60.326305, -33.671729], [-60.326105, -33.671569], [-60.325899, -33.671422], [-60.325784, -33.671183], [-60.325613, -33.670989], [-60.325098, -33.67081], [-60.324715, -33.670495], [-60.32455, -33.670091], [-60.324432, -33.669769], [-60.32442699, -33.66961], [-60.324424, -33.66947], [-60.32427894, -33.6693661], [-60.324202, -33.669311], [-60.324091, -33.669231], [-60.323797, -33.668705], [-60.32375358, -33.66862208], [-60.323642, -33.668409], [-60.323469, -33.668093], [-60.323346, -33.667826], [-60.32325008, -33.66774911], [-60.322988, -33.667539], [-60.322683, -33.666941], [-60.32273712, -33.66680498], [-60.32278251, -33.66669088], [-60.322794, -33.666662], [-60.32288704, -33.66657255], [-60.322975, -33.666488], [-60.323041, -33.666353], [-60.323069, -33.666238], [-60.323069, -33.666174], [-60.32301507, -33.6661458], [-60.32296, -33.666117], [-60.32288, -33.666065], [-60.322866, -33.66597], [-60.32284812, -33.66594616], [-60.322809, -33.665894], [-60.32279154, -33.6658872], [-60.322732, -33.665864], [-60.322612, -33.665807], [-60.322453, -33.66581], [-60.322325, -33.665743], [-60.322242, -33.665677], [-60.322136, -33.665656], [-60.322084, -33.665676], [-60.32193, -33.665681], [-60.321788, -33.665667], [-60.321679, -33.665568], [-60.321574, -33.665452], [-60.321505, -33.665309], [-60.321485, -33.665231], [-60.321533, -33.665164], [-60.321575, -33.665102], [-60.32158087, -33.66501107], [-60.321581, -33.665009], [-60.321575, -33.664902], [-60.321486, -33.664777], [-60.32146382, -33.66475143], [-60.321414, -33.664694], [-60.321312, -33.664606], [-60.321177, -33.664529], [-60.321046, -33.664462], [-60.320886, -33.66446], [-60.320713, -33.664456], [-60.320539, -33.664423], [-60.320491, -33.664335], [-60.320453, -33.664157], [-60.32041, -33.664003], [-60.32048, -33.663893], [-60.32052023, -33.66384045], [-60.320529, -33.663829], [-60.320531, -33.663739], [-60.32051725, -33.66367504], [-60.320508, -33.663632], [-60.320502, -33.663501], [-60.320487, -33.663342], [-60.320438, -33.663188], [-60.320397, -33.662983], [-60.320331, -33.662822], [-60.32032308, -33.66273907], [-60.320316, -33.662665], [-60.320302, -33.662579], [-60.3202938, -33.66251667], [-60.320287, -33.662465], [-60.320226, -33.662318], [-60.320092, -33.662207], [-60.320051, -33.662062], [-60.319985, -33.661919], [-60.319882, -33.661756], [-60.319689, -33.661651], [-60.319526, -33.661604], [-60.319349, -33.661505], [-60.319215, -33.66141], [-60.319189, -33.661305], [-60.319112, -33.661155], [-60.319015, -33.661026], [-60.318909, -33.660917], [-60.31888, -33.660753], [-60.318862, -33.660563], [-60.31884758, -33.66051303], [-60.318819, -33.660414], [-60.31875, -33.660307], [-60.31863968, -33.66016221], [-60.318638, -33.66016], [-60.318507, -33.660044], [-60.318492, -33.659923], [-60.31848954, -33.65977482], [-60.318489, -33.659742], [-60.31844, -33.65964], [-60.318357, -33.659488], [-60.31833263, -33.65940514], [-60.318322, -33.659369], [-60.31833, -33.659226], [-60.318344, -33.659129], [-60.318358, -33.659029], [-60.318431, -33.658932], [-60.318511, -33.658829], [-60.318536, -33.658715], [-60.318513, -33.658589], [-60.318393, -33.658501], [-60.318253, -33.658416], [-60.318147, -33.658328], [-60.318036, -33.658243], [-60.317828, -33.658177], [-60.317656, -33.658083], [-60.317488, -33.657929], [-60.317362, -33.657758], [-60.31733, -33.657561], [-60.31731, -33.657369], [-60.31726699, -33.65721262], [-60.317255, -33.657169], [-60.3172462, -33.65715396], [-60.317166, -33.657017], [-60.317074, -33.656921], [-60.316937, -33.656802], [-60.316726, -33.656582], [-60.316557, -33.656375], [-60.316517, -33.656209], [-60.316438, -33.656005], [-60.316352, -33.65578], [-60.316161, -33.655573], [-60.315984, -33.655398], [-60.31585, -33.655279], [-60.315769, -33.655125], [-60.315669, -33.654851], [-60.315502, -33.654598], [-60.315394, -33.654461], [-60.315308, -33.654406], [-60.315188, -33.654323], [-60.31511205, -33.65429865], [-60.315057, -33.654281], [-60.314977, -33.654119], [-60.314899, -33.653935], [-60.31489, -33.65379], [-60.314881, -33.653628], [-60.314795, -33.653495], [-60.314715, -33.6534], [-60.314646, -33.653182], [-60.314608, -33.652999], [-60.314571, -33.652773], [-60.314469, -33.652612], [-60.314381, -33.652513], [-60.314195, -33.652304], [-60.314033, -33.652202], [-60.313879, -33.652072], [-60.31377, -33.65197], [-60.31371, -33.651841], [-60.313603, -33.651728], [-60.313404, -33.651603], [-60.31327, -33.65146], [-60.313249, -33.651341], [-60.313229, -33.651223], [-60.313175, -33.651123], [-60.312989, -33.651099], [-60.31265896, -33.65114596], [-60.312244, -33.651205], [-60.31122132, -33.65138954], [-60.30930783, -33.65173482], [-60.30699148, -33.65215279], [-60.306619, -33.65222], [-60.306183, -33.65231], [-60.303453, -33.652818], [-60.30090277, -33.65329072], [-60.295582, -33.654277], [-60.293267, -33.654693], [-60.291007, -33.655108], [-60.288854, -33.655503], [-60.286747, -33.655888], [-60.28034721, -33.65703059], [-60.279684, -33.657149], [-60.279321, -33.657242], [-60.271219, -33.658705], [-60.26293, -33.660231], [-60.262589, -33.660294], [-60.254697, -33.661696], [-60.245149, -33.663462], [-60.239394, -33.664507], [-60.23943, -33.663287], [-60.239616, -33.662272], [-60.23983419, -33.66166391], [-60.240231, -33.660558], [-60.241088, -33.658505], [-60.24122, -33.657446], [-60.241599, -33.656515], [-60.241644, -33.654898], [-60.241723, -33.654424], [-60.242151, -33.653071], [-60.24215, -33.652891], [-60.242067, -33.652012], [-60.241741, -33.650809], [-60.241846, -33.650164], [-60.242315, -33.649418], [-60.242511, -33.649053], [-60.242539, -33.648841], [-60.235655, -33.650071], [-60.224487, -33.652103], [-60.223759, -33.652289], [-60.21286, -33.654369], [-60.200262, -33.656677], [-60.19186605, -33.65824911], [-60.18851372, -33.65887681], [-60.17313329, -33.66175673], [-60.1729882, -33.6617839], [-60.17224, -33.661924], [-60.17507223, -33.67340206], [-60.17513673, -33.67366345], [-60.16818, -33.681019], [-60.167292, -33.68197065], [-60.165278, -33.684129], [-60.16492163, -33.68450573], [-60.159765, -33.689957], [-60.15970008, -33.68996799], [-60.141242, -33.693094], [-60.14119462, -33.69344936], [-60.14113496, -33.69389695], [-60.14106297, -33.6944369], [-60.139474, -33.706356], [-60.13932033, -33.70737739], [-60.138795, -33.710869], [-60.138771, -33.711128], [-60.140351, -33.714183], [-60.146714, -33.726662], [-60.14879828, -33.73074643], [-60.150678, -33.73443], [-60.15072762, -33.73452764], [-60.15456074, -33.7420705], [-60.15540762, -33.74365701], [-60.15633878, -33.74540143], [-60.15637908, -33.74547693], [-60.15670909, -33.74609515], [-60.16046, -33.753122], [-60.160927, -33.75405], [-60.161393, -33.754978], [-60.16186, -33.755906], [-60.162327, -33.756833], [-60.162794, -33.757761], [-60.163213, -33.758602], [-60.163632, -33.759442], [-60.164051, -33.760282], [-60.16419288, -33.76056609], [-60.164471, -33.761123], [-60.16461851, -33.76141873], [-60.16489, -33.761963], [-60.165309, -33.762804], [-60.165728, -33.763644], [-60.166148, -33.764484], [-60.166567, -33.765325], [-60.166986, -33.766165], [-60.167406, -33.767005], [-60.167825, -33.767846], [-60.168268, -33.768725], [-60.16871, -33.769605], [-60.169153, -33.770484], [-60.169596, -33.771364], [-60.170038, -33.772243], [-60.170481, -33.773123], [-60.170923, -33.774002], [-60.171366, -33.774882], [-60.171809, -33.775761], [-60.172252, -33.776641], [-60.172694, -33.77752], [-60.173137, -33.7784], [-60.17358, -33.779279], [-60.174022, -33.780159], [-60.174465, -33.781038], [-60.174895, -33.78189], [-60.175326, -33.782742], [-60.175756, -33.783594], [-60.176187, -33.784446], [-60.176617, -33.785298], [-60.177048, -33.78615], [-60.177478, -33.787002], [-60.177909, -33.787854], [-60.178339, -33.788706], [-60.17877, -33.789558], [-60.1792, -33.79041], [-60.179631, -33.791262], [-60.180062, -33.792114], [-60.180489, -33.792956], [-60.180917, -33.793799], [-60.181345, -33.794641], [-60.1813777, -33.7947054], [-60.18150176, -33.79494977], [-60.18150178, -33.7949498], [-60.1815018, -33.79494983], [-60.181773, -33.795484], [-60.182201, -33.796326], [-60.182629, -33.797169], [-60.183057, -33.798011], [-60.183485, -33.798854], [-60.183914, -33.799696], [-60.184342, -33.800539], [-60.18477, -33.801382], [-60.185208, -33.802242], [-60.185646, -33.803102], [-60.186084, -33.803962], [-60.186522, -33.804822], [-60.18696, -33.805682], [-60.187398, -33.806542], [-60.187837, -33.807402], [-60.188275, -33.808262], [-60.188713, -33.809123], [-60.189151, -33.809983], [-60.189589, -33.810843], [-60.190027, -33.811703], [-60.190466, -33.812563], [-60.190904, -33.813423], [-60.191366, -33.814359], [-60.191827, -33.815295], [-60.192289, -33.81623], [-60.192751, -33.817166], [-60.193213, -33.818102], [-60.193695, -33.819028], [-60.194178, -33.819954], [-60.19466, -33.82088], [-60.195143, -33.821806], [-60.195625, -33.822732], [-60.196108, -33.823658], [-60.19659, -33.824584], [-60.19737, -33.825594], [-60.198149, -33.826603], [-60.198929, -33.827613], [-60.199512, -33.8284], [-60.200096, -33.829188], [-60.20036745, -33.82955443], [-60.200679, -33.829975], [-60.201262, -33.830762], [-60.201846, -33.831549], [-60.202429, -33.832337], [-60.203012, -33.833124], [-60.203596, -33.833911], [-60.204179, -33.834698], [-60.204762, -33.835486], [-60.205346, -33.836273], [-60.205968, -33.83708], [-60.206591, -33.837886], [-60.207214, -33.838693], [-60.207837, -33.8395], [-60.208459, -33.840306], [-60.209082, -33.841113], [-60.209705, -33.841919], [-60.210328, -33.842726], [-60.21095, -33.843533], [-60.211573, -33.844339], [-60.212196, -33.845146], [-60.212819, -33.845953], [-60.213442, -33.846759], [-60.214042, -33.847537], [-60.214642, -33.848315], [-60.215242, -33.849093], [-60.215842, -33.849872], [-60.216442, -33.85065], [-60.217042, -33.851428], [-60.217642, -33.852206], [-60.218242, -33.852984], [-60.218842, -33.853762], [-60.219442, -33.85454], [-60.220042, -33.855318], [-60.220642, -33.856096], [-60.221242, -33.856874], [-60.221842, -33.857652], [-60.222442, -33.858431], [-60.223044, -33.859188], [-60.223646, -33.859945], [-60.22391665, -33.86028534], [-60.224248, -33.860702], [-60.224849, -33.861459], [-60.225451, -33.862216], [-60.226053, -33.862973], [-60.226655, -33.86373], [-60.227257, -33.864488], [-60.227858, -33.865245], [-60.22846, -33.866002], [-60.229062, -33.866759], [-60.229664, -33.867516], [-60.230266, -33.868273], [-60.230868, -33.86903], [-60.231469, -33.869787], [-60.231495, -33.87069], [-60.23152, -33.871594], [-60.23152882, -33.87190039], [-60.231546, -33.872497], [-60.231571, -33.8734], [-60.231597, -33.874303], [-60.231622, -33.875207], [-60.231648, -33.87611], [-60.231673, -33.877013], [-60.231698, -33.877916], [-60.231724, -33.878819], [-60.231759, -33.879743], [-60.231794, -33.880667], [-60.231829, -33.881591], [-60.231864, -33.882515], [-60.231899, -33.883439], [-60.231934, -33.884362], [-60.23197, -33.885286], [-60.232005, -33.88621], [-60.23204, -33.887134], [-60.232075, -33.888057], [-60.23211, -33.888981], [-60.232145, -33.889966], [-60.232181, -33.890952], [-60.232217, -33.891937], [-60.232252, -33.892922], [-60.232288, -33.893907], [-60.232323, -33.894893], [-60.232359, -33.895878], [-60.232394, -33.896863], [-60.23243, -33.897848], [-60.232464, -33.898783], [-60.23248939, -33.8994813], [-60.232498, -33.899718], [-60.232533, -33.900653], [-60.232567, -33.901587], [-60.232601, -33.902522], [-60.232635, -33.903457], [-60.23267, -33.904392], [-60.232704, -33.905327], [-60.232738, -33.906261], [-60.232772, -33.907196], [-60.232807, -33.908131], [-60.232841, -33.909066], [-60.232889, -33.910071], [-60.232937, -33.911077], [-60.232985, -33.912082], [-60.233032, -33.913088], [-60.233063, -33.914039], [-60.233094, -33.914991], [-60.233125, -33.915942], [-60.233155, -33.916894], [-60.233186, -33.917846], [-60.233217, -33.918797], [-60.233248, -33.919749], [-60.233278, -33.9207], [-60.233309, -33.921652], [-60.23334, -33.922604], [-60.233371, -33.923556], [-60.233402, -33.924508], [-60.233434, -33.92546], [-60.233465, -33.926412], [-60.233496, -33.927364], [-60.233527, -33.928316], [-60.233561, -33.929225], [-60.233594, -33.930133], [-60.233628, -33.931042], [-60.233661, -33.93195], [-60.233695, -33.932859], [-60.233728, -33.933767], [-60.233762, -33.934676], [-60.233795, -33.935584], [-60.233829, -33.936493], [-60.233862, -33.937401], [-60.233896, -33.93831], [-60.233929, -33.939218], [-60.233963, -33.940127], [-60.233996, -33.941035], [-60.23403, -33.941944], [-60.234063, -33.942852], [-60.234096, -33.943761], [-60.23413, -33.944669], [-60.234164, -33.945578], [-60.234197, -33.946486], [-60.234231, -33.947395], [-60.234227, -33.947568], [-60.234267, -33.948515], [-60.234307, -33.949463], [-60.234347, -33.95041], [-60.234387, -33.951358], [-60.234427, -33.952305], [-60.234467, -33.953253], [-60.234507, -33.9542], [-60.234547, -33.955148], [-60.234587, -33.956095], [-60.234625, -33.957213], [-60.234662, -33.958331], [-60.234699, -33.959449], [-60.234736, -33.960566], [-60.234796, -33.96166], [-60.234856, -33.962755], [-60.23486556, -33.96295908], [-60.234905, -33.963801], [-60.234954, -33.964847], [-60.235004, -33.965893], [-60.235053, -33.966939], [-60.235097, -33.968273], [-60.235141, -33.969607], [-60.235184, -33.970555], [-60.235227, -33.971503], [-60.23527, -33.972451], [-60.235313, -33.973399], [-60.235356, -33.974347], [-60.235394, -33.975251], [-60.235431, -33.976154], [-60.235469, -33.977058], [-60.235506, -33.977962], [-60.235544, -33.978866], [-60.235569, -33.979115], [-60.235612, -33.980233], [-60.235655, -33.981352], [-60.235687, -33.982477], [-60.235718, -33.983603], [-60.235752, -33.98456], [-60.235785, -33.985517], [-60.235775, -33.985706], [-60.235802, -33.985873], [-60.235884, -33.987663], [-60.23588508, -33.98779411], [-60.235888, -33.988149], [-60.235884, -33.988306], [-60.235926, -33.989277], [-60.236022, -33.991044], [-60.236017, -33.991343], [-60.236032, -33.992279], [-60.236046, -33.993214], [-60.236061, -33.99415], [-60.236076, -33.994815], [-60.236102, -33.996612], [-60.236144, -33.996884], [-60.236134, -33.997841], [-60.236125, -33.998797], [-60.236116, -33.999753], [-60.236107, -34.000709], [-60.236098, -34.001665], [-60.236096, -34.002568], [-60.236094, -34.003471], [-60.236092, -34.004374], [-60.23609, -34.005277], [-60.236088, -34.006179], [-60.236086, -34.007082], [-60.236084, -34.007985], [-60.236081, -34.008888], [-60.236329, -34.009797], [-60.236577, -34.010707], [-60.2367926, -34.01079404], [-60.23753898, -34.01109537], [-60.2378, -34.010892], [-60.23833972, -34.01053079], [-60.238701, -34.010289], [-60.24003131, -34.009105], [-60.240083, -34.009059], [-60.24009817, -34.00905317], [-60.240804, -34.008782], [-60.241526, -34.008305], [-60.242277, -34.007953], [-60.24301315, -34.00793671], [-60.243068, -34.007914], [-60.24322082, -34.00793211], [-60.243542, -34.007925], [-60.24361513, -34.00793457], [-60.24562, -34.008197], [-60.246433, -34.008245], [-60.24663965, -34.00811755], [-60.246827, -34.008002], [-60.24754, -34.007636], [-60.24801, -34.007459], [-60.24839437, -34.00755898], [-60.248579, -34.007607], [-60.249377, -34.008469], [-60.249718, -34.008644], [-60.250798, -34.008926], [-60.251307, -34.009015], [-60.251513, -34.009068], [-60.253074, -34.00994], [-60.254613, -34.010342], [-60.254894, -34.010387], [-60.255554, -34.010205], [-60.256019, -34.010069], [-60.256539, -34.01005], [-60.257058, -34.010112], [-60.257545, -34.009994], [-60.257848, -34.009894], [-60.258216, -34.009893], [-60.258411, -34.009929], [-60.258693, -34.009946], [-60.258941, -34.009918], [-60.259233, -34.009792], [-60.260022, -34.009348], [-60.260239, -34.009339], [-60.260834, -34.009392], [-60.261051, -34.009391], [-60.261343, -34.009264], [-60.261548, -34.009138], [-60.261991, -34.008911], [-60.262175, -34.008911], [-60.26303248, -34.00902181], [-60.263475, -34.009079], [-60.263854, -34.009088], [-60.2642, -34.009042], [-60.264568, -34.009059], [-60.265066, -34.009166], [-60.266051, -34.008885], [-60.266484, -34.008929], [-60.267221, -34.00945], [-60.267829, -34.009791], [-60.268408, -34.00991], [-60.270006, -34.01012], [-60.270395, -34.010092], [-60.270947, -34.009839], [-60.27126, -34.009667], [-60.272114, -34.009313], [-60.272601, -34.009204], [-60.2743, -34.009038], [-60.274949, -34.008915], [-60.27654, -34.00887], [-60.276876, -34.00878], [-60.27734, -34.008526], [-60.27761, -34.0083], [-60.277934, -34.008137], [-60.278952, -34.008081], [-60.279352, -34.00799], [-60.280076, -34.007447], [-60.280605, -34.007266], [-60.280833, -34.007274], [-60.281233, -34.007336], [-60.2817121, -34.00704867], [-60.28199, -34.006882], [-60.282317, -34.006652], [-60.283242, -34.005871], [-60.28317702, -34.00542342], [-60.283153, -34.005258], [-60.283282, -34.004744], [-60.283378, -34.004492], [-60.28339926, -34.00446931], [-60.283497, -34.004365], [-60.283735, -34.004211], [-60.2843578, -34.00388581], [-60.28448, -34.003822], [-60.284739, -34.003659], [-60.285009, -34.003424], [-60.285365, -34.003035], [-60.285462, -34.002909], [-60.285537, -34.002738], [-60.285591, -34.002521], [-60.28579644, -34.00211077], [-60.285872, -34.002028], [-60.286091, -34.001606], [-60.28609197, -34.00160363], [-60.286204, -34.001474], [-60.286582, -34.001166], [-60.287112, -34.001111], [-60.287611, -34.001218], [-60.287936, -34.001371], [-60.288924, -34.002306], [-60.289173, -34.002414], [-60.290018, -34.002403], [-60.290851, -34.002337], [-60.291024, -34.00231], [-60.293035, -34.001321], [-60.294137, -34.000986], [-60.295622, -33.999603], [-60.296312, -33.99941], [-60.296804, -33.999408], [-60.297363, -33.999407], [-60.297724, -33.999269], [-60.29810472, -33.99900378], [-60.298314, -33.998858], [-60.29858897, -33.99886888], [-60.298971, -33.998884], [-60.299757, -33.999032], [-60.301239, -33.99907], [-60.302611, -33.998795], [-60.30297239, -33.99894846], [-60.30386972, -33.9993295], [-60.304356, -33.999536], [-60.30512518, -33.99960429], [-60.30549742, -33.99963734], [-60.30563, -33.999617], [-60.30582188, -33.99959473], [-60.305854, -33.999591], [-60.306009, -33.999599], [-60.306161, -33.999628], [-60.306308, -33.999676], [-60.30646382, -33.99972314], [-60.308332, -33.999889], [-60.30894521, -34.00012491], [-60.30906198, -34.00016983], [-60.31146862, -34.00109569], [-60.31153, -34.001164], [-60.311689, -34.001281], [-60.311771, -34.001334], [-60.311865, -34.001366], [-60.311932, -34.001347], [-60.312015, -34.001349], [-60.312151, -34.001394], [-60.31224558, -34.00139459], [-60.3124, -34.001454], [-60.313357, -34.002333], [-60.31505186, -34.00388581], [-60.31508916, -34.00391998], [-60.32741503, -34.01521275], [-60.330108, -34.01768], [-60.338975, -34.025671], [-60.351349, -34.03683], [-60.36288, -34.047321], [-60.372319, -34.055788], [-60.382289, -34.064851], [-60.391516, -34.073115], [-60.404867, -34.085049], [-60.411385, -34.090942], [-60.41395851, -34.09327669], [-60.414176, -34.093474], [-60.40888713, -34.09739712], [-60.408739, -34.097507], [-60.41145583, -34.10001603], [-60.413498, -34.101902], [-60.415706, -34.103941], [-60.42051081, -34.10826094], [-60.426111, -34.113296], [-60.434525, -34.12086], [-60.442318, -34.127879], [-60.449821, -34.134574], [-60.44997682, -34.134712], [-60.45907825, -34.14277287], [-60.462696, -34.145977], [-60.46275019, -34.14602486], [-60.46759069, -34.15029958], [-60.471414, -34.153676], [-60.4752665, -34.15732462], [-60.47906522, -34.1609223], [-60.48039292, -34.16217974], [-60.49010643, -34.17083613], [-60.493577, -34.173929], [-60.49626944, -34.17635406], [-60.49638695, -34.17645991], [-60.49642874, -34.17642996], [-60.496451, -34.176414], [-60.49728618, -34.17553576], [-60.49737431, -34.17544309], [-60.497479, -34.175333], [-60.49737163, -34.17497859], [-60.49733688, -34.17486388], [-60.497263, -34.17462], [-60.496504, -34.174252], [-60.49596884, -34.17417312], [-60.495466, -34.174099], [-60.49500806, -34.17398247], [-60.494963, -34.173971], [-60.49482107, -34.17374836], [-60.494708, -34.173571], [-60.49475147, -34.1728184], [-60.49476431, -34.17259603], [-60.494807, -34.171857], [-60.494622, -34.171621], [-60.4946408, -34.17136472], [-60.494641, -34.171362], [-60.494799, -34.171087], [-60.49505567, -34.17099301], [-60.495722, -34.170749], [-60.4957554, -34.17036347], [-60.49578016, -34.17007772], [-60.495794, -34.169918], [-60.49576405, -34.16986686], [-60.49569912, -34.16975597], [-60.495551, -34.169503], [-60.49560164, -34.16908264], [-60.49564492, -34.16872297], [-60.49565563, -34.1686341], [-60.49575762, -34.16861244], [-60.49600361, -34.1685602], [-60.49624, -34.16851], [-60.496646, -34.168373], [-60.49682674, -34.16809893], [-60.49685562, -34.16805515], [-60.496921, -34.167956], [-60.49752925, -34.16740082], [-60.4976499, -34.1672907], [-60.49829615, -34.16670085], [-60.498342, -34.166659], [-60.498665, -34.166175], [-60.498802, -34.165672], [-60.498753, -34.165227], [-60.498609, -34.164532], [-60.499299, -34.163002], [-60.500504, -34.161095], [-60.500879, -34.160313], [-60.50098137, -34.15966912], [-60.501145, -34.15864], [-60.50121308, -34.1582383], [-60.501467, -34.15674], [-60.502159, -34.155524], [-60.50275168, -34.15521785], [-60.502845, -34.155054], [-60.503449, -34.154741], [-60.504014, -34.154474], [-60.504558, -34.154106], [-60.50636307, -34.15317316], [-60.507213, -34.152547], [-60.50738166, -34.15245813], [-60.508534, -34.151851], [-60.509471, -34.151243], [-60.50949906, -34.15119963], [-60.50992221, -34.1509246], [-60.510157, -34.150772], [-60.51106644, -34.14936686], [-60.511555, -34.148612], [-60.512643, -34.147858], [-60.513166, -34.147184], [-60.513913, -34.146053], [-60.514569, -34.144747], [-60.51526673, -34.14391038], [-60.515503, -34.14378], [-60.517035, -34.143168], [-60.51827355, -34.14267455], [-60.518915, -34.142419], [-60.52000435, -34.14213201], [-60.520198, -34.142081], [-60.521775, -34.14152], [-60.523432, -34.140746], [-60.524352, -34.140269], [-60.524736, -34.140191], [-60.52484967, -34.14019371], [-60.525406, -34.140207], [-60.52648, -34.140151], [-60.528179, -34.139869], [-60.529055, -34.139808], [-60.530171, -34.139867], [-60.531988, -34.139448], [-60.533602, -34.139153], [-60.534292, -34.138863], [-60.53552, -34.138384], [-60.53641074, -34.1381636], [-60.536494, -34.138143], [-60.53747, -34.138011], [-60.538278, -34.137982], [-60.539155, -34.137959], [-60.540184, -34.13775], [-60.541328, -34.137316], [-60.54165434, -34.13707001], [-60.5418894, -34.13689282], [-60.54212, -34.136719], [-60.54391, -34.135367], [-60.544239, -34.135046], [-60.54522, -34.13429], [-60.54536102, -34.13423911], [-60.54590634, -34.13404232], [-60.54640152, -34.13386363], [-60.547351, -34.133521], [-60.54752994, -34.13335479], [-60.54774344, -34.13315649], [-60.548658, -34.132307], [-60.54886092, -34.13228537], [-60.54889767, -34.13228145], [-60.549596, -34.132207], [-60.54987438, -34.13199218], [-60.55019274, -34.13174652], [-60.550282, -34.131737], [-60.55057107, -34.13151393], [-60.55102094, -34.13116678], [-60.551615, -34.130782], [-60.55236554, -34.13057084], [-60.552628, -34.130497], [-60.553691, -34.130658], [-60.555071, -34.130637], [-60.55587441, -34.13015917], [-60.556327, -34.12989], [-60.55643983, -34.12975962], [-60.55645694, -34.12973984], [-60.557182, -34.128902], [-60.55756937, -34.12877608], [-60.55838214, -34.12851188], [-60.558391, -34.128509], [-60.559273, -34.127968], [-60.559579, -34.12773814], [-60.559958, -34.127497], [-60.56038381, -34.12717781], [-60.560601, -34.127015], [-60.56240837, -34.12564828], [-60.56247058, -34.12560798], [-60.563403, -34.125004], [-60.564691, -34.124449], [-60.565452, -34.124206], [-60.566119, -34.12379422], [-60.56643057, -34.12360186], [-60.567156, -34.123154], [-60.568458, -34.122311], [-60.570435, -34.121208], [-60.57090479, -34.12085796], [-60.57112, -34.120738], [-60.571732, -34.120281], [-60.572239, -34.119757], [-60.572475, -34.119392], [-60.57268791, -34.1191447], [-60.572735, -34.11909], [-60.572972, -34.118885], [-60.573401, -34.118659], [-60.57457823, -34.11828577], [-60.574583, -34.11828], [-60.575043, -34.11808], [-60.5750562, -34.11807372], [-60.57536251, -34.11792805], [-60.57565519, -34.11778886], [-60.57722456, -34.11704251], [-60.577581, -34.116873], [-60.57778576, -34.11663048], [-60.57806088, -34.11649959], [-60.578423, -34.11637], [-60.579758, -34.116062], [-60.580265, -34.115996], [-60.58088, -34.116012], [-60.581266, -34.116087], [-60.581789, -34.116091], [-60.58255, -34.116094], [-60.584504, -34.116244], [-60.585012, -34.116286], [-60.585363, -34.116239], [-60.585793, -34.116071], [-60.586092, -34.115865], [-60.58627524, -34.1156794], [-60.586478, -34.1156], [-60.58664311, -34.11548625], [-60.586813, -34.115456], [-60.587096, -34.115406], [-60.587565, -34.11543], [-60.588035, -34.115472], [-60.588489, -34.115572], [-60.588975, -34.115768], [-60.58963, -34.115938], [-60.590261, -34.116043], [-60.590938, -34.11604], [-60.591476, -34.116005], [-60.59206633, -34.11587728], [-60.592234, -34.115841], [-60.592671, -34.115653], [-60.593084, -34.115409], [-60.593514, -34.11524], [-60.593959, -34.115142], [-60.5941078, -34.11513593], [-60.594474, -34.115121], [-60.594844, -34.115189], [-60.595306, -34.115347], [-60.595537, -34.115352], [-60.595783, -34.115255], [-60.596104, -34.115055], [-60.596665, -34.114931], [-60.597155, -34.114908], [-60.597509, -34.114919], [-60.597747, -34.114854], [-60.598414, -34.114582], [-60.598836, -34.114465], [-60.599335, -34.114398], [-60.599989, -34.114344], [-60.600411, -34.114227], [-60.600787, -34.114065], [-60.601093, -34.11391], [-60.601606, -34.113627], [-60.602143, -34.113413], [-60.602702, -34.113254], [-60.60334, -34.113149], [-60.603988, -34.113076], [-60.604377, -34.113086], [-60.605039, -34.113102], [-60.605623, -34.113074], [-60.606422, -34.113012], [-60.607076, -34.112996], [-60.607552, -34.112971], [-60.607768, -34.112999], [-60.608222, -34.112946], [-60.608733, -34.112984], [-60.60967434, -34.11284828], [-60.609704, -34.112844], [-60.61037483, -34.11282224], [-60.6114, -34.112789], [-60.613799, -34.112555], [-60.614609, -34.112666], [-60.615719, -34.112449], [-60.617156, -34.112692], [-60.618096, -34.112472], [-60.618833, -34.112064], [-60.619389, -34.112023], [-60.620364, -34.112499], [-60.620874, -34.112554], [-60.621196, -34.112283], [-60.621982, -34.112221], [-60.62277, -34.112391], [-60.624474, -34.112153], [-60.624836, -34.111988], [-60.62653282, -34.11131942], [-60.626808, -34.111211], [-60.62716585, -34.11106609], [-60.6277485, -34.11083014], [-60.628381, -34.110574], [-60.62867093, -34.11033148], [-60.62882965, -34.11019871], [-60.62890039, -34.11013954], [-60.629017, -34.110042], [-60.629238, -34.10995912], [-60.629702, -34.109571], [-60.630117, -34.109415], [-60.6303352, -34.10938806], [-60.631089, -34.109295], [-60.63111576, -34.10928538], [-60.63146446, -34.10915995], [-60.632012, -34.108963], [-60.632331, -34.108327], [-60.63232508, -34.10828134], [-60.632184, -34.107193], [-60.632431, -34.106776], [-60.633239, -34.105919], [-60.633281, -34.105303], [-60.63355, -34.10471], [-60.63389817, -34.1041444], [-60.634285, -34.103516], [-60.634447, -34.103108], [-60.63448985, -34.10302831], [-60.63490089, -34.10226393], [-60.634903, -34.10226], [-60.63490814, -34.10221397], [-60.635033, -34.101095], [-60.63542837, -34.10012998], [-60.6359834, -34.09877523], [-60.636199, -34.098249], [-60.637054, -34.096642], [-60.63741812, -34.09632313], [-60.63775318, -34.09614749], [-60.638149, -34.09594], [-60.63852212, -34.09581371], [-60.639124, -34.09561], [-60.63995484, -34.09523873], [-60.640366, -34.095055], [-60.64109367, -34.09488814], [-60.641103, -34.094886], [-60.642439, -34.094805], [-60.642787, -34.094687], [-60.644097, -34.094648], [-60.644761, -34.09446], [-60.645339, -34.094369], [-60.646397, -34.094035], [-60.647235, -34.093934], [-60.647766, -34.093964], [-60.648653, -34.094261], [-60.649244, -34.094312], [-60.649968, -34.094635], [-60.650688, -34.095056], [-60.65108, -34.094959], [-60.6516814, -34.09450863], [-60.651765, -34.094488], [-60.65203626, -34.09428486], [-60.65210459, -34.0942713], [-60.6525623, -34.09418046], [-60.652877, -34.094118], [-60.653532, -34.094019], [-60.655302, -34.093142], [-60.65537888, -34.09306235], [-60.65554638, -34.09288882], [-60.656052, -34.092365], [-60.65647019, -34.09216873], [-60.656736, -34.091893], [-60.6571577, -34.09169573], [-60.657388, -34.091588], [-60.65768606, -34.09134925], [-60.657981, -34.091113], [-60.65803096, -34.09100842], [-60.65843822, -34.09015594], [-60.65905642, -34.08993099], [-60.65929, -34.089846], [-60.65936645, -34.08973827], [-60.65950236, -34.08954677], [-60.65977591, -34.08944714], [-60.659974, -34.089375], [-60.660282, -34.088941], [-60.66029797, -34.08884882], [-60.66038513, -34.0883458], [-60.660435, -34.088058], [-60.660625, -34.08750193], [-60.660762, -34.087101], [-60.661527, -34.086029], [-60.662042, -34.085468], [-60.662393, -34.084923], [-60.662855, -34.084108], [-60.66336, -34.083595], [-60.664354, -34.082836], [-60.66471475, -34.08256864], [-60.66473772, -34.08255162], [-60.665254, -34.082169], [-60.66573274, -34.08193427], [-60.666032, -34.081705], [-60.66608797, -34.0817153], [-60.66654078, -34.08136883], [-60.666717, -34.081234], [-60.66677886, -34.08124539], [-60.66757423, -34.08139178], [-60.667644, -34.081178], [-60.667721, -34.080942], [-60.6677901, -34.08085913], [-60.668805, -34.079642], [-60.669167, -34.078801], [-60.66932, -34.078249], [-60.669569, -34.077731], [-60.670145, -34.076913], [-60.670225, -34.076448], [-60.670892, -34.075561], [-60.670929, -34.07494], [-60.670884, -34.07459], [-60.67112, -34.07374], [-60.671495, -34.073206], [-60.67161484, -34.07242222], [-60.671756, -34.071499], [-60.671752, -34.071096], [-60.672345, -34.069983], [-60.672346, -34.068854], [-60.672487, -34.067979], [-60.67269917, -34.06734828], [-60.672817, -34.066998], [-60.67312, -34.066716], [-60.673252, -34.066155], [-60.673437, -34.065898], [-60.67406194, -34.06514874], [-60.67419912, -34.06498427], [-60.674744, -34.064331], [-60.6748778, -34.06425588], [-60.675216, -34.064066], [-60.67527513, -34.06404436], [-60.675429, -34.06386], [-60.6759, -34.063595], [-60.676289, -34.063453], [-60.67656718, -34.06328001], [-60.677085, -34.062958], [-60.67730421, -34.06276264], [-60.677618, -34.062483], [-60.67823, -34.062166], [-60.678439, -34.061973], [-60.67865794, -34.06188982], [-60.679047, -34.061742], [-60.679496, -34.061249], [-60.67978956, -34.06082999], [-60.67991168, -34.06072251], [-60.680252, -34.060554], [-60.680762, -34.060106], [-60.681879, -34.059253], [-60.682175, -34.058857], [-60.682214, -34.0588207], [-60.68268, -34.058387], [-60.68283279, -34.05836038], [-60.683113, -34.057946], [-60.68327, -34.057843], [-60.68369271, -34.05762923], [-60.683797, -34.057475], [-60.683955, -34.057372], [-60.68439203, -34.05715063], [-60.68465, -34.056784], [-60.684954, -34.056625], [-60.68525075, -34.05643056], [-60.68574, -34.05611], [-60.68575325, -34.05607834], [-60.686424, -34.055638], [-60.686614, -34.055185], [-60.686876, -34.055037], [-60.686945, -34.054789], [-60.687155, -34.0547], [-60.687608, -34.054259], [-60.68807585, -34.05391001], [-60.688348, -34.053707], [-60.688655, -34.053435], [-60.689323, -34.052605], [-60.68941055, -34.05252147], [-60.68984467, -34.05210727], [-60.689846, -34.052106], [-60.68984729, -34.05210571], [-60.690574, -34.051944], [-60.691038, -34.051807], [-60.6960642, -34.05138595], [-60.697873, -34.049938], [-60.701166, -34.047242], [-60.70152, -34.046944], [-60.70445909, -34.04461957], [-60.706995, -34.042614], [-60.715401, -34.035737], [-60.707777, -34.030183], [-60.70418439, -34.02753392], [-60.703284, -34.02687], [-60.705401, -34.025122], [-60.70942, -34.021876], [-60.709985, -34.021419], [-60.71386626, -34.01836086], [-60.715285, -34.017243], [-60.7172, -34.015733], [-60.72357427, -34.01054607], [-60.724979, -34.009403], [-60.730959, -34.004436], [-60.73134466, -34.00412654], [-60.741719, -33.995802], [-60.747511, -33.991212], [-60.750017, -33.989135], [-60.753134, -33.986637], [-60.75560735, -33.98471528], [-60.756295, -33.984181], [-60.761663, -33.980029], [-60.763209, -33.97881422], [-60.765173, -33.977271], [-60.76658438, -33.97619128], [-60.768854, -33.974455], [-60.77515454, -33.96956332], [-60.77963208, -33.96608701], [-60.782704, -33.963702], [-60.797385, -33.952372], [-60.79741929, -33.95240064], [-60.798068, -33.9519], [-60.798244, -33.952047], [-60.802679, -33.955872], [-60.80752544, -33.95261086], [-60.807925, -33.952342], [-60.80993692, -33.95089509], [-60.81693476, -33.94586247], [-60.820039, -33.94363], [-60.82915659, -33.93726972], [-60.829764, -33.936846], [-60.835874, -33.932211], [-60.836729, -33.931593], [-60.837724, -33.930809], [-60.837937, -33.930653], [-60.838179, -33.930476], [-60.842556, -33.927274], [-60.850078, -33.921781], [-60.85187611, -33.92046984], [-60.859184, -33.915141], [-60.860296, -33.91426], [-60.860736, -33.913894], [-60.861824, -33.913072], [-60.862438, -33.912592], [-60.866448, -33.909399], [-60.86949306, -33.90693385], [-60.870822, -33.905858], [-60.871232, -33.905528], [-60.87539016, -33.90218956], [-60.875422, -33.902164], [-60.876195, -33.901548], [-60.877004, -33.900874], [-60.877635, -33.900363], [-60.87789426, -33.90014924], [-60.87954397, -33.89878896], [-60.8795452, -33.89878799], [-60.880281, -33.898188], [-60.881421, -33.897198], [-60.885098, -33.894508], [-60.889841, -33.890825], [-60.890214, -33.890535], [-60.891451, -33.889572], [-60.893549, -33.887939], [-60.895253, -33.886616], [-60.89650776, -33.88564305], [-60.898677, -33.883961], [-60.9000089, -33.88292807], [-60.90015408, -33.88304902], [-60.90141332, -33.88409811], [-60.905888, -33.887826], [-60.90651692, -33.8873088], [-60.90657117, -33.88726419], [-60.908849, -33.885391], [-60.911694, -33.883053], [-60.913402, -33.881671], [-60.91404885, -33.88114684], [-60.914525, -33.880761], [-60.914831, -33.880514], [-60.91508876, -33.88030529], [-60.917306, -33.87851], [-60.917711, -33.878188], [-60.9174, -33.877919], [-60.922668, -33.873543], [-60.92699246, -33.86995015], [-60.942641, -33.856949], [-60.942796, -33.85686], [-60.938551, -33.852847], [-60.933582, -33.84821], [-60.92931883, -33.84418433], [-60.929274, -33.844142], [-60.922935, -33.838299], [-60.92176222, -33.83714066], [-60.920093, -33.835492], [-60.917278, -33.83277], [-60.915382, -33.830939], [-60.911131, -33.826913], [-60.905394, -33.821487], [-60.900053, -33.816471], [-60.89461, -33.811459], [-60.890261, -33.807524], [-60.886068, -33.803716], [-60.88196552, -33.79992636], [-60.88018, -33.798277], [-60.87462201, -33.79323021], [-60.873961, -33.79263], [-60.87069408, -33.78962329], [-60.864005, -33.783467], [-60.861294, -33.780965], [-60.869737, -33.774219], [-60.87455, -33.770378], [-60.888446, -33.759335], [-60.89763107, -33.75205409], [-60.89960036, -33.75049306], [-60.90060847, -33.74969394], [-60.90102369, -33.7493521], [-60.90101577, -33.74934464], [-60.900855, -33.749193], [-60.89573657, -33.74495094], [-60.89474363, -33.744128], [-60.887486, -33.738113], [-60.883857, -33.735124], [-60.88357, -33.734888], [-60.879755, -33.731718], [-60.875786, -33.728402], [-60.864602, -33.71913], [-60.864293, -33.718873], [-60.863175, -33.717941], [-60.859049, -33.714503], [-60.857461, -33.713181], [-60.856024, -33.711984], [-60.853338, -33.709732], [-60.851835, -33.708485], [-60.847745, -33.705073], [-60.844304, -33.702199], [-60.843961, -33.701887], [-60.833928, -33.693572], [-60.822773, -33.68439], [-60.822389, -33.68409], [-60.819683, -33.682001], [-60.815008, -33.678232], [-60.81283461, -33.67645613], [-60.810809, -33.674801], [-60.81140345, -33.67434272], [-60.812625, -33.673401], [-60.813461, -33.672783], [-60.816328, -33.67067], [-60.818691, -33.668941], [-60.819028, -33.668679], [-60.82121, -33.667072], [-60.824756, -33.664436], [-60.826933, -33.662733], [-60.831635, -33.659233], [-60.83252522, -33.65862367], [-60.832646, -33.658541], [-60.836919, -33.655498], [-60.83705082, -33.65539543], [-60.83796, -33.654747], [-60.84059057, -33.65258245], [-60.84185467, -33.65154228], [-60.842267, -33.651203], [-60.843197, -33.650426], [-60.843265, -33.650371], [-60.84310724, -33.65023424], [-60.842972, -33.650117], [-60.8496305, -33.64342207], [-60.85042802, -33.64262019], [-60.851197, -33.641847], [-60.856305, -33.63520431], [-60.858566, -33.632264], [-60.858801, -33.631928], [-60.859046, -33.631309], [-60.864313, -33.624366], [-60.864503, -33.624317], [-60.870455, -33.61644], [-60.870537, -33.616294], [-60.873003, -33.612931], [-60.874632, -33.611361], [-60.876423, -33.609673], [-60.87810615, -33.60816964], [-60.882115, -33.604589], [-60.88402805, -33.6028356], [-60.884859, -33.602074], [-60.888089, -33.59918], [-60.88844444, -33.59887377], [-60.889873, -33.597643], [-60.891932, -33.595913], [-60.897553, -33.591296], [-60.897592, -33.591327], [-60.902308, -33.587539], [-60.90714573, -33.58358151], [-60.910431, -33.580894], [-60.91110693, -33.58099252], [-60.91107688, -33.58082498], [-60.91095553, -33.58060369], [-60.91072327, -33.58037947], [-60.91052501, -33.58018808], [-60.91022028, -33.58018966], [-60.9100204, -33.58011114], [-60.90998471, -33.57994696], [-60.90999185, -33.57975422], [-60.9099276, -33.57961859], [-60.90977056, -33.57951152], [-60.90960638, -33.57935447], [-60.9094993, -33.57911177], [-60.90934939, -33.57886906], [-60.90924946, -33.57881909], [-60.9087926, -33.57871916], [-60.90859273, -33.57859067], [-60.90857652, -33.57810517], [-60.90827864, -33.57800532], [-60.9082555, -33.57798936], [-60.90807162, -33.57786255], [-60.90796455, -33.57770551], [-60.90796965, -33.57759944], [-60.90795027, -33.5773129], [-60.90786461, -33.57713444], [-60.90780037, -33.57685604], [-60.90745058, -33.5763278], [-60.90727213, -33.57613506], [-60.90709367, -33.575771], [-60.90690093, -33.57562824], [-60.90655115, -33.57550688], [-60.90609132, -33.5753959], [-60.90558033, -33.57517852], [-60.90520913, -33.57477877], [-60.90462379, -33.57419342], [-60.90453812, -33.57403638], [-60.90457506, -33.57375973], [-60.90452385, -33.57345103], [-60.90431683, -33.57321546], [-60.90387425, -33.57297276], [-60.90297749, -33.57272917], [-60.90246086, -33.57264439], [-60.9023395, -33.57253018], [-60.90225243, -33.5722807], [-60.90223243, -33.57208046], [-60.90216104, -33.57185203], [-60.90203969, -33.57176637], [-60.9015757, -33.57151653], [-60.90114804, -33.57146187], [-60.90053349, -33.57135948], [-60.90045497, -33.57124527], [-60.90042571, -33.57087331], [-60.90018505, -33.57068477], [-60.90005522, -33.57041722], [-60.89994814, -33.57029586], [-60.89972685, -33.57016737], [-60.89942416, -33.57015545], [-60.89919861, -33.57008885], [-60.89902134, -33.56987523], [-60.89902015, -33.56976762], [-60.89885597, -33.56956775], [-60.89871729, -33.56948379], [-60.89839912, -33.56928935], [-60.89830632, -33.56915372], [-60.89830632, -33.56898954], [-60.8982849, -33.56886105], [-60.89823493, -33.56877539], [-60.89814927, -33.56871114], [-60.89790657, -33.5686469], [-60.89778572, -33.56841341], [-60.89762817, -33.56823287], [-60.89745157, -33.56821753], [-60.89732122, -33.56825429], [-60.89701427, -33.56817577], [-60.89682867, -33.568033], [-60.89667163, -33.56786168], [-60.89659036, -33.56771268], [-60.89639323, -33.56767608], [-60.89603631, -33.56754045], [-60.89590782, -33.56744765], [-60.89585071, -33.56735485], [-60.89584261, -33.56699941], [-60.89579361, -33.56681233], [-60.89560087, -33.56664815], [-60.89548665, -33.56641972], [-60.89525823, -33.56624126], [-60.89497983, -33.5660985], [-60.8947514, -33.56588434], [-60.894473, -33.56556312], [-60.89434451, -33.5653918], [-60.89406612, -33.56522761], [-60.8937663, -33.56519192], [-60.89331685, -33.56511854], [-60.89306674, -33.56507771], [-60.8927423, -33.56481978], [-60.89220085, -33.56453822], [-60.89193888, -33.56422824], [-60.89190319, -33.56410689], [-60.89178183, -33.56390701], [-60.89154627, -33.56377852], [-60.89123218, -33.56372141], [-60.89100768, -33.56369927], [-60.89077069, -33.56358078], [-60.89066825, -33.5634216], [-60.89046837, -33.56325028], [-60.89030419, -33.56318604], [-60.89011859, -33.5629933], [-60.88996155, -33.56265066], [-60.88968315, -33.56237226], [-60.88948327, -33.56220808], [-60.88938334, -33.56202248], [-60.88933337, -33.56185116], [-60.88926198, -33.56165842], [-60.88916205, -33.56155848], [-60.88893362, -33.56142285], [-60.88881941, -33.56126581], [-60.88858384, -33.5611159], [-60.88826261, -33.56107307], [-60.8875916, -33.56090889], [-60.88691129, -33.56083746], [-60.88653512, -33.56077326], [-60.88635666, -33.56067332], [-60.88607827, -33.56042348], [-60.88587125, -33.56031641], [-60.88555956, -33.55996923], [-60.88511132, -33.55963686], [-60.88502179, -33.55935272], [-60.88490757, -33.55906719], [-60.88478622, -33.55883876], [-60.88456493, -33.55872455], [-60.88430795, -33.55860319], [-60.884001, -33.55854609], [-60.88378685, -33.55845329], [-60.88369405, -33.55836049], [-60.88340851, -33.55788222], [-60.88313725, -33.55760382], [-60.8827375, -33.55737539], [-60.88245197, -33.55716124], [-60.88230206, -33.55681146], [-60.88218785, -33.55669011], [-60.88202366, -33.55662586], [-60.88171671, -33.55664014], [-60.8814169, -33.55656875], [-60.88113137, -33.55639743], [-60.88095291, -33.55619756], [-60.88068879, -33.55593344], [-60.88030331, -33.55566932], [-60.87993783, -33.55553412], [-60.87984573, -33.55550005], [-60.87951652, -33.55538247], [-60.87916117, -33.55501973], [-60.87908979, -33.55473419], [-60.87861152, -33.55458428], [-60.87835454, -33.55452718], [-60.87809755, -33.55431303], [-60.87721953, -33.55379192], [-60.87647714, -33.5535278], [-60.87612736, -33.55324941], [-60.87579899, -33.55320658], [-60.87552086, -33.55319918], [-60.87512085, -33.55315661], [-60.87491384, -33.55296387], [-60.87488767, -33.55277865], [-60.87480676, -33.55262837], [-60.87442843, -33.55232142], [-60.87417144, -33.55220006], [-60.87325773, -33.55206443], [-60.87299361, -33.55200733], [-60.87285084, -33.55188598], [-60.87280087, -33.55172893], [-60.87262955, -33.55150764], [-60.87223694, -33.55146481], [-60.87150883, -33.55140057], [-60.87096631, -33.55099368], [-60.8701097, -33.55057251], [-60.86963857, -33.55041547], [-60.86907404, -33.55039651], [-60.86889384, -33.5502758], [-60.86889379, -33.55027577], [-60.86867489, -33.54958742], [-60.8680953, -33.54912239], [-60.86806099, -33.54909487], [-60.86768265, -33.54885216], [-60.86765293, -33.54881036], [-60.86745422, -33.54853094], [-60.867133, -33.54830251], [-60.86689743, -33.54832392], [-60.86662617, -33.54832392], [-60.86658334, -33.54825968], [-60.86606224, -33.54808122], [-60.86554026, -33.5479775], [-60.86495579, -33.54779568], [-60.86446324, -33.54768861], [-60.86404922, -33.54743876], [-60.86394214, -33.54729599], [-60.86377082, -33.54708898], [-60.86337821, -33.54696049], [-60.86293076, -33.5468631], [-60.86250733, -33.54700332], [-60.86230745, -33.54696049], [-60.86210758, -33.54677489], [-60.86171452, -33.54654451], [-60.86133663, -33.54633231], [-60.86094402, -33.54643085], [-60.86055855, -33.54643085], [-60.86013024, -33.54627521], [-60.8598388, -33.54628736], [-60.85910946, -33.54634659], [-60.85804584, -33.54604678], [-60.85759612, -33.5461253], [-60.85688942, -33.54610388], [-60.8561613, -33.54599681], [-60.85495492, -33.54591829], [-60.85474399, -33.5458285], [-60.85449925, -33.5457953], [-60.85425827, -33.54583598], [-60.85386122, -33.54590302], [-60.85379136, -33.54593256], [-60.85354152, -33.54595398], [-60.85270633, -33.5459397], [-60.85244934, -33.54583263], [-60.85220664, -33.54571701], [-60.85209956, -33.54556851], [-60.85177834, -33.54548285], [-60.85152849, -33.54548285], [-60.85126, -33.54565578], [-60.8510645, -33.54567558], [-60.85067902, -33.54561847], [-60.84997232, -33.54558278], [-60.84915855, -33.54556851], [-60.84870557, -33.54547906], [-60.8486253, -33.54542625], [-60.8483358, -33.54523579], [-60.84809493, -33.54485467], [-60.84800213, -33.54476901], [-60.84770232, -33.54464765], [-60.847531, -33.54464765], [-60.84735254, -33.54469762], [-60.84721596, -33.54479437], [-60.84718122, -33.54481898], [-60.84695279, -33.54496888], [-60.84666725, -33.54507596], [-60.8462104, -33.54516876], [-60.84585348, -33.54542574], [-60.84571355, -33.54566909], [-60.84477558, -33.54598967], [-60.8445186, -33.54603964], [-60.84432586, -33.54601822], [-60.84415454, -33.54595398], [-60.84379569, -33.5457445], [-60.84348353, -33.54553995], [-60.84330508, -33.54548998], [-60.8431052, -33.54552568], [-60.84295529, -33.54565417], [-60.84279111, -33.54582549], [-60.84253323, -33.54599079], [-60.8420752, -33.54581362], [-60.84182029, -33.54561134], [-60.84176318, -33.54543288], [-60.84166325, -33.54529725], [-60.84149906, -33.545233], [-60.84107076, -33.54512593], [-60.84034265, -33.54491891], [-60.84021416, -33.54479042], [-60.83961453, -33.54450489], [-60.83918623, -33.54433357], [-60.83886721, -33.54432], [-60.83847604, -33.54426796], [-60.83812975, -33.54426932], [-60.83800126, -33.54436212], [-60.83779761, -33.54459687], [-60.83755868, -33.5447119], [-60.83736594, -33.54475473], [-60.83713037, -33.54474045], [-60.83694478, -33.54464052], [-60.83618596, -33.54429471], [-60.83570984, -33.54419794], [-60.83470332, -33.5440052], [-60.83347894, -33.54401772], [-60.83254334, -33.54403961], [-60.83172662, -33.54406945], [-60.83134115, -33.54387293], [-60.83103419, -33.54366256], [-60.83066691, -33.54370381], [-60.83061673, -33.54370945], [-60.83034891, -33.5437268], [-60.83009907, -33.54365542], [-60.82996344, -33.54356976], [-60.82974929, -33.54319142], [-60.82971269, -33.54296903], [-60.82972073, -33.54273457], [-60.82964221, -33.54254897], [-60.8294923, -33.54234196], [-60.82931384, -33.54217777], [-60.82909969, -33.54213494], [-60.82875705, -33.54232768], [-60.82850766, -33.54253222], [-60.82803176, -33.54336504], [-60.82798611, -33.54365542], [-60.82786475, -33.54385529], [-60.82766488, -33.54401234], [-60.82724371, -33.544098], [-60.82695818, -33.5441908], [-60.82657271, -33.54423363], [-60.82630145, -33.54421221], [-60.82578748, -33.54401234], [-60.8254246, -33.54386648], [-60.82495938, -33.54383218], [-60.82468817, -33.54383388], [-60.82446688, -33.54371253], [-60.82431609, -33.5435755], [-60.82403144, -33.54329136], [-60.82367452, -33.54298441], [-60.82360314, -33.54279881], [-60.82346751, -33.5425918], [-60.82329619, -33.54247045], [-60.82299638, -33.54242048], [-60.82284647, -33.5424062], [-60.82275367, -33.54234196], [-60.82266087, -33.54221347], [-60.82243958, -33.5420707], [-60.8220898, -33.54189938], [-60.8217543, -33.5416995], [-60.8214759, -33.54149249], [-60.82112612, -33.54125692], [-60.82085486, -33.54107846], [-60.82050508, -33.54072868], [-60.82028379, -33.54057878], [-60.81991973, -33.54046456], [-60.81958423, -33.54032179], [-60.81929869, -33.54020044], [-60.81890608, -33.54027183], [-60.81824935, -33.54029324], [-60.81805661, -33.54042887], [-60.81799951, -33.54063588], [-60.818128, -33.54101422], [-60.81809231, -33.54143538], [-60.81797095, -33.54168523], [-60.81787102, -33.54204928], [-60.81794954, -33.54256325], [-60.81800665, -33.54277026], [-60.81810658, -33.54284164], [-60.81833546, -33.54289161], [-60.81842067, -33.54334847], [-60.81833546, -33.54350905], [-60.81831226, -33.54355278], [-60.81823507, -33.54369825]]]]}}]}